wbgt,continuous_exposure_minutes,next_travel_minutes,time_since_rest_minutes,cooling_spot_distance_m,heat_risk_score,risk_level,rest_status
23.99,61.47,12.39,97.44,150.85,48.97,CAUTION,REST_RECOMMENDED
26.09,128.87,11.86,49.68,1400.81,75.38,REST_REQUIRED,REST_BEFORE_NEXT_VISIT
28.12,123.23,34.35,108.54,1414.45,97.0,IMMEDIATE_REST,REST_BEFORE_NEXT_VISIT
25.82,82.19,30.67,97.9,1371.09,74.0,REST_REQUIRED,REST_BEFORE_NEXT_VISIT
28.98,57.62,24.29,93.69,1294.86,79.03,REST_REQUIRED,REST_BEFORE_NEXT_VISIT
30.54,99.73,39.07,163.66,1323.0,100.0,IMMEDIATE_REST,REST_BEFORE_NEXT_VISIT
25.88,122.59,14.29,78.48,291.43,69.62,REST_RECOMMENDED,REST_BEFORE_NEXT_VISIT
21.5,121.01,32.36,54.49,1379.67,50.0,REST_RECOMMENDED,REST_RECOMMENDED
28.57,96.93,27.71,99.44,843.31,92.0,IMMEDIATE_REST,REST_BEFORE_NEXT_VISIT
31.89,27.8,33.3,9.4,785.12,66.26,REST_RECOMMENDED,REST_RECOMMENDED
22.52,64.26,17.41,81.64,334.15,39.63,CAUTION,REST_RECOMMENDED
26.03,90.64,10.5,33.91,1054.35,68.0,REST_RECOMMENDED,REST_RECOMMENDED
32.0,71.53,43.82,142.87,1474.5,91.2,IMMEDIATE_REST,REST_BEFORE_NEXT_VISIT
24.84,84.37,21.75,52.65,1684.51,50.67,REST_RECOMMENDED,REST_RECOMMENDED
30.05,86.65,37.29,31.33,272.36,77.0,REST_REQUIRED,REST_BEFORE_NEXT_VISIT
23.63,109.97,18.8,108.12,818.08,58.81,REST_RECOMMENDED,REST_RECOMMENDED
21.4,76.27,21.87,54.16,1544.48,39.0,CAUTION,MOVABLE
24.04,93.39,19.73,61.41,1148.24,58.53,REST_RECOMMENDED,REST_RECOMMENDED
27.76,55.19,8.32,154.65,1054.41,57.37,REST_RECOMMENDED,REST_RECOMMENDED
26.02,92.0,25.86,67.76,940.83,74.0,REST_REQUIRED,REST_BEFORE_NEXT_VISIT
29.39,36.85,37.76,82.58,271.55,73.5,REST_REQUIRED,REST_BEFORE_NEXT_VISIT
22.08,19.9,19.12,171.24,2024.04,27.33,LOW,MOVABLE
29.27,81.62,16.1,72.26,718.79,77.0,REST_REQUIRED,REST_BEFORE_NEXT_VISIT
23.88,42.74,37.57,47.39,929.36,47.91,CAUTION,REST_RECOMMENDED
28.37,109.31,4.69,71.86,977.45,87.84,IMMEDIATE_REST,REST_BEFORE_NEXT_VISIT
28.22,103.12,23.76,69.4,719.74,95.21,IMMEDIATE_REST,REST_BEFORE_NEXT_VISIT
19.4,52.19,36.44,97.53,903.73,28.0,LOW,MOVABLE
29.28,124.33,22.86,107.87,1669.5,100.0,IMMEDIATE_REST,REST_BEFORE_NEXT_VISIT
24.95,13.54,29.78,72.58,1003.56,37.19,CAUTION,MOVABLE
32.67,35.78,45.44,63.69,1677.73,84.01,REST_REQUIRED,REST_BEFORE_NEXT_VISIT
23.43,132.07,10.24,32.8,835.3,53.42,REST_RECOMMENDED,REST_RECOMMENDED
31.56,144.2,33.56,35.76,623.98,88.46,IMMEDIATE_REST,REST_BEFORE_NEXT_VISIT
21.9,87.65,8.23,97.76,916.51,37.51,CAUTION,MOVABLE
18.79,104.37,20.42,43.91,272.55,38.77,CAUTION,MOVABLE
29.62,55.81,6.06,112.38,1085.0,75.54,REST_REQUIRED,REST_BEFORE_NEXT_VISIT
19.01,116.8,10.84,62.41,1290.25,37.0,CAUTION,MOVABLE
19.99,123.5,42.64,101.01,1831.35,49.32,CAUTION,REST_RECOMMENDED
31.89,100.82,16.94,19.81,1123.23,80.0,REST_REQUIRED,REST_BEFORE_NEXT_VISIT
24.87,72.64,44.96,95.21,1398.9,63.2,REST_RECOMMENDED,REST_RECOMMENDED
27.84,113.51,27.95,118.96,110.2,74.0,REST_REQUIRED,REST_BEFORE_NEXT_VISIT
28.71,95.77,9.27,77.06,335.54,82.79,REST_REQUIRED,REST_BEFORE_NEXT_VISIT
29.02,15.83,41.28,121.96,522.15,72.09,REST_REQUIRED,REST_BEFORE_NEXT_VISIT
24.83,74.77,23.15,97.97,1424.12,63.44,REST_RECOMMENDED,REST_RECOMMENDED
17.31,100.23,47.95,26.83,620.33,35.0,CAUTION,MOVABLE
21.0,52.05,29.39,86.69,1810.33,35.55,CAUTION,MOVABLE
22.46,107.08,40.21,149.17,1124.83,62.13,REST_RECOMMENDED,REST_RECOMMENDED
31.5,121.06,33.91,54.67,2313.45,95.17,IMMEDIATE_REST,REST_BEFORE_NEXT_VISIT
31.29,81.69,17.92,69.02,799.85,77.32,REST_REQUIRED,REST_BEFORE_NEXT_VISIT
19.31,121.99,10.69,151.93,382.42,41.33,CAUTION,REST_RECOMMENDED
24.3,131.43,10.11,167.02,668.35,64.23,REST_RECOMMENDED,REST_RECOMMENDED
33.4,95.9,30.38,29.92,2087.98,92.06,IMMEDIATE_REST,REST_BEFORE_NEXT_VISIT
25.97,10.9,49.52,93.05,47.41,52.83,REST_RECOMMENDED,REST_RECOMMENDED
28.34,50.68,19.54,42.17,1508.82,67.74,REST_RECOMMENDED,REST_RECOMMENDED
28.44,114.36,9.09,126.93,1725.79,87.0,IMMEDIATE_REST,REST_BEFORE_NEXT_VISIT
27.94,52.21,28.66,35.94,1495.53,56.59,REST_RECOMMENDED,REST_RECOMMENDED
24.06,18.66,24.36,60.61,1350.3,38.11,CAUTION,MOVABLE
19.2,20.84,38.96,105.74,522.31,22.41,LOW,MOVABLE
28.96,84.35,46.21,73.25,1670.99,89.76,IMMEDIATE_REST,REST_BEFORE_NEXT_VISIT
29.47,104.91,41.03,86.94,1542.55,96.9,IMMEDIATE_REST,REST_BEFORE_NEXT_VISIT
19.81,15.75,34.71,129.84,1820.29,23.81,LOW,MOVABLE
32.96,49.16,7.79,74.2,485.8,64.0,REST_RECOMMENDED,REST_RECOMMENDED
16.06,65.47,9.48,39.3,668.54,22.49,LOW,MOVABLE
16.52,76.33,22.1,106.84,99.21,37.19,CAUTION,MOVABLE
19.36,29.74,21.0,134.11,375.32,21.24,LOW,MOVABLE
23.07,107.65,23.78,18.24,427.82,51.0,REST_RECOMMENDED,REST_RECOMMENDED
26.02,55.12,42.43,62.63,1407.58,64.03,REST_RECOMMENDED,REST_RECOMMENDED
24.67,81.57,27.13,115.04,901.31,56.11,REST_RECOMMENDED,REST_RECOMMENDED
25.92,96.76,11.65,121.49,1360.64,78.77,REST_REQUIRED,REST_BEFORE_NEXT_VISIT
23.07,71.37,22.53,70.32,529.21,52.85,REST_RECOMMENDED,REST_RECOMMENDED
32.03,69.01,40.43,69.54,745.37,92.13,IMMEDIATE_REST,REST_BEFORE_NEXT_VISIT
22.52,90.71,22.82,50.75,254.81,44.52,CAUTION,REST_RECOMMENDED
24.01,14.99,5.01,82.48,273.7,24.0,LOW,MOVABLE
20.25,12.86,4.19,55.81,1248.07,10.1,LOW,MOVABLE
25.47,87.42,15.85,51.73,1477.25,64.27,REST_RECOMMENDED,REST_RECOMMENDED
30.45,100.81,40.52,149.81,1046.41,97.88,IMMEDIATE_REST,REST_BEFORE_NEXT_VISIT
32.89,123.21,7.93,63.25,380.42,83.68,REST_REQUIRED,REST_BEFORE_NEXT_VISIT
27.75,77.72,9.96,124.23,1149.93,68.05,REST_RECOMMENDED,REST_RECOMMENDED
26.68,96.68,13.29,124.29,1511.48,75.0,REST_REQUIRED,REST_BEFORE_NEXT_VISIT
23.59,150.18,7.74,107.15,1313.12,61.56,REST_RECOMMENDED,REST_RECOMMENDED
27.89,79.55,39.97,14.15,87.89,60.88,REST_RECOMMENDED,REST_RECOMMENDED
22.45,91.5,20.66,87.98,548.04,49.0,CAUTION,REST_RECOMMENDED
27.84,130.02,27.03,30.63,1178.89,75.32,REST_REQUIRED,REST_BEFORE_NEXT_VISIT
25.5,107.56,16.03,34.99,605.2,66.15,REST_RECOMMENDED,REST_RECOMMENDED
27.43,44.2,33.4,40.85,418.89,62.11,REST_RECOMMENDED,REST_RECOMMENDED
31.22,101.52,6.96,106.43,774.29,88.82,IMMEDIATE_REST,REST_BEFORE_NEXT_VISIT
19.72,88.33,39.35,124.89,396.31,41.3,CAUTION,REST_RECOMMENDED
26.5,22.84,24.29,47.89,289.03,42.0,CAUTION,REST_RECOMMENDED
24.88,80.3,28.02,125.46,1368.48,58.95,REST_RECOMMENDED,REST_RECOMMENDED
27.18,91.93,29.54,121.96,199.95,80.85,REST_REQUIRED,REST_BEFORE_NEXT_VISIT
27.36,65.95,12.86,8.1,1188.87,57.0,REST_RECOMMENDED,REST_RECOMMENDED
27.08,60.56,50.26,131.36,652.3,78.23,REST_REQUIRED,REST_BEFORE_NEXT_VISIT
30.85,60.55,23.45,24.52,314.66,73.77,REST_REQUIRED,REST_BEFORE_NEXT_VISIT
32.05,36.86,41.13,39.25,851.01,73.34,REST_REQUIRED,REST_BEFORE_NEXT_VISIT
23.96,57.25,20.67,38.19,618.42,38.28,CAUTION,MOVABLE
21.47,44.3,48.2,17.25,1043.43,34.53,CAUTION,MOVABLE
18.58,93.39,42.67,32.5,324.67,40.76,CAUTION,REST_RECOMMENDED
32.85,51.27,41.08,117.87,1384.61,84.78,REST_REQUIRED,REST_BEFORE_NEXT_VISIT
20.73,63.74,22.69,18.63,962.36,24.0,LOW,MOVABLE
24.09,24.31,23.1,109.38,318.86,41.79,CAUTION,REST_RECOMMENDED
25.2,64.12,27.86,27.2,1483.27,61.0,REST_RECOMMENDED,REST_RECOMMENDED
22.08,84.24,15.18,71.82,1191.92,43.9,CAUTION,REST_RECOMMENDED
25.12,43.84,14.67,88.2,1891.49,61.37,REST_RECOMMENDED,REST_RECOMMENDED
32.37,107.75,21.27,111.26,1807.28,95.28,IMMEDIATE_REST,REST_BEFORE_NEXT_VISIT
16.0,38.58,23.24,44.46,744.97,21.48,LOW,MOVABLE
21.95,109.54,15.43,88.55,512.27,47.2,CAUTION,REST_RECOMMENDED
22.87,169.72,40.08,144.87,561.29,55.0,REST_RECOMMENDED,REST_RECOMMENDED
28.27,66.01,19.03,99.17,907.66,85.47,IMMEDIATE_REST,REST_BEFORE_NEXT_VISIT
19.68,118.6,16.29,101.83,754.98,39.73,CAUTION,REST_RECOMMENDED
24.09,64.48,37.17,116.3,219.84,56.46,REST_RECOMMENDED,REST_RECOMMENDED
21.96,70.14,38.63,12.34,1086.05,45.18,CAUTION,REST_RECOMMENDED
26.24,82.24,6.53,112.73,485.33,63.37,REST_RECOMMENDED,REST_RECOMMENDED
23.53,77.72,32.8,124.59,1144.25,62.36,REST_RECOMMENDED,REST_RECOMMENDED
20.87,106.86,10.45,100.27,2050.35,49.16,CAUTION,REST_RECOMMENDED
29.38,103.78,22.42,64.01,872.66,94.27,IMMEDIATE_REST,REST_BEFORE_NEXT_VISIT
30.47,110.01,10.95,64.84,495.66,88.68,IMMEDIATE_REST,REST_BEFORE_NEXT_VISIT
27.75,66.22,41.78,121.03,841.67,74.69,REST_REQUIRED,REST_BEFORE_NEXT_VISIT
32.44,48.53,17.75,99.13,1474.17,77.92,REST_REQUIRED,REST_BEFORE_NEXT_VISIT
22.06,95.49,41.46,97.26,739.52,61.16,REST_RECOMMENDED,REST_RECOMMENDED
27.78,95.69,37.72,105.59,1944.51,84.96,REST_REQUIRED,REST_BEFORE_NEXT_VISIT
22.33,41.18,8.66,78.19,872.61,25.0,LOW,MOVABLE
28.8,69.09,36.69,55.23,1561.34,86.31,IMMEDIATE_REST,REST_BEFORE_NEXT_VISIT
26.01,77.65,8.37,106.48,275.54,64.6,REST_RECOMMENDED,REST_RECOMMENDED
28.56,60.55,35.74,118.57,1282.38,90.78,IMMEDIATE_REST,REST_BEFORE_NEXT_VISIT
20.28,104.82,32.38,104.67,575.21,47.1,CAUTION,REST_RECOMMENDED
29.81,123.97,10.11,79.68,623.8,85.62,IMMEDIATE_REST,REST_BEFORE_NEXT_VISIT
32.16,138.32,8.69,105.2,139.16,87.56,IMMEDIATE_REST,REST_BEFORE_NEXT_VISIT
16.16,62.06,31.85,74.39,953.36,35.94,CAUTION,MOVABLE
17.55,34.97,7.84,46.19,2095.46,14.75,LOW,MOVABLE
30.44,9.99,23.56,158.49,1306.79,71.02,REST_REQUIRED,REST_BEFORE_NEXT_VISIT
23.16,19.21,13.34,48.19,1666.49,33.01,CAUTION,MOVABLE
24.71,32.6,36.89,133.48,749.94,53.42,REST_RECOMMENDED,REST_RECOMMENDED
18.4,49.19,3.97,107.44,282.16,19.1,LOW,MOVABLE
25.2,101.24,7.99,105.61,528.91,72.72,REST_REQUIRED,REST_BEFORE_NEXT_VISIT
27.87,37.24,15.1,43.0,576.68,50.27,REST_RECOMMENDED,REST_RECOMMENDED
30.78,88.14,31.24,79.53,1191.26,89.44,IMMEDIATE_REST,REST_BEFORE_NEXT_VISIT
33.59,135.98,23.4,68.57,638.62,91.72,IMMEDIATE_REST,REST_BEFORE_NEXT_VISIT
18.19,92.35,33.51,38.87,1045.25,45.6,CAUTION,REST_RECOMMENDED
23.85,54.98,51.59,83.86,1985.29,52.3,REST_RECOMMENDED,REST_RECOMMENDED
26.52,42.71,22.68,109.25,416.13,64.0,REST_RECOMMENDED,REST_RECOMMENDED
26.93,33.68,19.22,95.35,272.69,61.45,REST_RECOMMENDED,REST_RECOMMENDED
28.22,96.23,46.18,115.2,521.34,100.0,IMMEDIATE_REST,REST_BEFORE_NEXT_VISIT
23.84,53.56,40.26,53.62,1041.45,47.27,CAUTION,REST_RECOMMENDED
22.66,119.88,7.24,134.82,1077.42,51.17,REST_RECOMMENDED,REST_RECOMMENDED
23.01,60.21,34.29,60.13,2578.17,61.34,REST_RECOMMENDED,REST_RECOMMENDED
18.99,86.11,31.42,73.15,705.14,42.13,CAUTION,REST_RECOMMENDED
21.9,39.19,32.64,46.61,448.12,31.48,CAUTION,MOVABLE
25.79,104.8,3.3,16.54,1224.04,63.42,REST_RECOMMENDED,REST_RECOMMENDED
31.86,111.16,30.97,107.73,408.64,95.76,IMMEDIATE_REST,REST_BEFORE_NEXT_VISIT
31.1,32.16,36.28,23.7,586.72,74.82,REST_REQUIRED,REST_BEFORE_NEXT_VISIT
31.54,102.68,20.74,52.87,1845.18,94.74,IMMEDIATE_REST,REST_BEFORE_NEXT_VISIT
22.19,64.38,8.41,105.96,1593.63,40.4,CAUTION,REST_RECOMMENDED
24.55,103.51,11.52,49.11,857.02,54.51,REST_RECOMMENDED,REST_RECOMMENDED
31.24,13.06,7.71,13.36,1204.65,60.63,REST_RECOMMENDED,REST_RECOMMENDED
33.24,59.54,37.94,17.67,778.25,72.14,REST_REQUIRED,REST_BEFORE_NEXT_VISIT
27.98,53.58,8.74,68.67,644.6,53.23,REST_RECOMMENDED,REST_RECOMMENDED
20.18,47.02,34.38,48.3,487.3,26.53,LOW,MOVABLE
24.94,45.18,26.53,130.3,1849.74,48.55,CAUTION,REST_RECOMMENDED
24.8,19.42,16.16,123.47,1012.94,44.99,CAUTION,REST_RECOMMENDED
28.52,142.99,26.64,109.19,1159.36,100.0,IMMEDIATE_REST,REST_BEFORE_NEXT_VISIT
31.17,74.35,6.21,160.45,1431.37,79.0,REST_REQUIRED,REST_BEFORE_NEXT_VISIT
25.14,110.08,4.98,36.79,1604.38,65.39,REST_RECOMMENDED,REST_RECOMMENDED
32.56,86.11,16.77,64.87,290.05,76.25,REST_REQUIRED,REST_BEFORE_NEXT_VISIT
31.65,93.83,25.16,68.73,1294.64,91.84,IMMEDIATE_REST,REST_BEFORE_NEXT_VISIT
31.98,107.55,30.23,70.68,395.57,91.0,IMMEDIATE_REST,REST_BEFORE_NEXT_VISIT
20.62,115.56,17.99,66.93,499.47,34.0,CAUTION,MOVABLE
28.43,103.63,21.46,21.72,2024.93,85.9,IMMEDIATE_REST,REST_BEFORE_NEXT_VISIT
18.9,103.91,3.72,101.15,1199.33,38.52,CAUTION,MOVABLE
21.69,60.8,24.32,155.98,2153.79,52.62,REST_RECOMMENDED,REST_RECOMMENDED
31.84,71.96,13.35,126.71,1476.78,88.1,IMMEDIATE_REST,REST_BEFORE_NEXT_VISIT
20.99,84.33,50.35,24.34,670.68,30.33,CAUTION,MOVABLE
20.2,38.67,19.63,47.41,1357.28,19.19,LOW,MOVABLE
30.38,25.12,44.95,101.8,2196.13,72.81,REST_REQUIRED,REST_BEFORE_NEXT_VISIT
24.09,10.23,16.77,83.14,932.61,35.71,CAUTION,MOVABLE
21.28,50.83,29.95,58.06,326.53,27.0,LOW,MOVABLE
22.66,86.27,7.98,43.77,358.74,31.34,CAUTION,MOVABLE
31.23,64.68,12.74,136.47,1623.52,82.94,REST_REQUIRED,REST_BEFORE_NEXT_VISIT
18.41,81.43,24.39,84.51,832.42,41.89,CAUTION,REST_RECOMMENDED
32.07,68.83,41.16,94.31,343.98,89.82,IMMEDIATE_REST,REST_BEFORE_NEXT_VISIT
31.64,57.61,15.02,117.5,1607.67,81.05,REST_REQUIRED,REST_BEFORE_NEXT_VISIT
24.79,74.57,19.62,79.58,528.97,50.98,REST_RECOMMENDED,REST_RECOMMENDED
22.12,54.81,23.15,117.16,380.82,40.13,CAUTION,REST_RECOMMENDED
20.21,29.65,31.03,165.53,331.08,22.21,LOW,MOVABLE
33.75,116.36,23.88,84.4,736.94,90.33,IMMEDIATE_REST,REST_BEFORE_NEXT_VISIT
20.93,43.2,11.68,51.6,120.26,11.0,LOW,MOVABLE
19.66,60.62,42.77,53.75,1160.11,32.0,CAUTION,MOVABLE
26.4,126.95,1.29,152.63,411.43,73.31,REST_REQUIRED,REST_BEFORE_NEXT_VISIT
33.11,60.02,51.72,112.55,55.53,93.84,IMMEDIATE_REST,REST_BEFORE_NEXT_VISIT
31.88,89.76,26.18,23.27,942.47,74.0,REST_REQUIRED,REST_BEFORE_NEXT_VISIT
20.54,33.08,49.51,89.63,207.74,23.86,LOW,MOVABLE
24.1,121.06,27.68,122.63,762.75,67.67,REST_RECOMMENDED,REST_RECOMMENDED
17.65,62.95,43.92,61.09,1196.62,38.65,CAUTION,MOVABLE
19.96,70.5,51.75,29.61,606.75,34.8,CAUTION,MOVABLE
26.91,37.79,26.06,76.45,611.56,62.17,REST_RECOMMENDED,REST_RECOMMENDED
26.43,33.57,33.66,48.04,738.14,56.0,REST_RECOMMENDED,REST_RECOMMENDED
17.15,24.43,36.79,92.34,1263.03,25.2,LOW,MOVABLE
26.42,57.51,19.46,58.25,2035.87,56.52,REST_RECOMMENDED,REST_RECOMMENDED
20.93,124.35,34.63,122.48,286.89,45.21,CAUTION,REST_RECOMMENDED
20.12,130.91,24.93,84.87,907.06,43.67,CAUTION,REST_RECOMMENDED
25.44,134.58,48.71,82.67,1398.11,80.46,REST_REQUIRED,REST_BEFORE_NEXT_VISIT
24.18,66.13,28.67,134.0,512.97,60.14,REST_RECOMMENDED,REST_RECOMMENDED
33.21,26.68,16.09,138.06,1277.54,66.39,REST_RECOMMENDED,REST_RECOMMENDED
25.3,58.78,27.37,125.34,698.12,60.0,REST_RECOMMENDED,REST_RECOMMENDED
21.05,25.88,48.04,42.04,1263.79,25.24,LOW,MOVABLE
29.77,72.57,11.54,48.75,2187.24,77.1,REST_REQUIRED,REST_BEFORE_NEXT_VISIT
25.15,68.71,21.43,128.7,1755.42,74.31,REST_REQUIRED,REST_BEFORE_NEXT_VISIT
28.9,34.83,3.51,33.34,1241.14,63.0,REST_RECOMMENDED,REST_RECOMMENDED
23.02,38.41,16.96,60.19,347.93,39.81,CAUTION,REST_RECOMMENDED
28.84,77.68,3.02,58.66,951.89,74.56,REST_REQUIRED,REST_BEFORE_NEXT_VISIT
18.02,59.67,10.51,110.08,761.23,28.15,LOW,MOVABLE
27.91,88.65,39.55,98.05,1835.46,74.0,REST_REQUIRED,REST_BEFORE_NEXT_VISIT
23.99,115.17,21.44,101.75,793.55,62.09,REST_RECOMMENDED,REST_RECOMMENDED
19.28,48.93,17.97,115.08,998.07,28.79,LOW,MOVABLE
25.69,11.42,12.57,61.04,374.38,47.11,CAUTION,REST_RECOMMENDED
18.39,124.81,17.79,112.51,1213.35,40.06,CAUTION,REST_RECOMMENDED
24.2,132.82,21.58,73.31,172.01,60.78,REST_RECOMMENDED,REST_RECOMMENDED
27.48,97.88,41.83,61.51,621.66,81.6,REST_REQUIRED,REST_BEFORE_NEXT_VISIT
30.47,43.79,40.62,88.34,229.8,72.0,REST_REQUIRED,REST_BEFORE_NEXT_VISIT
28.2,35.46,37.34,98.2,1384.08,83.68,REST_REQUIRED,REST_BEFORE_NEXT_VISIT
22.15,62.81,16.01,38.8,538.72,33.92,CAUTION,MOVABLE
23.99,64.35,27.61,77.52,1366.57,56.14,REST_RECOMMENDED,REST_RECOMMENDED
18.0,120.22,23.27,33.15,808.52,38.61,CAUTION,MOVABLE
24.34,81.05,16.51,85.44,59.63,50.0,REST_RECOMMENDED,REST_RECOMMENDED
25.8,51.82,23.08,107.62,1419.3,68.09,REST_RECOMMENDED,REST_RECOMMENDED
31.74,119.64,26.54,146.22,859.71,99.34,IMMEDIATE_REST,REST_BEFORE_NEXT_VISIT
25.25,33.93,8.83,54.68,100.27,48.1,CAUTION,REST_RECOMMENDED
21.3,122.56,33.12,74.92,294.56,55.56,REST_RECOMMENDED,REST_RECOMMENDED
27.46,58.14,24.9,9.87,754.29,50.0,REST_RECOMMENDED,REST_RECOMMENDED
24.0,139.31,25.7,56.62,1498.24,63.96,REST_RECOMMENDED,REST_RECOMMENDED
28.85,35.24,35.79,46.68,837.82,76.07,REST_REQUIRED,REST_BEFORE_NEXT_VISIT
24.07,51.22,35.73,41.47,488.67,49.09,CAUTION,REST_RECOMMENDED
25.55,81.69,32.21,43.84,1636.39,73.1,REST_REQUIRED,REST_BEFORE_NEXT_VISIT
23.91,118.5,28.13,39.22,707.93,55.63,REST_RECOMMENDED,REST_RECOMMENDED
25.62,44.52,54.49,105.98,1124.06,70.14,REST_REQUIRED,REST_BEFORE_NEXT_VISIT
24.67,21.25,27.34,152.18,34.44,39.0,CAUTION,MOVABLE
28.06,77.75,38.38,75.21,906.09,88.48,IMMEDIATE_REST,REST_BEFORE_NEXT_VISIT
18.57,20.53,32.08,48.72,811.34,21.7,LOW,MOVABLE
24.53,28.27,43.3,47.14,1254.6,40.36,CAUTION,REST_RECOMMENDED
25.34,116.57,2.66,61.22,270.96,66.53,REST_RECOMMENDED,REST_RECOMMENDED
32.91,124.77,15.57,99.33,536.84,90.75,IMMEDIATE_REST,REST_BEFORE_NEXT_VISIT
29.83,33.69,1.99,127.58,995.05,71.77,REST_REQUIRED,REST_BEFORE_NEXT_VISIT
23.7,33.57,32.47,168.68,521.95,52.0,REST_RECOMMENDED,REST_RECOMMENDED
32.64,42.89,24.27,9.55,602.79,66.04,REST_RECOMMENDED,REST_RECOMMENDED
26.45,134.82,3.45,105.58,1082.11,75.87,REST_REQUIRED,REST_BEFORE_NEXT_VISIT
29.43,92.3,40.32,58.2,1089.38,91.02,IMMEDIATE_REST,REST_BEFORE_NEXT_VISIT
30.26,53.31,25.63,16.86,344.68,64.0,REST_RECOMMENDED,REST_RECOMMENDED
33.0,123.44,20.23,66.86,499.9,91.32,IMMEDIATE_REST,REST_BEFORE_NEXT_VISIT
26.3,114.43,27.23,70.72,1935.99,76.0,REST_REQUIRED,REST_BEFORE_NEXT_VISIT
31.98,47.95,20.77,86.9,1012.48,77.73,REST_REQUIRED,REST_BEFORE_NEXT_VISIT
21.53,156.11,6.01,110.66,1564.36,47.02,CAUTION,REST_RECOMMENDED
30.68,41.67,51.39,103.95,1350.23,82.21,REST_REQUIRED,REST_BEFORE_NEXT_VISIT
27.58,71.37,45.49,148.76,1980.4,74.27,REST_REQUIRED,REST_BEFORE_NEXT_VISIT
27.02,63.34,1.72,30.8,993.05,57.54,REST_RECOMMENDED,REST_RECOMMENDED
23.2,117.8,14.81,63.6,251.8,57.97,REST_RECOMMENDED,REST_RECOMMENDED
32.1,46.2,44.62,35.64,1715.26,73.23,REST_REQUIRED,REST_BEFORE_NEXT_VISIT
28.21,131.13,20.17,64.99,847.06,93.14,IMMEDIATE_REST,REST_BEFORE_NEXT_VISIT
27.09,9.44,41.28,111.5,489.8,58.82,REST_RECOMMENDED,REST_RECOMMENDED
25.25,82.09,46.74,93.55,1393.17,74.0,REST_REQUIRED,REST_BEFORE_NEXT_VISIT
17.07,100.78,35.16,84.98,381.38,47.05,CAUTION,REST_RECOMMENDED
30.69,94.21,20.39,95.71,906.2,96.76,IMMEDIATE_REST,REST_BEFORE_NEXT_VISIT
20.45,48.96,19.77,128.7,748.8,26.16,LOW,MOVABLE
31.35,37.1,52.17,49.45,577.99,75.34,REST_REQUIRED,REST_BEFORE_NEXT_VISIT
30.52,58.4,25.2,33.46,246.54,68.0,REST_RECOMMENDED,REST_RECOMMENDED
27.64,106.72,48.35,90.7,2106.32,87.42,IMMEDIATE_REST,REST_BEFORE_NEXT_VISIT
20.17,75.52,32.46,63.47,1038.56,39.66,CAUTION,REST_RECOMMENDED
19.53,97.84,45.59,76.1,1419.21,46.09,CAUTION,REST_RECOMMENDED
26.59,60.0,21.14,82.19,952.84,66.97,REST_RECOMMENDED,REST_RECOMMENDED
26.51,60.38,19.8,65.27,1134.61,64.13,REST_RECOMMENDED,REST_RECOMMENDED
17.97,30.28,4.24,87.19,358.06,14.0,LOW,MOVABLE
25.74,129.58,15.33,56.86,1561.8,72.98,REST_REQUIRED,REST_BEFORE_NEXT_VISIT
18.58,127.05,2.62,53.83,959.34,35.5,CAUTION,MOVABLE
22.4,154.94,7.6,73.63,65.35,42.13,CAUTION,REST_RECOMMENDED
26.64,118.95,23.36,24.03,555.69,72.77,REST_REQUIRED,REST_BEFORE_NEXT_VISIT
18.34,55.33,4.59,16.29,474.76,7.29,LOW,MOVABLE
20.71,86.35,22.56,92.54,214.97,39.97,CAUTION,REST_RECOMMENDED
23.53,64.19,12.89,159.83,1836.5,60.54,REST_RECOMMENDED,REST_RECOMMENDED
27.29,113.1,37.69,144.07,598.6,80.0,REST_REQUIRED,REST_BEFORE_NEXT_VISIT
24.86,35.87,8.22,35.49,1140.6,34.6,CAUTION,MOVABLE
19.91,152.4,27.43,74.52,760.79,40.27,CAUTION,REST_RECOMMENDED
25.5,129.44,29.96,121.87,228.14,78.05,REST_REQUIRED,REST_BEFORE_NEXT_VISIT
27.28,82.1,25.98,66.75,836.02,71.86,REST_REQUIRED,REST_BEFORE_NEXT_VISIT
21.56,83.66,42.37,34.19,1115.44,46.67,CAUTION,REST_RECOMMENDED
25.76,65.45,27.41,26.35,918.18,59.0,REST_RECOMMENDED,REST_RECOMMENDED
33.31,90.56,38.74,50.98,180.68,86.97,IMMEDIATE_REST,REST_BEFORE_NEXT_VISIT
20.38,95.38,24.99,165.39,1136.62,47.93,CAUTION,REST_RECOMMENDED
29.24,57.85,17.24,85.96,1007.43,78.14,REST_REQUIRED,REST_BEFORE_NEXT_VISIT
33.91,37.55,31.71,58.18,873.5,71.0,REST_REQUIRED,REST_BEFORE_NEXT_VISIT
21.18,66.92,21.97,91.29,1084.01,48.43,CAUTION,REST_RECOMMENDED
20.82,86.7,13.51,112.8,304.96,29.0,LOW,MOVABLE
30.43,64.36,39.41,107.81,1023.91,92.66,IMMEDIATE_REST,REST_BEFORE_NEXT_VISIT
21.31,71.74,22.32,117.88,672.02,45.18,CAUTION,REST_RECOMMENDED
20.93,54.68,12.2,70.23,377.64,18.77,LOW,MOVABLE
22.51,24.88,34.4,31.57,1010.09,25.0,LOW,MOVABLE
31.36,47.07,39.14,21.21,1179.27,74.03,REST_REQUIRED,REST_BEFORE_NEXT_VISIT
20.9,55.79,30.62,49.62,2242.81,27.17,LOW,MOVABLE
18.69,87.11,32.4,88.37,699.94,37.78,CAUTION,MOVABLE
24.03,45.52,21.38,38.57,1131.16,43.92,CAUTION,REST_RECOMMENDED
32.31,63.27,44.12,78.43,253.19,85.13,IMMEDIATE_REST,REST_BEFORE_NEXT_VISIT
27.36,118.67,21.65,71.59,358.12,73.0,REST_REQUIRED,REST_BEFORE_NEXT_VISIT
26.2,126.17,21.38,74.92,354.81,75.0,REST_REQUIRED,REST_BEFORE_NEXT_VISIT
32.83,112.33,19.4,55.24,826.75,82.75,REST_REQUIRED,REST_BEFORE_NEXT_VISIT
23.12,64.17,11.1,53.4,275.81,42.47,CAUTION,REST_RECOMMENDED
27.96,36.78,14.01,164.59,2153.26,60.4,REST_RECOMMENDED,REST_RECOMMENDED
21.06,99.25,30.17,72.03,400.27,51.0,REST_RECOMMENDED,REST_RECOMMENDED
26.7,20.72,27.09,100.68,264.81,52.96,REST_RECOMMENDED,REST_RECOMMENDED
31.33,125.05,15.2,42.23,985.67,81.0,REST_REQUIRED,REST_BEFORE_NEXT_VISIT
25.45,65.89,37.72,108.9,176.87,71.4,REST_REQUIRED,REST_BEFORE_NEXT_VISIT
26.28,120.39,10.04,124.44,128.82,70.0,REST_REQUIRED,REST_BEFORE_NEXT_VISIT
21.41,29.84,26.8,94.19,1272.72,29.0,LOW,MOVABLE
20.73,75.32,21.32,90.54,708.63,39.54,CAUTION,REST_RECOMMENDED
20.6,105.88,18.02,97.56,1089.84,40.75,CAUTION,REST_RECOMMENDED
32.56,35.35,40.36,76.06,2223.22,83.53,REST_REQUIRED,REST_BEFORE_NEXT_VISIT
23.24,98.86,26.84,107.58,1138.64,64.0,REST_RECOMMENDED,REST_RECOMMENDED
24.57,31.87,31.03,77.39,2094.07,48.07,CAUTION,REST_RECOMMENDED
28.94,87.2,40.0,96.36,179.46,84.18,REST_REQUIRED,REST_BEFORE_NEXT_VISIT
23.24,17.3,53.58,25.47,45.33,27.0,LOW,MOVABLE
23.33,97.46,7.63,117.79,592.47,67.31,REST_RECOMMENDED,REST_RECOMMENDED
24.29,99.82,3.4,17.75,1085.92,48.5,CAUTION,REST_RECOMMENDED
25.67,45.25,30.59,123.49,885.95,72.71,REST_REQUIRED,REST_BEFORE_NEXT_VISIT
28.57,63.86,10.31,122.62,1013.9,92.52,IMMEDIATE_REST,REST_BEFORE_NEXT_VISIT
20.71,50.57,30.74,68.07,71.2,25.76,LOW,MOVABLE
33.36,74.99,23.15,132.8,522.9,92.49,IMMEDIATE_REST,REST_BEFORE_NEXT_VISIT
27.25,38.08,17.94,56.32,719.58,49.66,CAUTION,REST_RECOMMENDED
22.63,104.6,20.39,65.11,1002.17,52.11,REST_RECOMMENDED,REST_RECOMMENDED
32.95,84.83,14.09,64.37,1506.98,81.65,REST_REQUIRED,REST_BEFORE_NEXT_VISIT
30.5,119.9,47.81,63.6,1344.34,99.97,IMMEDIATE_REST,REST_BEFORE_NEXT_VISIT
31.71,38.78,17.92,44.0,759.46,68.94,REST_RECOMMENDED,REST_RECOMMENDED
34.51,104.74,8.89,97.02,1399.84,88.36,IMMEDIATE_REST,REST_BEFORE_NEXT_VISIT
30.31,68.53,29.09,72.1,1220.75,89.3,IMMEDIATE_REST,REST_BEFORE_NEXT_VISIT
26.75,96.23,2.72,89.41,916.03,68.69,REST_RECOMMENDED,REST_RECOMMENDED
29.41,153.19,25.9,43.14,740.58,91.02,IMMEDIATE_REST,REST_BEFORE_NEXT_VISIT
30.87,107.73,9.0,138.69,228.55,90.38,IMMEDIATE_REST,REST_BEFORE_NEXT_VISIT
17.39,19.52,37.5,47.13,1330.62,15.99,LOW,MOVABLE
17.64,8.43,20.86,115.6,1509.07,21.0,LOW,MOVABLE
20.37,83.73,8.46,137.89,1118.0,31.51,CAUTION,MOVABLE
28.65,52.56,32.16,15.79,470.75,67.0,REST_RECOMMENDED,REST_RECOMMENDED
23.21,26.05,33.54,120.01,2062.0,47.58,CAUTION,REST_RECOMMENDED
18.08,124.65,25.42,71.14,607.31,42.11,CAUTION,REST_RECOMMENDED
23.07,78.76,30.04,29.75,597.91,50.75,REST_RECOMMENDED,REST_RECOMMENDED
26.18,58.01,18.86,139.63,1754.17,58.0,REST_RECOMMENDED,REST_RECOMMENDED
29.04,50.21,47.37,98.57,635.57,79.89,REST_REQUIRED,REST_BEFORE_NEXT_VISIT
21.57,30.72,55.87,62.61,1466.95,37.43,CAUTION,MOVABLE
27.01,70.29,37.21,30.41,451.79,69.99,REST_RECOMMENDED,REST_BEFORE_NEXT_VISIT
26.45,67.65,23.57,125.25,601.81,72.35,REST_REQUIRED,REST_BEFORE_NEXT_VISIT
33.13,115.64,6.32,36.25,924.29,83.4,REST_REQUIRED,REST_BEFORE_NEXT_VISIT
26.17,89.99,0.63,44.91,1444.04,57.0,REST_RECOMMENDED,REST_RECOMMENDED
30.25,113.63,3.34,57.7,1637.5,82.7,REST_REQUIRED,REST_BEFORE_NEXT_VISIT
30.26,67.45,27.48,52.63,1041.43,80.76,REST_REQUIRED,REST_BEFORE_NEXT_VISIT
18.32,73.39,31.22,73.19,746.03,35.5,CAUTION,MOVABLE
21.44,53.45,19.55,122.7,344.22,38.47,CAUTION,MOVABLE
30.83,36.98,40.51,128.6,1071.98,82.92,REST_REQUIRED,REST_BEFORE_NEXT_VISIT
26.36,25.36,9.58,64.07,1454.55,44.0,CAUTION,REST_RECOMMENDED
25.58,94.33,14.81,52.01,549.29,66.0,REST_RECOMMENDED,REST_RECOMMENDED
20.79,95.29,27.81,122.96,514.59,47.66,CAUTION,REST_RECOMMENDED
31.81,110.58,15.36,128.82,1434.53,93.23,IMMEDIATE_REST,REST_BEFORE_NEXT_VISIT
28.56,63.98,33.07,74.89,1717.53,91.06,IMMEDIATE_REST,REST_BEFORE_NEXT_VISIT
20.5,94.54,14.23,70.0,767.22,43.71,CAUTION,REST_RECOMMENDED
19.35,111.17,20.81,67.4,1039.04,46.36,CAUTION,REST_RECOMMENDED
31.16,44.35,18.14,43.77,1885.16,69.62,REST_RECOMMENDED,REST_BEFORE_NEXT_VISIT
19.12,108.18,9.7,56.74,384.56,29.24,LOW,MOVABLE
27.78,39.47,16.23,73.59,922.83,57.76,REST_RECOMMENDED,REST_RECOMMENDED
28.8,42.88,26.38,86.88,138.41,70.81,REST_REQUIRED,REST_BEFORE_NEXT_VISIT
31.52,104.77,20.26,87.23,513.22,90.77,IMMEDIATE_REST,REST_BEFORE_NEXT_VISIT
28.75,93.23,14.12,110.9,1009.47,94.15,IMMEDIATE_REST,REST_BEFORE_NEXT_VISIT
24.8,53.12,28.58,103.18,1960.29,54.12,REST_RECOMMENDED,REST_RECOMMENDED
29.56,24.1,24.68,103.9,1208.24,71.32,REST_REQUIRED,REST_BEFORE_NEXT_VISIT
26.98,18.36,28.35,114.57,1882.87,54.0,REST_RECOMMENDED,REST_RECOMMENDED
28.51,85.92,23.38,66.08,532.87,81.98,REST_REQUIRED,REST_BEFORE_NEXT_VISIT
29.5,39.98,28.49,123.68,1265.41,81.03,REST_REQUIRED,REST_BEFORE_NEXT_VISIT
16.82,58.43,25.24,17.57,569.72,16.18,LOW,MOVABLE
26.27,160.33,16.97,45.98,1611.11,72.14,REST_REQUIRED,REST_BEFORE_NEXT_VISIT
28.66,20.74,37.38,69.09,1219.45,69.94,REST_RECOMMENDED,REST_BEFORE_NEXT_VISIT
26.29,44.03,27.73,55.09,673.97,56.26,REST_RECOMMENDED,REST_RECOMMENDED
26.05,88.52,16.64,118.83,1678.97,71.15,REST_REQUIRED,REST_BEFORE_NEXT_VISIT
26.08,86.28,52.39,37.26,126.85,62.0,REST_RECOMMENDED,REST_RECOMMENDED
21.96,58.32,15.31,96.7,681.6,37.9,CAUTION,MOVABLE
27.41,16.73,48.76,42.36,1124.12,58.31,REST_RECOMMENDED,REST_RECOMMENDED
24.06,64.95,13.15,80.9,1482.66,50.56,REST_RECOMMENDED,REST_RECOMMENDED
17.28,118.15,21.01,123.15,612.66,47.56,CAUTION,REST_RECOMMENDED
29.99,70.2,18.93,76.3,1551.67,84.17,REST_REQUIRED,REST_BEFORE_NEXT_VISIT
29.42,24.95,13.85,40.71,1757.81,62.4,REST_RECOMMENDED,REST_RECOMMENDED
26.51,45.45,26.39,88.13,800.24,57.0,REST_RECOMMENDED,REST_RECOMMENDED
24.82,118.27,19.26,51.98,1466.85,58.6,REST_RECOMMENDED,REST_RECOMMENDED
27.3,138.96,20.63,71.84,2014.05,81.14,REST_REQUIRED,REST_BEFORE_NEXT_VISIT
26.12,87.69,24.74,157.84,610.37,69.03,REST_RECOMMENDED,REST_BEFORE_NEXT_VISIT
21.06,66.53,56.7,17.3,1486.34,39.0,CAUTION,MOVABLE
24.14,103.55,5.67,128.71,2103.63,59.75,REST_RECOMMENDED,REST_RECOMMENDED
20.65,47.55,10.73,52.3,1575.84,16.1,LOW,MOVABLE
24.49,96.98,10.92,12.34,844.02,52.91,REST_RECOMMENDED,REST_RECOMMENDED
23.34,43.05,30.64,157.16,324.84,47.9,CAUTION,REST_RECOMMENDED
32.19,39.67,21.55,71.07,1500.83,76.25,REST_REQUIRED,REST_BEFORE_NEXT_VISIT
24.79,17.15,29.87,39.71,964.89,32.82,CAUTION,MOVABLE
18.09,102.68,10.17,142.35,1815.6,40.0,CAUTION,REST_RECOMMENDED
27.34,65.01,22.07,105.03,1382.92,73.81,REST_REQUIRED,REST_BEFORE_NEXT_VISIT
30.28,78.0,34.12,116.54,817.17,87.0,IMMEDIATE_REST,REST_BEFORE_NEXT_VISIT
30.04,113.68,12.22,119.42,1082.13,94.61,IMMEDIATE_REST,REST_BEFORE_NEXT_VISIT
22.43,34.43,47.22,106.96,389.77,47.16,CAUTION,REST_RECOMMENDED
26.23,27.75,10.83,91.39,673.44,57.28,REST_RECOMMENDED,REST_RECOMMENDED
18.47,138.99,35.84,17.52,402.72,36.39,CAUTION,MOVABLE
17.25,63.49,16.02,27.79,2410.65,28.36,LOW,MOVABLE
27.76,75.83,36.34,74.88,1530.86,74.14,REST_REQUIRED,REST_BEFORE_NEXT_VISIT
24.31,81.81,14.56,8.77,1326.35,48.52,CAUTION,REST_RECOMMENDED
33.21,15.67,23.83,104.8,2936.43,69.0,REST_RECOMMENDED,REST_RECOMMENDED
22.37,100.53,28.42,22.63,929.87,44.61,CAUTION,REST_RECOMMENDED
25.5,107.17,14.17,140.44,307.01,75.09,REST_REQUIRED,REST_BEFORE_NEXT_VISIT
26.78,45.9,8.59,150.31,1330.12,60.07,REST_RECOMMENDED,REST_RECOMMENDED
22.3,64.43,10.74,110.18,1269.03,44.52,CAUTION,REST_RECOMMENDED
25.72,87.4,2.79,45.47,2090.7,59.39,REST_RECOMMENDED,REST_RECOMMENDED
23.0,74.05,17.56,105.14,1101.2,53.58,REST_RECOMMENDED,REST_RECOMMENDED
30.42,98.92,26.5,114.33,193.98,89.0,IMMEDIATE_REST,REST_BEFORE_NEXT_VISIT
25.83,70.34,16.43,31.89,1243.74,64.46,REST_RECOMMENDED,REST_RECOMMENDED
21.76,51.33,24.12,76.43,966.74,33.88,CAUTION,MOVABLE
23.26,59.37,42.5,116.18,1349.05,53.25,REST_RECOMMENDED,REST_RECOMMENDED
21.11,77.72,5.07,161.67,2428.43,39.0,CAUTION,MOVABLE
21.34,70.1,31.77,169.21,576.2,49.7,CAUTION,REST_RECOMMENDED
25.31,60.17,14.56,67.33,2709.7,65.73,REST_RECOMMENDED,REST_RECOMMENDED
24.72,110.65,11.09,85.52,2131.81,62.3,REST_RECOMMENDED,REST_RECOMMENDED
21.46,13.34,22.01,166.07,288.47,25.26,LOW,MOVABLE
29.62,59.06,37.0,83.48,119.64,73.72,REST_REQUIRED,REST_BEFORE_NEXT_VISIT
26.16,55.49,27.14,129.17,909.33,60.0,REST_RECOMMENDED,REST_RECOMMENDED
24.02,78.32,6.83,45.06,1051.75,43.77,CAUTION,REST_RECOMMENDED
24.09,45.81,23.14,79.67,331.81,42.44,CAUTION,REST_RECOMMENDED
22.06,43.93,22.04,80.04,1644.29,37.7,CAUTION,MOVABLE
30.82,53.72,30.86,51.91,185.62,69.42,REST_RECOMMENDED,REST_BEFORE_NEXT_VISIT
33.46,55.25,36.41,78.47,409.03,74.0,REST_REQUIRED,REST_BEFORE_NEXT_VISIT
29.86,77.31,15.53,45.39,1242.76,75.8,REST_REQUIRED,REST_BEFORE_NEXT_VISIT
33.68,52.92,28.2,128.82,1424.12,80.71,REST_REQUIRED,REST_BEFORE_NEXT_VISIT
24.66,68.31,19.06,48.23,1303.78,45.0,CAUTION,REST_RECOMMENDED
29.51,61.33,18.93,70.89,439.42,84.27,REST_REQUIRED,REST_BEFORE_NEXT_VISIT
16.75,141.75,11.97,94.89,86.36,44.64,CAUTION,REST_RECOMMENDED
28.03,50.58,28.82,80.45,1044.4,75.25,REST_REQUIRED,REST_BEFORE_NEXT_VISIT
25.82,61.25,10.95,139.32,883.66,71.25,REST_REQUIRED,REST_BEFORE_NEXT_VISIT
17.78,42.5,11.3,39.41,130.19,12.45,LOW,MOVABLE
24.43,14.61,40.4,36.02,689.03,35.34,CAUTION,MOVABLE
33.14,13.29,30.56,56.72,1813.99,73.69,REST_REQUIRED,REST_BEFORE_NEXT_VISIT
21.42,67.92,26.09,34.43,625.13,41.34,CAUTION,REST_RECOMMENDED
30.47,53.66,24.02,36.96,578.38,69.94,REST_RECOMMENDED,REST_BEFORE_NEXT_VISIT
21.27,123.39,32.5,67.29,355.6,55.69,REST_RECOMMENDED,REST_RECOMMENDED
30.98,34.83,30.33,88.06,1001.15,79.39,REST_REQUIRED,REST_BEFORE_NEXT_VISIT
27.16,82.92,17.66,165.26,1582.44,67.0,REST_RECOMMENDED,REST_RECOMMENDED
22.16,56.73,27.81,46.29,841.06,30.69,CAUTION,MOVABLE
32.47,38.48,29.85,109.93,626.1,76.53,REST_REQUIRED,REST_BEFORE_NEXT_VISIT
20.66,45.98,23.5,63.59,819.55,27.11,LOW,MOVABLE
25.82,112.51,9.04,123.57,822.31,72.31,REST_REQUIRED,REST_BEFORE_NEXT_VISIT
29.44,45.92,27.88,54.72,1796.87,75.97,REST_REQUIRED,REST_BEFORE_NEXT_VISIT
18.57,148.33,37.13,65.36,1382.19,44.39,CAUTION,REST_RECOMMENDED
17.26,104.85,18.6,50.1,639.39,31.0,CAUTION,MOVABLE
26.73,82.42,49.29,61.48,1954.9,76.73,REST_REQUIRED,REST_BEFORE_NEXT_VISIT
24.91,138.81,7.82,132.49,542.29,57.84,REST_RECOMMENDED,REST_RECOMMENDED
22.3,129.84,26.32,39.73,32.41,51.16,REST_RECOMMENDED,REST_RECOMMENDED
23.99,34.89,15.5,113.49,367.97,42.69,CAUTION,REST_RECOMMENDED
17.71,88.31,28.24,71.71,952.82,33.88,CAUTION,MOVABLE
20.81,24.33,14.37,140.67,771.14,17.27,LOW,MOVABLE
21.96,28.73,28.11,119.93,1905.88,29.39,LOW,MOVABLE
25.35,36.93,37.25,30.78,941.17,61.23,REST_RECOMMENDED,REST_RECOMMENDED
24.49,27.82,16.1,91.56,800.62,37.4,CAUTION,MOVABLE
26.66,21.42,30.8,133.77,1017.4,57.0,REST_RECOMMENDED,REST_RECOMMENDED
28.42,43.95,6.99,91.66,885.15,74.92,REST_REQUIRED,REST_BEFORE_NEXT_VISIT
31.61,74.33,18.84,84.18,2018.06,79.0,REST_REQUIRED,REST_BEFORE_NEXT_VISIT
20.67,97.66,9.71,136.26,735.31,36.26,CAUTION,MOVABLE
26.92,35.6,31.42,126.84,918.24,70.31,REST_REQUIRED,REST_BEFORE_NEXT_VISIT
30.22,43.84,14.03,68.62,649.32,69.32,REST_RECOMMENDED,REST_BEFORE_NEXT_VISIT
32.89,100.35,41.96,99.24,590.77,99.37,IMMEDIATE_REST,REST_BEFORE_NEXT_VISIT
18.61,75.95,14.79,100.69,942.46,34.52,CAUTION,MOVABLE
23.72,53.0,25.68,61.21,1256.26,45.44,CAUTION,REST_RECOMMENDED
28.59,21.45,16.82,90.45,546.84,63.0,REST_RECOMMENDED,REST_RECOMMENDED
29.61,36.08,29.47,73.87,1188.89,74.0,REST_REQUIRED,REST_BEFORE_NEXT_VISIT
33.9,50.44,17.1,64.1,442.19,70.56,REST_REQUIRED,REST_BEFORE_NEXT_VISIT
29.34,22.59,29.39,30.61,510.47,61.61,REST_RECOMMENDED,REST_RECOMMENDED
25.76,76.95,4.32,152.21,1690.14,65.1,REST_RECOMMENDED,REST_RECOMMENDED
30.24,9.8,11.35,85.91,73.47,58.67,REST_RECOMMENDED,REST_RECOMMENDED
18.25,10.77,38.86,12.42,549.39,18.81,LOW,MOVABLE
31.06,148.28,32.08,150.33,954.64,100.0,IMMEDIATE_REST,REST_BEFORE_NEXT_VISIT
29.27,70.76,8.63,89.53,1892.53,76.39,REST_REQUIRED,REST_BEFORE_NEXT_VISIT
20.39,61.05,24.03,80.91,1198.79,33.0,CAUTION,MOVABLE
25.23,135.84,38.44,83.31,881.09,81.03,REST_REQUIRED,REST_BEFORE_NEXT_VISIT
33.02,76.99,28.43,72.72,521.43,81.0,REST_REQUIRED,REST_BEFORE_NEXT_VISIT
25.08,49.37,23.83,42.48,125.26,53.21,REST_RECOMMENDED,REST_RECOMMENDED
24.98,137.31,18.32,28.43,687.35,54.54,REST_RECOMMENDED,REST_RECOMMENDED
29.37,136.27,10.27,11.09,741.31,85.22,IMMEDIATE_REST,REST_BEFORE_NEXT_VISIT
24.48,97.44,41.77,89.67,677.11,62.0,REST_RECOMMENDED,REST_RECOMMENDED
24.05,101.0,19.98,136.76,606.61,62.38,REST_RECOMMENDED,REST_RECOMMENDED
33.7,80.79,26.88,71.42,1413.33,83.0,REST_REQUIRED,REST_BEFORE_NEXT_VISIT
21.1,65.35,0.6,86.98,1891.46,36.0,CAUTION,MOVABLE
30.09,80.71,22.6,97.36,82.96,82.61,REST_REQUIRED,REST_BEFORE_NEXT_VISIT
27.51,97.98,25.54,135.06,1966.13,83.03,REST_REQUIRED,REST_BEFORE_NEXT_VISIT
22.85,75.86,43.27,153.02,279.1,48.66,CAUTION,REST_RECOMMENDED
23.97,81.07,21.71,132.84,358.21,55.13,REST_RECOMMENDED,REST_RECOMMENDED
27.54,4.31,18.93,103.91,1489.3,54.96,REST_RECOMMENDED,REST_RECOMMENDED
29.19,52.71,6.39,15.64,383.48,62.83,REST_RECOMMENDED,REST_RECOMMENDED
27.95,114.96,8.68,122.63,1629.86,72.0,REST_REQUIRED,REST_BEFORE_NEXT_VISIT
24.56,16.94,21.02,59.71,1200.88,35.98,CAUTION,MOVABLE
24.37,78.32,36.7,120.15,803.37,57.79,REST_RECOMMENDED,REST_RECOMMENDED
27.71,36.01,27.12,49.92,1028.6,60.02,REST_RECOMMENDED,REST_RECOMMENDED
18.67,57.48,21.43,138.57,2278.8,32.93,CAUTION,MOVABLE
27.25,59.38,37.1,78.29,465.72,62.75,REST_RECOMMENDED,REST_RECOMMENDED
19.25,67.07,43.75,72.83,43.76,37.07,CAUTION,MOVABLE
22.05,72.97,12.85,151.52,1219.23,43.29,CAUTION,REST_RECOMMENDED
32.29,47.01,24.65,106.09,1454.57,84.26,REST_REQUIRED,REST_BEFORE_NEXT_VISIT
22.12,67.86,41.35,109.55,1526.62,49.16,CAUTION,REST_RECOMMENDED
24.92,94.88,20.59,5.96,2393.87,58.63,REST_RECOMMENDED,REST_RECOMMENDED
21.37,19.4,8.34,44.92,1276.44,18.39,LOW,MOVABLE
22.67,116.98,27.47,92.91,939.44,56.49,REST_RECOMMENDED,REST_RECOMMENDED
32.86,68.5,17.14,31.98,444.37,72.84,REST_REQUIRED,REST_BEFORE_NEXT_VISIT
25.75,114.2,12.86,98.76,749.46,79.2,REST_REQUIRED,REST_BEFORE_NEXT_VISIT
21.57,90.55,38.3,100.38,1249.92,64.71,REST_RECOMMENDED,REST_RECOMMENDED
27.67,93.39,26.53,66.28,989.52,79.73,REST_REQUIRED,REST_BEFORE_NEXT_VISIT
30.44,12.7,28.32,117.9,425.01,70.95,REST_REQUIRED,REST_BEFORE_NEXT_VISIT
20.06,98.86,35.23,41.57,1347.01,41.83,CAUTION,REST_RECOMMENDED
26.46,45.44,22.07,153.73,594.6,71.89,REST_REQUIRED,REST_BEFORE_NEXT_VISIT
31.8,86.76,26.82,105.19,734.04,89.38,IMMEDIATE_REST,REST_BEFORE_NEXT_VISIT
26.18,26.07,33.53,60.05,1191.66,56.79,REST_RECOMMENDED,REST_RECOMMENDED
18.96,46.46,40.53,30.98,1033.34,23.0,LOW,MOVABLE
21.25,102.97,24.66,97.28,1077.97,55.08,REST_RECOMMENDED,REST_RECOMMENDED
28.61,44.61,17.13,151.93,403.43,76.06,REST_REQUIRED,REST_BEFORE_NEXT_VISIT
17.59,107.59,12.54,88.27,631.22,37.21,CAUTION,MOVABLE
33.52,89.87,21.39,44.03,1060.49,80.3,REST_REQUIRED,REST_BEFORE_NEXT_VISIT
31.23,31.38,47.34,113.44,1871.34,85.0,IMMEDIATE_REST,REST_BEFORE_NEXT_VISIT
29.04,60.14,20.41,31.33,793.25,77.72,REST_REQUIRED,REST_BEFORE_NEXT_VISIT
22.39,118.03,32.88,135.23,1747.63,60.5,REST_RECOMMENDED,REST_RECOMMENDED
25.68,17.55,37.4,125.23,579.08,61.16,REST_RECOMMENDED,REST_RECOMMENDED
27.44,104.74,38.96,58.34,1893.25,76.14,REST_REQUIRED,REST_BEFORE_NEXT_VISIT
23.83,91.45,15.13,76.75,644.22,55.99,REST_RECOMMENDED,REST_RECOMMENDED
31.88,151.56,41.81,73.66,609.91,96.69,IMMEDIATE_REST,REST_BEFORE_NEXT_VISIT
23.77,58.78,37.19,112.79,2634.53,55.36,REST_RECOMMENDED,REST_RECOMMENDED
26.99,42.44,7.96,65.61,427.58,49.0,CAUTION,REST_RECOMMENDED
24.33,127.99,21.17,37.11,707.92,57.06,REST_RECOMMENDED,REST_RECOMMENDED
22.44,63.38,43.23,100.64,538.4,54.58,REST_RECOMMENDED,REST_RECOMMENDED
29.99,93.4,22.5,94.27,1313.3,96.96,IMMEDIATE_REST,REST_BEFORE_NEXT_VISIT
27.41,29.73,18.65,55.57,215.26,42.66,CAUTION,REST_RECOMMENDED
21.53,154.69,13.75,144.04,2367.19,53.53,REST_RECOMMENDED,REST_RECOMMENDED
27.03,41.52,11.45,76.98,1262.11,61.23,REST_RECOMMENDED,REST_RECOMMENDED
33.09,101.67,43.79,81.12,1394.41,95.15,IMMEDIATE_REST,REST_BEFORE_NEXT_VISIT
23.15,66.77,40.29,74.45,2334.94,63.41,REST_RECOMMENDED,REST_RECOMMENDED
28.83,60.71,31.59,140.51,394.78,86.68,IMMEDIATE_REST,REST_BEFORE_NEXT_VISIT
25.13,100.15,24.23,88.84,1352.21,83.11,REST_REQUIRED,REST_BEFORE_NEXT_VISIT
29.65,16.91,23.93,57.03,1371.34,66.82,REST_RECOMMENDED,REST_RECOMMENDED
27.47,131.5,36.41,20.08,897.02,73.43,REST_REQUIRED,REST_BEFORE_NEXT_VISIT
26.3,25.01,10.44,140.22,1666.91,51.33,REST_RECOMMENDED,REST_RECOMMENDED
23.2,134.5,35.47,148.85,213.77,63.55,REST_RECOMMENDED,REST_RECOMMENDED
25.06,29.01,38.86,59.21,422.72,47.26,CAUTION,REST_RECOMMENDED
34.18,92.34,38.83,71.67,1708.49,98.5,IMMEDIATE_REST,REST_BEFORE_NEXT_VISIT
19.52,114.71,44.9,36.75,1049.38,42.97,CAUTION,REST_RECOMMENDED
31.34,80.5,25.35,155.43,1799.88,86.65,IMMEDIATE_REST,REST_BEFORE_NEXT_VISIT
26.88,97.74,29.56,81.13,790.56,76.68,REST_REQUIRED,REST_BEFORE_NEXT_VISIT
26.98,54.76,22.63,138.77,1741.97,68.22,REST_RECOMMENDED,REST_RECOMMENDED
22.27,69.06,29.85,105.64,934.82,44.73,CAUTION,REST_RECOMMENDED
21.73,70.66,14.38,52.02,836.5,41.57,CAUTION,REST_RECOMMENDED
23.9,92.48,26.8,44.02,1399.14,60.21,REST_RECOMMENDED,REST_RECOMMENDED
22.05,98.21,30.52,78.71,30.16,49.0,CAUTION,REST_RECOMMENDED
22.67,117.65,16.75,75.08,646.23,52.32,REST_RECOMMENDED,REST_RECOMMENDED
30.29,148.77,18.96,89.73,1789.92,88.29,IMMEDIATE_REST,REST_BEFORE_NEXT_VISIT
19.92,108.94,15.86,103.76,860.57,38.0,CAUTION,MOVABLE
31.81,58.37,20.76,83.05,368.53,71.0,REST_REQUIRED,REST_BEFORE_NEXT_VISIT
21.99,99.91,34.61,62.77,486.26,51.0,REST_RECOMMENDED,REST_RECOMMENDED
18.77,37.44,29.17,19.75,1949.64,17.36,LOW,MOVABLE
18.67,117.61,15.3,41.83,1541.36,39.86,CAUTION,REST_RECOMMENDED
19.26,24.51,20.54,142.84,351.98,16.0,LOW,MOVABLE
19.48,26.86,6.39,112.4,2034.14,12.78,LOW,MOVABLE
27.64,72.37,48.66,8.54,693.33,74.87,REST_REQUIRED,REST_BEFORE_NEXT_VISIT
34.5,115.87,20.94,70.94,1550.74,94.52,IMMEDIATE_REST,REST_BEFORE_NEXT_VISIT
24.32,2.64,34.27,56.03,995.72,35.22,CAUTION,MOVABLE
26.11,80.5,21.15,95.22,168.14,69.15,REST_RECOMMENDED,REST_BEFORE_NEXT_VISIT
27.2,110.26,28.26,70.46,198.77,78.33,REST_REQUIRED,REST_BEFORE_NEXT_VISIT
22.31,43.44,30.83,84.41,658.66,35.0,CAUTION,MOVABLE
25.75,73.73,32.09,13.17,2028.08,71.48,REST_REQUIRED,REST_BEFORE_NEXT_VISIT
24.67,31.23,19.8,53.98,346.6,41.15,CAUTION,REST_RECOMMENDED
27.09,40.24,54.37,69.82,482.99,60.67,REST_RECOMMENDED,REST_RECOMMENDED
25.48,123.85,20.64,104.12,681.44,78.77,REST_REQUIRED,REST_BEFORE_NEXT_VISIT
32.61,98.51,4.35,155.11,1647.61,95.69,IMMEDIATE_REST,REST_BEFORE_NEXT_VISIT
22.35,66.8,27.17,52.69,835.46,45.8,CAUTION,REST_RECOMMENDED
27.02,29.64,53.32,131.23,1914.62,57.8,REST_RECOMMENDED,REST_RECOMMENDED
23.79,59.97,17.79,31.64,573.37,34.0,CAUTION,MOVABLE
28.31,73.42,11.58,78.94,1142.17,85.84,IMMEDIATE_REST,REST_BEFORE_NEXT_VISIT
30.04,46.78,16.47,71.47,235.76,65.0,REST_RECOMMENDED,REST_RECOMMENDED
34.53,68.47,17.26,163.85,535.47,84.67,REST_REQUIRED,REST_BEFORE_NEXT_VISIT
16.73,2.55,32.76,52.94,85.4,10.0,LOW,MOVABLE
21.08,61.05,7.52,77.58,980.13,35.87,CAUTION,MOVABLE
17.63,63.52,34.08,11.2,1466.31,30.28,CAUTION,MOVABLE
24.14,110.59,31.81,62.15,2583.79,69.53,REST_RECOMMENDED,REST_BEFORE_NEXT_VISIT
16.46,45.17,18.06,51.05,323.77,16.23,LOW,MOVABLE
20.37,93.9,22.11,139.17,1062.1,46.16,CAUTION,REST_RECOMMENDED
27.84,99.75,44.4,78.14,1166.66,82.51,REST_REQUIRED,REST_BEFORE_NEXT_VISIT
20.28,90.59,39.68,119.36,2839.65,55.83,REST_RECOMMENDED,REST_RECOMMENDED
24.34,83.61,17.21,35.27,1532.39,45.8,CAUTION,REST_RECOMMENDED
18.18,71.43,32.15,10.14,464.54,31.89,CAUTION,MOVABLE
31.68,92.29,35.21,94.96,1929.07,97.35,IMMEDIATE_REST,REST_BEFORE_NEXT_VISIT
21.48,57.42,41.1,67.15,1252.51,38.96,CAUTION,MOVABLE
22.43,77.35,25.33,15.52,1713.91,36.17,CAUTION,MOVABLE
26.8,55.21,27.39,108.41,718.62,63.3,REST_RECOMMENDED,REST_RECOMMENDED
17.89,115.75,44.03,100.72,1529.63,51.93,REST_RECOMMENDED,REST_RECOMMENDED
17.09,109.32,24.15,108.55,512.0,42.0,CAUTION,REST_RECOMMENDED
24.2,35.96,19.05,79.89,265.42,38.66,CAUTION,MOVABLE
23.73,72.37,11.01,50.25,1417.6,48.88,CAUTION,REST_RECOMMENDED
24.84,93.9,36.9,1.79,1886.81,60.84,REST_RECOMMENDED,REST_RECOMMENDED
29.9,118.0,17.92,98.11,944.07,88.0,IMMEDIATE_REST,REST_BEFORE_NEXT_VISIT
34.19,103.23,36.65,118.79,266.75,98.72,IMMEDIATE_REST,REST_BEFORE_NEXT_VISIT
30.03,74.84,41.85,64.57,1782.55,88.25,IMMEDIATE_REST,REST_BEFORE_NEXT_VISIT
31.27,31.84,24.12,23.74,655.63,67.1,REST_RECOMMENDED,REST_RECOMMENDED
33.48,78.49,11.09,101.89,506.13,81.77,REST_REQUIRED,REST_BEFORE_NEXT_VISIT
29.61,70.23,23.99,97.77,1813.97,86.0,IMMEDIATE_REST,REST_BEFORE_NEXT_VISIT
31.64,69.0,45.46,87.62,1766.72,90.61,IMMEDIATE_REST,REST_BEFORE_NEXT_VISIT
22.32,112.12,24.68,56.76,478.97,47.49,CAUTION,REST_RECOMMENDED
18.97,96.87,23.8,81.32,523.92,44.69,CAUTION,REST_RECOMMENDED
29.74,104.68,37.98,39.68,324.3,92.89,IMMEDIATE_REST,REST_BEFORE_NEXT_VISIT
29.49,122.46,4.45,30.56,964.7,79.78,REST_REQUIRED,REST_BEFORE_NEXT_VISIT
29.91,76.77,13.11,153.6,39.47,82.99,REST_REQUIRED,REST_BEFORE_NEXT_VISIT
28.89,73.44,25.88,105.45,365.45,84.31,REST_REQUIRED,REST_BEFORE_NEXT_VISIT
33.74,86.13,21.6,148.93,957.94,90.88,IMMEDIATE_REST,REST_BEFORE_NEXT_VISIT
20.92,14.83,24.98,116.29,872.54,23.37,LOW,MOVABLE
24.56,79.7,9.94,46.12,900.19,40.18,CAUTION,REST_RECOMMENDED
29.39,51.5,21.78,75.3,1254.14,80.18,REST_REQUIRED,REST_BEFORE_NEXT_VISIT
30.17,95.5,37.29,70.56,519.45,94.5,IMMEDIATE_REST,REST_BEFORE_NEXT_VISIT
16.55,116.35,5.68,88.64,1099.77,34.35,CAUTION,MOVABLE
29.82,79.69,20.5,145.38,1345.17,90.21,IMMEDIATE_REST,REST_BEFORE_NEXT_VISIT
24.79,12.3,8.19,148.57,1035.72,32.0,CAUTION,MOVABLE
28.84,157.41,12.41,63.66,1133.51,88.65,IMMEDIATE_REST,REST_BEFORE_NEXT_VISIT
25.58,68.27,24.45,97.16,1399.35,75.97,REST_REQUIRED,REST_BEFORE_NEXT_VISIT
29.29,109.21,39.26,26.58,112.93,83.51,REST_REQUIRED,REST_BEFORE_NEXT_VISIT
21.56,112.72,15.84,33.55,1633.05,43.99,CAUTION,REST_RECOMMENDED
24.77,152.01,44.2,60.9,307.4,63.06,REST_RECOMMENDED,REST_RECOMMENDED
27.12,88.31,15.31,78.26,39.6,64.84,REST_RECOMMENDED,REST_RECOMMENDED
22.43,144.47,30.36,130.14,1730.87,58.55,REST_RECOMMENDED,REST_RECOMMENDED
25.97,71.21,20.75,138.71,621.68,72.37,REST_REQUIRED,REST_BEFORE_NEXT_VISIT
28.21,11.2,6.32,61.52,2178.41,63.68,REST_RECOMMENDED,REST_RECOMMENDED
19.48,100.86,29.84,86.01,2281.25,44.88,CAUTION,REST_RECOMMENDED
21.74,153.98,42.93,86.02,863.95,52.0,REST_RECOMMENDED,REST_RECOMMENDED
28.23,9.62,30.35,70.79,1046.43,75.78,REST_REQUIRED,REST_BEFORE_NEXT_VISIT
28.56,40.02,27.68,134.28,643.34,76.02,REST_REQUIRED,REST_BEFORE_NEXT_VISIT
17.72,140.91,45.88,76.32,925.69,42.0,CAUTION,REST_RECOMMENDED
24.21,136.42,35.53,27.45,641.59,59.67,REST_RECOMMENDED,REST_RECOMMENDED
18.57,31.95,26.66,26.02,1718.67,22.49,LOW,MOVABLE
27.65,115.56,23.25,113.24,1613.8,84.9,REST_REQUIRED,REST_BEFORE_NEXT_VISIT
18.07,94.52,5.56,40.62,389.43,30.43,CAUTION,MOVABLE
23.49,61.92,28.72,118.42,1907.28,57.92,REST_RECOMMENDED,REST_RECOMMENDED
20.64,82.94,14.47,41.84,1296.75,28.9,LOW,MOVABLE
20.41,67.0,23.71,21.99,116.79,21.17,LOW,MOVABLE
24.9,75.39,13.53,32.92,2057.45,51.39,REST_RECOMMENDED,REST_RECOMMENDED
24.81,45.84,15.66,125.04,648.9,44.93,CAUTION,REST_RECOMMENDED
18.36,75.55,13.37,65.4,419.3,28.89,LOW,MOVABLE
27.44,114.98,18.95,100.52,1717.77,84.19,REST_REQUIRED,REST_BEFORE_NEXT_VISIT
24.17,25.74,10.51,89.86,2112.36,37.88,CAUTION,MOVABLE
21.24,47.89,18.14,101.61,329.65,30.0,CAUTION,MOVABLE
30.75,26.95,22.63,77.8,89.79,65.57,REST_RECOMMENDED,REST_RECOMMENDED
23.04,67.36,37.9,105.46,1854.56,64.73,REST_RECOMMENDED,REST_RECOMMENDED
29.0,31.5,21.6,18.78,678.2,68.79,REST_RECOMMENDED,REST_RECOMMENDED
22.68,17.39,16.04,117.97,236.58,21.74,LOW,MOVABLE
18.24,31.25,31.22,82.03,1219.54,33.68,CAUTION,MOVABLE
26.92,108.43,29.31,121.49,818.48,81.56,REST_REQUIRED,REST_BEFORE_NEXT_VISIT
23.31,124.58,35.28,148.29,656.36,66.06,REST_RECOMMENDED,REST_RECOMMENDED
22.12,60.95,14.05,73.82,2647.39,39.39,CAUTION,REST_RECOMMENDED
20.52,104.53,17.6,120.84,538.08,42.9,CAUTION,REST_RECOMMENDED
29.48,14.53,37.01,78.56,453.29,72.25,REST_REQUIRED,REST_BEFORE_NEXT_VISIT
21.65,40.54,39.03,119.81,932.74,41.86,CAUTION,REST_RECOMMENDED
27.18,105.71,27.85,10.1,672.73,72.04,REST_REQUIRED,REST_BEFORE_NEXT_VISIT
29.22,36.12,40.37,67.05,81.19,74.77,REST_REQUIRED,REST_BEFORE_NEXT_VISIT
27.09,69.08,24.94,61.0,1246.5,76.13,REST_REQUIRED,REST_BEFORE_NEXT_VISIT
34.42,55.68,14.36,93.64,512.18,75.23,REST_REQUIRED,REST_BEFORE_NEXT_VISIT
24.65,78.38,33.25,138.84,1139.94,63.69,REST_RECOMMENDED,REST_RECOMMENDED
20.35,37.71,6.93,86.07,1241.05,21.7,LOW,MOVABLE
29.35,33.1,17.21,139.25,343.39,74.55,REST_REQUIRED,REST_BEFORE_NEXT_VISIT
27.06,78.82,20.82,116.7,1134.74,76.69,REST_REQUIRED,REST_BEFORE_NEXT_VISIT
19.1,92.21,31.1,47.96,546.67,38.0,CAUTION,MOVABLE
25.89,122.7,11.89,89.29,944.46,70.65,REST_REQUIRED,REST_BEFORE_NEXT_VISIT
25.66,43.92,16.49,112.66,2097.8,63.01,REST_RECOMMENDED,REST_RECOMMENDED
27.61,55.03,39.48,132.85,769.38,64.86,REST_RECOMMENDED,REST_RECOMMENDED
27.01,84.74,21.11,75.71,1105.92,72.59,REST_REQUIRED,REST_BEFORE_NEXT_VISIT
21.04,134.97,38.68,52.06,2854.56,54.23,REST_RECOMMENDED,REST_RECOMMENDED
21.08,67.77,19.83,82.18,409.99,37.95,CAUTION,MOVABLE
29.52,82.83,29.0,43.0,838.0,83.29,REST_REQUIRED,REST_BEFORE_NEXT_VISIT
18.26,72.83,16.76,41.05,313.65,24.01,LOW,MOVABLE
34.64,31.54,19.3,64.1,644.67,72.95,REST_REQUIRED,REST_BEFORE_NEXT_VISIT
22.68,50.8,7.96,124.52,385.91,32.25,CAUTION,MOVABLE
20.71,104.42,25.3,64.62,347.3,38.21,CAUTION,MOVABLE
30.43,88.98,28.21,165.97,631.7,87.43,IMMEDIATE_REST,REST_BEFORE_NEXT_VISIT
28.79,106.3,2.96,121.11,285.03,87.55,IMMEDIATE_REST,REST_BEFORE_NEXT_VISIT
24.82,125.06,39.42,61.47,2010.3,64.0,REST_RECOMMENDED,REST_RECOMMENDED
26.17,75.28,10.01,89.46,1774.43,64.85,REST_RECOMMENDED,REST_RECOMMENDED
25.42,56.99,15.76,31.48,1711.23,51.12,REST_RECOMMENDED,REST_RECOMMENDED
20.44,48.55,15.94,87.26,1768.45,26.89,LOW,MOVABLE
33.33,129.72,16.3,11.28,1110.29,83.81,REST_REQUIRED,REST_BEFORE_NEXT_VISIT
30.54,45.88,34.06,59.84,897.96,77.63,REST_REQUIRED,REST_BEFORE_NEXT_VISIT
29.38,50.78,1.66,100.34,1167.78,71.88,REST_REQUIRED,REST_BEFORE_NEXT_VISIT
30.73,119.94,20.79,59.42,819.64,92.93,IMMEDIATE_REST,REST_BEFORE_NEXT_VISIT
23.7,75.79,38.0,106.73,402.74,58.02,REST_RECOMMENDED,REST_RECOMMENDED
17.36,102.87,29.69,134.84,678.31,42.0,CAUTION,REST_RECOMMENDED
18.46,86.41,18.25,20.09,1254.48,22.0,LOW,MOVABLE
26.06,23.86,49.57,152.61,861.66,56.12,REST_RECOMMENDED,REST_RECOMMENDED
18.46,60.4,38.09,136.97,933.29,39.56,CAUTION,REST_RECOMMENDED
28.19,33.98,7.7,81.15,959.22,67.22,REST_RECOMMENDED,REST_RECOMMENDED
19.83,44.41,27.61,65.13,1996.29,26.76,LOW,MOVABLE
26.12,43.32,19.69,66.71,1814.43,56.92,REST_RECOMMENDED,REST_RECOMMENDED
24.25,29.75,1.97,41.27,202.59,24.25,LOW,MOVABLE
21.32,136.25,16.27,28.42,703.36,38.0,CAUTION,MOVABLE
27.28,68.21,9.92,102.71,341.86,61.0,REST_RECOMMENDED,REST_RECOMMENDED
31.72,129.57,20.26,14.62,1520.23,95.63,IMMEDIATE_REST,REST_BEFORE_NEXT_VISIT
33.07,61.67,26.42,25.92,1241.58,80.71,REST_REQUIRED,REST_BEFORE_NEXT_VISIT
21.13,116.02,22.25,16.68,1944.47,44.0,CAUTION,REST_RECOMMENDED
25.7,13.77,33.57,111.75,479.58,56.66,REST_RECOMMENDED,REST_RECOMMENDED
25.22,17.45,23.17,79.1,1917.96,51.0,REST_RECOMMENDED,REST_RECOMMENDED
30.56,64.48,35.82,119.87,700.87,91.56,IMMEDIATE_REST,REST_BEFORE_NEXT_VISIT
19.69,79.54,26.11,70.73,1118.73,34.97,CAUTION,MOVABLE
29.06,112.62,13.55,120.96,1263.78,95.95,IMMEDIATE_REST,REST_BEFORE_NEXT_VISIT
21.92,74.28,12.43,47.07,1012.61,35.16,CAUTION,MOVABLE
26.09,64.6,36.24,71.62,1642.36,73.03,REST_REQUIRED,REST_BEFORE_NEXT_VISIT
26.51,65.16,2.61,21.47,1286.17,61.18,REST_RECOMMENDED,REST_RECOMMENDED
23.78,71.65,29.75,56.36,27.95,49.38,CAUTION,REST_RECOMMENDED
24.06,19.0,35.4,36.37,512.36,38.94,CAUTION,MOVABLE
21.47,100.61,25.34,95.68,1066.94,57.92,REST_RECOMMENDED,REST_RECOMMENDED
29.57,126.2,20.45,127.16,195.2,97.61,IMMEDIATE_REST,REST_BEFORE_NEXT_VISIT
19.62,41.99,6.02,146.93,1970.54,24.09,LOW,MOVABLE
17.42,80.78,22.4,18.32,132.96,24.75,LOW,MOVABLE
29.94,43.04,4.01,15.06,273.1,55.25,REST_RECOMMENDED,REST_RECOMMENDED
29.0,73.42,18.22,36.18,239.41,70.89,REST_REQUIRED,REST_BEFORE_NEXT_VISIT
22.08,91.5,29.85,24.75,754.77,48.88,CAUTION,REST_RECOMMENDED
24.65,98.58,22.03,70.04,634.6,59.59,REST_RECOMMENDED,REST_RECOMMENDED
26.09,132.5,25.24,142.97,758.06,79.36,REST_REQUIRED,REST_BEFORE_NEXT_VISIT
22.79,70.51,36.19,109.31,148.62,50.8,REST_RECOMMENDED,REST_RECOMMENDED
28.4,53.89,38.68,105.48,2225.75,86.63,IMMEDIATE_REST,REST_BEFORE_NEXT_VISIT
23.03,72.38,29.22,67.85,521.95,51.82,REST_RECOMMENDED,REST_RECOMMENDED
21.64,69.77,34.47,8.58,51.4,40.61,CAUTION,REST_RECOMMENDED
25.64,63.78,4.81,40.47,1463.4,61.39,REST_RECOMMENDED,REST_RECOMMENDED
21.62,69.42,21.04,13.5,319.71,35.64,CAUTION,MOVABLE
15.6,16.58,8.81,88.2,1866.58,14.49,LOW,MOVABLE
27.85,31.29,13.17,145.91,2767.67,61.78,REST_RECOMMENDED,REST_RECOMMENDED
28.88,58.86,22.75,6.86,1709.04,70.16,REST_REQUIRED,REST_BEFORE_NEXT_VISIT
27.45,44.72,15.0,25.47,1097.59,50.06,REST_RECOMMENDED,REST_RECOMMENDED
21.5,139.78,28.24,134.4,1202.11,55.41,REST_RECOMMENDED,REST_RECOMMENDED
24.32,84.98,10.35,73.58,573.01,51.86,REST_RECOMMENDED,REST_RECOMMENDED
19.14,102.53,14.57,50.77,672.17,38.36,CAUTION,MOVABLE
23.61,57.18,27.27,59.5,2017.05,40.0,CAUTION,REST_RECOMMENDED
23.1,76.98,41.01,42.24,1069.51,53.39,REST_RECOMMENDED,REST_RECOMMENDED
29.16,97.33,3.59,133.89,1284.37,89.19,IMMEDIATE_REST,REST_BEFORE_NEXT_VISIT
16.56,89.8,26.03,50.06,1516.96,29.0,LOW,MOVABLE
31.16,2.67,33.54,28.83,1599.19,62.0,REST_RECOMMENDED,REST_RECOMMENDED
26.52,30.24,17.4,153.98,1691.75,63.58,REST_RECOMMENDED,REST_RECOMMENDED
23.68,104.71,18.29,100.93,561.37,58.0,REST_RECOMMENDED,REST_RECOMMENDED
28.84,121.82,3.34,69.13,129.67,80.51,REST_REQUIRED,REST_BEFORE_NEXT_VISIT
29.13,45.38,34.97,56.11,589.6,71.0,REST_REQUIRED,REST_BEFORE_NEXT_VISIT
23.51,113.3,22.3,84.73,1241.77,63.46,REST_RECOMMENDED,REST_RECOMMENDED
30.44,44.23,32.12,73.86,565.4,79.99,REST_REQUIRED,REST_BEFORE_NEXT_VISIT
24.89,50.55,42.34,109.41,488.19,49.44,CAUTION,REST_RECOMMENDED
24.67,9.69,27.77,59.77,1177.83,37.66,CAUTION,MOVABLE
32.92,142.26,12.31,92.17,44.83,90.24,IMMEDIATE_REST,REST_BEFORE_NEXT_VISIT
32.0,41.09,46.56,18.46,2333.8,70.0,REST_REQUIRED,REST_BEFORE_NEXT_VISIT
32.84,29.09,26.97,85.17,1192.82,70.69,REST_REQUIRED,REST_BEFORE_NEXT_VISIT
20.49,34.91,22.43,89.11,1321.2,24.21,LOW,MOVABLE
29.21,44.74,32.35,125.37,535.78,81.1,REST_REQUIRED,REST_BEFORE_NEXT_VISIT
28.25,45.62,16.57,49.28,2254.04,66.83,REST_RECOMMENDED,REST_RECOMMENDED
24.1,122.21,20.37,131.65,135.11,61.56,REST_RECOMMENDED,REST_RECOMMENDED
22.48,66.46,21.53,11.25,454.79,33.44,CAUTION,MOVABLE
19.29,46.92,14.77,119.84,212.23,20.94,LOW,MOVABLE
26.2,97.72,32.78,141.33,1276.9,83.44,REST_REQUIRED,REST_BEFORE_NEXT_VISIT
27.57,72.36,31.16,85.9,1314.49,73.46,REST_REQUIRED,REST_BEFORE_NEXT_VISIT
25.77,105.12,21.31,123.38,1343.07,82.11,REST_REQUIRED,REST_BEFORE_NEXT_VISIT
25.17,135.64,18.16,126.44,711.36,80.61,REST_REQUIRED,REST_BEFORE_NEXT_VISIT
22.71,28.13,8.92,67.93,218.29,20.39,LOW,MOVABLE
22.07,21.11,42.12,43.15,1328.69,29.03,LOW,MOVABLE
22.69,45.82,22.22,81.84,546.05,32.0,CAUTION,MOVABLE
23.62,42.79,42.44,120.69,1221.34,50.0,REST_RECOMMENDED,REST_RECOMMENDED
26.16,99.91,18.37,72.61,157.85,72.15,REST_REQUIRED,REST_BEFORE_NEXT_VISIT
30.21,79.43,43.87,85.55,464.34,86.89,IMMEDIATE_REST,REST_BEFORE_NEXT_VISIT
23.6,76.49,8.09,108.82,1376.49,49.83,CAUTION,REST_RECOMMENDED
30.29,21.77,30.23,134.74,212.56,75.29,REST_REQUIRED,REST_BEFORE_NEXT_VISIT
32.18,20.21,18.89,70.82,1965.75,62.0,REST_RECOMMENDED,REST_RECOMMENDED
21.12,85.7,17.18,107.8,1207.13,45.45,CAUTION,REST_RECOMMENDED
19.26,72.1,26.29,113.34,726.08,34.54,CAUTION,MOVABLE
26.3,32.93,35.46,60.42,262.18,64.27,REST_RECOMMENDED,REST_RECOMMENDED
23.51,67.6,31.83,47.09,160.17,47.44,CAUTION,REST_RECOMMENDED
29.43,34.93,14.39,37.81,1101.41,66.38,REST_RECOMMENDED,REST_RECOMMENDED
28.65,11.61,13.29,54.75,447.29,55.0,REST_RECOMMENDED,REST_RECOMMENDED
29.28,42.58,12.26,110.14,325.99,72.85,REST_REQUIRED,REST_BEFORE_NEXT_VISIT
26.69,57.87,16.29,93.03,775.66,61.03,REST_RECOMMENDED,REST_RECOMMENDED
28.53,71.27,9.54,88.62,655.62,76.6,REST_REQUIRED,REST_BEFORE_NEXT_VISIT
19.93,91.38,20.64,60.82,992.31,39.49,CAUTION,REST_RECOMMENDED
25.43,34.03,34.78,101.05,836.4,65.9,REST_RECOMMENDED,REST_RECOMMENDED
25.64,105.32,36.24,89.21,800.97,82.36,REST_REQUIRED,REST_BEFORE_NEXT_VISIT
25.52,81.48,25.17,141.95,85.0,68.89,REST_RECOMMENDED,REST_RECOMMENDED
18.42,101.71,12.94,151.85,455.59,39.85,CAUTION,REST_RECOMMENDED
22.82,108.34,45.89,109.0,2527.1,58.84,REST_RECOMMENDED,REST_RECOMMENDED
25.1,17.34,20.7,36.38,377.96,48.78,CAUTION,REST_RECOMMENDED
24.25,107.52,15.66,53.12,1480.44,55.63,REST_RECOMMENDED,REST_RECOMMENDED
22.4,99.8,26.2,42.94,1938.68,52.8,REST_RECOMMENDED,REST_RECOMMENDED
23.48,62.76,16.73,61.59,1351.69,56.08,REST_RECOMMENDED,REST_RECOMMENDED
21.02,94.45,11.18,28.82,1088.5,40.0,CAUTION,REST_RECOMMENDED
26.58,124.88,6.34,19.83,1740.08,64.31,REST_RECOMMENDED,REST_RECOMMENDED
28.46,66.44,29.86,155.89,311.32,85.31,IMMEDIATE_REST,REST_BEFORE_NEXT_VISIT
27.68,52.03,32.93,68.39,669.23,65.48,REST_RECOMMENDED,REST_RECOMMENDED
18.07,66.65,35.98,94.53,912.44,41.91,CAUTION,REST_RECOMMENDED
32.27,87.67,8.12,138.7,436.02,78.49,REST_REQUIRED,REST_BEFORE_NEXT_VISIT
32.18,65.14,48.44,89.97,1481.75,91.37,IMMEDIATE_REST,REST_BEFORE_NEXT_VISIT
28.93,63.73,30.83,146.3,1191.51,95.2,IMMEDIATE_REST,REST_BEFORE_NEXT_VISIT
27.6,42.53,14.02,18.96,1176.77,49.67,CAUTION,REST_RECOMMENDED
29.49,61.35,16.74,107.37,258.82,83.62,REST_REQUIRED,REST_BEFORE_NEXT_VISIT
20.39,20.92,33.64,102.03,1299.46,22.0,LOW,MOVABLE
30.03,58.49,13.06,115.19,901.01,71.0,REST_REQUIRED,REST_BEFORE_NEXT_VISIT
28.79,70.23,6.74,42.47,2180.99,73.56,REST_REQUIRED,REST_BEFORE_NEXT_VISIT
29.58,93.35,16.68,124.98,534.28,91.67,IMMEDIATE_REST,REST_BEFORE_NEXT_VISIT
23.13,90.09,24.3,149.1,1321.76,64.91,REST_RECOMMENDED,REST_RECOMMENDED
28.38,69.02,5.56,62.58,1223.4,78.26,REST_REQUIRED,REST_BEFORE_NEXT_VISIT
19.69,5.91,17.16,70.28,1151.41,15.1,LOW,MOVABLE
30.69,47.21,27.8,110.23,256.2,72.0,REST_REQUIRED,REST_BEFORE_NEXT_VISIT
17.02,112.2,1.63,30.29,821.07,32.37,CAUTION,MOVABLE
26.47,26.72,14.65,133.83,932.64,51.52,REST_RECOMMENDED,REST_RECOMMENDED
31.83,94.25,35.5,107.94,1100.54,98.98,IMMEDIATE_REST,REST_BEFORE_NEXT_VISIT
21.29,73.24,11.63,26.3,32.97,38.6,CAUTION,MOVABLE
31.74,13.39,26.27,61.54,752.39,64.0,REST_RECOMMENDED,REST_RECOMMENDED
26.4,10.43,27.98,71.64,1267.26,51.51,REST_RECOMMENDED,REST_RECOMMENDED
27.42,114.17,35.81,111.59,894.54,87.08,IMMEDIATE_REST,REST_BEFORE_NEXT_VISIT
31.04,35.84,12.64,118.41,1146.55,74.0,REST_REQUIRED,REST_BEFORE_NEXT_VISIT
17.69,39.94,31.01,87.9,1057.9,31.06,CAUTION,MOVABLE
27.07,47.67,13.88,94.49,2411.9,58.62,REST_RECOMMENDED,REST_RECOMMENDED
23.56,63.37,4.84,30.21,1341.34,45.79,CAUTION,REST_RECOMMENDED
29.06,59.22,6.51,96.96,429.2,67.0,REST_RECOMMENDED,REST_RECOMMENDED
18.01,79.71,6.99,13.59,845.11,17.87,LOW,MOVABLE
23.8,71.37,22.99,69.22,954.97,56.26,REST_RECOMMENDED,REST_RECOMMENDED
25.2,131.72,33.71,36.67,909.87,78.66,REST_REQUIRED,REST_BEFORE_NEXT_VISIT
20.53,49.66,23.65,72.8,1573.39,26.79,LOW,MOVABLE
25.24,70.87,44.14,97.65,235.2,71.11,REST_REQUIRED,REST_BEFORE_NEXT_VISIT
24.77,124.76,19.87,66.76,812.11,55.99,REST_RECOMMENDED,REST_RECOMMENDED
26.87,96.45,32.43,38.48,708.31,76.39,REST_REQUIRED,REST_BEFORE_NEXT_VISIT
29.44,60.57,34.46,69.39,392.35,83.57,REST_REQUIRED,REST_BEFORE_NEXT_VISIT
27.2,48.48,30.41,90.36,793.21,68.8,REST_RECOMMENDED,REST_RECOMMENDED
30.57,91.9,35.26,66.3,300.64,99.66,IMMEDIATE_REST,REST_BEFORE_NEXT_VISIT
29.16,107.76,39.18,79.02,2222.88,100.0,IMMEDIATE_REST,REST_BEFORE_NEXT_VISIT
27.08,136.51,4.37,134.59,1601.14,75.26,REST_REQUIRED,REST_BEFORE_NEXT_VISIT
26.83,22.04,14.55,129.22,737.62,53.32,REST_RECOMMENDED,REST_RECOMMENDED
27.03,21.56,15.06,123.13,859.9,53.81,REST_RECOMMENDED,REST_RECOMMENDED
22.76,84.8,29.85,50.19,1031.12,41.52,CAUTION,REST_RECOMMENDED
17.5,97.51,23.76,63.32,1916.97,41.0,CAUTION,REST_RECOMMENDED
28.9,151.04,26.57,140.86,1159.18,100.0,IMMEDIATE_REST,REST_BEFORE_NEXT_VISIT
29.82,119.21,12.45,80.71,506.34,89.16,IMMEDIATE_REST,REST_BEFORE_NEXT_VISIT
30.03,69.75,30.39,95.99,1349.94,95.76,IMMEDIATE_REST,REST_BEFORE_NEXT_VISIT
15.37,63.91,18.34,77.79,2603.26,36.22,CAUTION,MOVABLE
21.63,41.88,7.26,98.75,695.7,29.54,LOW,MOVABLE
24.56,125.4,29.22,84.09,902.82,63.1,REST_RECOMMENDED,REST_RECOMMENDED
24.55,70.08,23.48,40.59,1756.5,49.76,CAUTION,REST_RECOMMENDED
30.92,55.3,41.14,64.46,628.06,75.0,REST_REQUIRED,REST_BEFORE_NEXT_VISIT
23.31,71.34,5.64,10.94,1000.23,40.09,CAUTION,REST_RECOMMENDED
20.94,46.3,25.11,99.42,1214.72,37.43,CAUTION,MOVABLE
30.73,36.43,15.42,43.78,381.27,64.96,REST_RECOMMENDED,REST_RECOMMENDED
31.72,94.49,10.75,109.66,49.44,90.57,IMMEDIATE_REST,REST_BEFORE_NEXT_VISIT
24.46,81.18,14.72,38.96,1008.12,47.05,CAUTION,REST_RECOMMENDED
30.75,57.48,31.56,68.3,440.64,83.51,REST_REQUIRED,REST_BEFORE_NEXT_VISIT
17.4,86.33,44.45,88.92,934.18,34.0,CAUTION,MOVABLE
29.74,36.5,20.25,48.26,601.51,71.18,REST_REQUIRED,REST_BEFORE_NEXT_VISIT
29.18,62.01,13.18,71.33,378.32,84.52,REST_REQUIRED,REST_BEFORE_NEXT_VISIT
32.58,57.63,38.31,83.5,2591.61,79.65,REST_REQUIRED,REST_BEFORE_NEXT_VISIT
16.85,43.87,33.52,51.91,448.7,27.22,LOW,MOVABLE
20.71,35.58,15.89,85.81,723.62,23.08,LOW,MOVABLE
26.02,72.13,14.51,53.1,612.25,59.73,REST_RECOMMENDED,REST_RECOMMENDED
27.56,77.27,23.86,129.3,1646.2,71.0,REST_REQUIRED,REST_BEFORE_NEXT_VISIT
31.41,86.87,22.39,34.18,2151.62,79.0,REST_REQUIRED,REST_BEFORE_NEXT_VISIT
22.76,104.46,26.36,58.59,717.71,47.75,CAUTION,REST_RECOMMENDED
19.14,30.73,11.4,126.55,1600.18,23.0,LOW,MOVABLE
22.12,106.49,33.18,24.14,1479.03,50.7,REST_RECOMMENDED,REST_RECOMMENDED
26.18,93.93,22.34,97.65,1965.61,81.26,REST_REQUIRED,REST_BEFORE_NEXT_VISIT
16.43,35.84,50.7,79.36,598.13,30.93,CAUTION,MOVABLE
29.01,106.36,6.62,30.47,5.0,77.43,REST_REQUIRED,REST_BEFORE_NEXT_VISIT
24.32,122.61,32.9,26.2,2337.71,58.76,REST_RECOMMENDED,REST_RECOMMENDED
18.94,48.01,29.98,47.71,1631.41,21.29,LOW,MOVABLE
25.18,88.52,29.55,21.06,298.85,57.91,REST_RECOMMENDED,REST_RECOMMENDED
17.27,100.74,7.28,93.76,1731.05,43.92,CAUTION,REST_RECOMMENDED
30.94,103.0,26.59,109.09,755.15,99.02,IMMEDIATE_REST,REST_BEFORE_NEXT_VISIT
30.59,125.64,25.25,23.4,1189.65,87.2,IMMEDIATE_REST,REST_BEFORE_NEXT_VISIT
25.71,117.92,27.94,112.67,2100.77,79.37,REST_REQUIRED,REST_BEFORE_NEXT_VISIT
27.63,81.69,11.97,153.33,304.81,73.82,REST_REQUIRED,REST_BEFORE_NEXT_VISIT
21.58,141.2,19.06,140.61,1607.41,55.17,REST_RECOMMENDED,REST_RECOMMENDED
26.61,129.98,38.24,66.29,937.21,78.31,REST_REQUIRED,REST_BEFORE_NEXT_VISIT
25.67,125.75,48.5,75.9,1286.88,79.75,REST_REQUIRED,REST_BEFORE_NEXT_VISIT
27.09,85.92,22.61,102.05,730.06,72.5,REST_REQUIRED,REST_BEFORE_NEXT_VISIT
22.94,143.49,7.61,75.62,556.16,47.14,CAUTION,REST_RECOMMENDED
29.6,22.26,11.7,132.67,446.93,68.39,REST_RECOMMENDED,REST_RECOMMENDED
25.18,39.52,3.18,78.48,885.99,58.31,REST_RECOMMENDED,REST_RECOMMENDED
28.57,54.1,12.24,93.13,142.62,68.88,REST_RECOMMENDED,REST_RECOMMENDED
28.32,24.63,31.56,104.55,272.45,67.0,REST_RECOMMENDED,REST_RECOMMENDED
32.41,48.99,24.72,120.55,394.18,74.68,REST_REQUIRED,REST_BEFORE_NEXT_VISIT
26.04,86.69,42.75,79.3,838.18,70.42,REST_REQUIRED,REST_BEFORE_NEXT_VISIT
23.95,4.49,5.73,2.84,1122.47,28.66,LOW,MOVABLE
27.69,56.51,33.12,145.23,320.93,62.91,REST_RECOMMENDED,REST_RECOMMENDED
26.06,162.33,9.62,26.84,1721.68,68.6,REST_RECOMMENDED,REST_RECOMMENDED
32.07,56.16,40.95,117.48,70.27,79.13,REST_REQUIRED,REST_BEFORE_NEXT_VISIT
19.64,83.45,40.75,64.35,194.0,31.0,CAUTION,MOVABLE
29.19,148.52,21.68,57.33,425.03,88.26,IMMEDIATE_REST,REST_BEFORE_NEXT_VISIT
25.01,80.9,30.34,143.74,888.45,80.69,REST_REQUIRED,REST_BEFORE_NEXT_VISIT
17.6,32.52,35.1,42.13,280.22,22.98,LOW,MOVABLE
26.19,134.43,46.15,124.61,524.69,81.51,REST_REQUIRED,REST_BEFORE_NEXT_VISIT
26.65,76.84,9.77,84.22,1595.31,63.27,REST_RECOMMENDED,REST_RECOMMENDED
24.7,26.41,17.45,113.2,513.77,35.49,CAUTION,MOVABLE
16.74,76.07,29.69,163.42,499.37,37.73,CAUTION,MOVABLE
19.64,17.72,8.89,88.09,478.51,10.26,LOW,MOVABLE
28.43,11.94,31.52,76.99,150.44,64.0,REST_RECOMMENDED,REST_RECOMMENDED
28.08,89.7,6.65,87.7,612.37,75.55,REST_REQUIRED,REST_BEFORE_NEXT_VISIT
32.65,34.66,11.4,65.06,758.33,73.67,REST_REQUIRED,REST_BEFORE_NEXT_VISIT
25.17,131.72,36.05,42.34,693.06,77.35,REST_REQUIRED,REST_BEFORE_NEXT_VISIT
23.45,73.54,37.91,8.42,1526.59,49.16,CAUTION,REST_RECOMMENDED
28.56,50.36,48.34,131.77,1320.9,81.44,REST_REQUIRED,REST_BEFORE_NEXT_VISIT
23.28,121.44,17.99,67.18,1224.55,62.4,REST_RECOMMENDED,REST_RECOMMENDED
30.67,37.52,38.52,92.59,395.46,82.19,REST_REQUIRED,REST_BEFORE_NEXT_VISIT
27.18,61.26,37.24,78.36,516.65,74.54,REST_REQUIRED,REST_BEFORE_NEXT_VISIT
22.73,97.92,43.36,108.14,317.9,57.68,REST_RECOMMENDED,REST_RECOMMENDED
19.97,110.48,32.15,44.59,307.6,40.77,CAUTION,REST_RECOMMENDED
29.54,129.87,14.12,8.87,1106.42,81.41,REST_REQUIRED,REST_BEFORE_NEXT_VISIT
17.58,120.24,20.36,56.44,1093.96,38.11,CAUTION,MOVABLE
17.08,34.05,18.6,113.6,263.55,18.0,LOW,MOVABLE
29.77,49.03,25.46,69.32,1793.04,76.47,REST_REQUIRED,REST_BEFORE_NEXT_VISIT
23.86,51.9,17.47,71.02,958.21,41.27,CAUTION,REST_RECOMMENDED
23.93,134.67,8.89,112.53,398.62,55.08,REST_RECOMMENDED,REST_RECOMMENDED
21.0,112.78,22.36,155.55,644.59,56.86,REST_RECOMMENDED,REST_RECOMMENDED
24.1,82.36,23.01,71.2,1514.04,61.19,REST_RECOMMENDED,REST_RECOMMENDED
32.42,15.88,13.13,89.86,387.46,62.69,REST_RECOMMENDED,REST_RECOMMENDED
20.66,48.14,37.72,123.5,442.36,32.81,CAUTION,MOVABLE
33.55,151.67,17.33,104.18,501.15,88.37,IMMEDIATE_REST,REST_BEFORE_NEXT_VISIT
29.02,118.66,18.09,68.12,792.52,90.21,IMMEDIATE_REST,REST_BEFORE_NEXT_VISIT
23.83,45.48,23.44,90.87,1522.31,49.74,CAUTION,REST_RECOMMENDED
22.86,11.54,15.06,92.44,1458.74,28.85,LOW,MOVABLE
22.62,41.81,11.49,39.2,429.93,26.28,LOW,MOVABLE
30.73,23.51,25.7,131.65,1511.29,70.65,REST_REQUIRED,REST_BEFORE_NEXT_VISIT
23.04,66.69,17.96,153.5,999.04,50.0,REST_RECOMMENDED,REST_RECOMMENDED
24.16,69.35,38.58,133.52,391.23,57.63,REST_RECOMMENDED,REST_RECOMMENDED
23.34,62.3,22.41,108.84,1322.52,57.66,REST_RECOMMENDED,REST_RECOMMENDED
28.56,87.03,39.88,137.52,694.15,87.0,IMMEDIATE_REST,REST_BEFORE_NEXT_VISIT
27.47,36.52,29.37,147.88,774.38,61.61,REST_RECOMMENDED,REST_RECOMMENDED
20.7,95.15,29.62,114.97,1220.7,45.39,CAUTION,REST_RECOMMENDED
24.08,83.73,29.29,55.94,639.63,52.06,REST_RECOMMENDED,REST_RECOMMENDED
23.99,58.51,19.97,144.59,678.0,45.79,CAUTION,REST_RECOMMENDED
26.77,153.68,25.54,28.86,84.36,72.05,REST_REQUIRED,REST_BEFORE_NEXT_VISIT
29.19,32.67,48.78,9.09,205.59,76.27,REST_REQUIRED,REST_BEFORE_NEXT_VISIT
19.49,119.42,13.35,77.79,1250.72,42.29,CAUTION,REST_RECOMMENDED
26.96,40.4,12.29,96.66,828.9,56.0,REST_RECOMMENDED,REST_RECOMMENDED
28.98,45.42,41.85,154.03,2345.55,81.82,REST_REQUIRED,REST_BEFORE_NEXT_VISIT
24.21,44.24,26.06,105.82,1921.91,47.0,CAUTION,REST_RECOMMENDED
20.68,78.73,16.56,158.58,240.98,36.06,CAUTION,MOVABLE
24.2,80.97,29.31,70.06,643.72,54.14,REST_RECOMMENDED,REST_RECOMMENDED
28.61,99.96,24.73,34.04,1093.38,89.67,IMMEDIATE_REST,REST_BEFORE_NEXT_VISIT
26.87,32.0,27.05,33.02,1392.93,61.92,REST_RECOMMENDED,REST_RECOMMENDED
25.4,80.8,13.99,62.1,38.45,61.01,REST_RECOMMENDED,REST_RECOMMENDED
22.38,37.11,9.09,14.99,194.97,18.22,LOW,MOVABLE
31.7,3.31,43.71,139.42,1240.17,73.47,REST_REQUIRED,REST_BEFORE_NEXT_VISIT
23.92,69.6,33.15,106.67,663.97,59.95,REST_RECOMMENDED,REST_RECOMMENDED
22.99,99.34,9.91,56.95,546.91,44.9,CAUTION,REST_RECOMMENDED
31.61,80.12,39.43,17.87,858.89,77.0,REST_REQUIRED,REST_BEFORE_NEXT_VISIT
22.0,153.05,20.77,68.63,71.37,54.39,REST_RECOMMENDED,REST_RECOMMENDED
21.46,91.86,50.79,29.26,819.54,49.01,CAUTION,REST_RECOMMENDED
21.56,34.99,24.39,57.24,1019.86,31.91,CAUTION,MOVABLE
15.88,52.95,24.38,100.02,215.33,22.7,LOW,MOVABLE
28.1,33.39,26.7,78.45,641.76,77.81,REST_REQUIRED,REST_BEFORE_NEXT_VISIT
26.37,47.26,26.29,119.05,393.04,63.31,REST_RECOMMENDED,REST_RECOMMENDED
20.58,32.74,8.94,74.2,1639.32,17.8,LOW,MOVABLE
28.77,39.57,34.72,51.97,700.0,78.51,REST_REQUIRED,REST_BEFORE_NEXT_VISIT
21.48,96.5,12.49,102.94,2343.24,53.65,REST_RECOMMENDED,REST_RECOMMENDED
30.16,46.25,17.23,69.89,1815.13,76.58,REST_REQUIRED,REST_BEFORE_NEXT_VISIT
20.53,29.2,23.03,64.39,1896.52,23.62,LOW,MOVABLE
28.66,107.97,24.25,112.22,976.61,95.8,IMMEDIATE_REST,REST_BEFORE_NEXT_VISIT
19.14,31.54,2.93,63.73,664.91,17.94,LOW,MOVABLE
26.24,147.34,28.13,108.48,793.45,77.04,REST_REQUIRED,REST_BEFORE_NEXT_VISIT
26.3,112.0,43.18,63.55,833.14,82.23,REST_REQUIRED,REST_BEFORE_NEXT_VISIT
19.78,44.28,19.53,83.92,1321.78,23.75,LOW,MOVABLE
22.37,102.1,27.09,119.24,1138.49,56.44,REST_RECOMMENDED,REST_RECOMMENDED
25.76,46.67,29.22,106.69,1028.2,62.95,REST_RECOMMENDED,REST_RECOMMENDED
25.85,49.13,14.87,143.03,218.24,57.33,REST_RECOMMENDED,REST_RECOMMENDED
27.6,55.88,3.93,114.31,2127.12,62.09,REST_RECOMMENDED,REST_RECOMMENDED
21.73,73.72,14.36,115.05,2266.79,49.14,CAUTION,REST_RECOMMENDED
25.59,76.66,2.15,100.47,794.38,62.91,REST_RECOMMENDED,REST_RECOMMENDED
25.84,44.57,10.69,126.98,519.08,59.71,REST_RECOMMENDED,REST_RECOMMENDED
27.42,84.99,31.59,70.66,723.38,69.0,REST_RECOMMENDED,REST_RECOMMENDED
29.18,12.62,15.91,23.81,563.53,54.01,REST_RECOMMENDED,REST_RECOMMENDED
20.3,62.32,13.0,71.7,689.71,31.19,CAUTION,MOVABLE
28.57,78.72,44.81,104.5,1154.45,90.79,IMMEDIATE_REST,REST_BEFORE_NEXT_VISIT
33.43,52.42,17.98,124.1,1341.13,73.0,REST_REQUIRED,REST_BEFORE_NEXT_VISIT
16.25,105.68,21.46,92.55,506.28,42.0,CAUTION,REST_RECOMMENDED
20.96,133.58,17.02,85.44,1502.13,46.09,CAUTION,REST_RECOMMENDED
21.65,137.86,7.36,105.67,1051.78,47.0,CAUTION,REST_RECOMMENDED
22.07,62.79,23.26,128.25,843.24,46.4,CAUTION,REST_RECOMMENDED
32.77,115.41,35.15,87.36,384.76,95.74,IMMEDIATE_REST,REST_BEFORE_NEXT_VISIT
20.25,82.51,30.4,48.71,1093.96,35.29,CAUTION,MOVABLE
28.22,56.51,32.87,97.16,211.68,78.04,REST_REQUIRED,REST_BEFORE_NEXT_VISIT
22.4,26.75,29.44,127.4,404.78,31.42,CAUTION,MOVABLE
23.67,45.75,40.01,100.35,2400.26,57.02,REST_RECOMMENDED,REST_RECOMMENDED
25.16,112.37,27.53,84.62,2211.13,79.78,REST_REQUIRED,REST_BEFORE_NEXT_VISIT
28.35,67.77,20.07,172.57,41.01,81.0,REST_REQUIRED,REST_BEFORE_NEXT_VISIT
25.22,41.39,20.66,78.83,1730.65,62.29,REST_RECOMMENDED,REST_RECOMMENDED
25.15,54.37,29.39,52.81,1626.66,60.65,REST_RECOMMENDED,REST_RECOMMENDED
27.77,81.59,28.88,86.12,1412.17,71.36,REST_REQUIRED,REST_BEFORE_NEXT_VISIT
28.9,84.52,43.63,135.23,1430.85,91.71,IMMEDIATE_REST,REST_BEFORE_NEXT_VISIT
30.28,55.54,13.37,55.35,779.08,70.72,REST_REQUIRED,REST_BEFORE_NEXT_VISIT
29.01,133.97,6.83,34.35,1390.01,87.33,IMMEDIATE_REST,REST_BEFORE_NEXT_VISIT
24.04,56.09,32.93,95.68,12.51,55.13,REST_RECOMMENDED,REST_RECOMMENDED
28.07,63.98,39.29,118.79,610.72,89.67,IMMEDIATE_REST,REST_BEFORE_NEXT_VISIT
27.38,120.35,21.35,7.17,685.0,71.83,REST_REQUIRED,REST_BEFORE_NEXT_VISIT
28.23,13.91,15.64,98.06,2099.46,72.24,REST_REQUIRED,REST_BEFORE_NEXT_VISIT
22.31,38.06,3.83,103.82,1065.43,33.31,CAUTION,MOVABLE
30.8,91.81,30.26,77.07,1812.69,100.0,IMMEDIATE_REST,REST_BEFORE_NEXT_VISIT
25.44,89.15,25.43,30.81,1204.49,65.68,REST_RECOMMENDED,REST_RECOMMENDED
30.61,27.83,20.38,49.49,820.65,63.06,REST_RECOMMENDED,REST_RECOMMENDED
21.03,57.58,10.61,70.69,511.36,29.11,LOW,MOVABLE
27.21,32.28,39.32,58.26,781.74,56.57,REST_RECOMMENDED,REST_RECOMMENDED
30.76,144.24,47.66,92.61,1146.28,98.79,IMMEDIATE_REST,REST_BEFORE_NEXT_VISIT
31.49,22.17,39.53,128.09,1819.37,74.43,REST_REQUIRED,REST_BEFORE_NEXT_VISIT
24.63,79.66,7.08,89.02,1988.76,53.15,REST_RECOMMENDED,REST_RECOMMENDED
30.11,114.06,24.88,66.67,1504.19,93.09,IMMEDIATE_REST,REST_BEFORE_NEXT_VISIT
30.14,81.8,40.1,130.64,1068.29,93.48,IMMEDIATE_REST,REST_BEFORE_NEXT_VISIT
32.6,136.37,42.7,30.71,752.76,88.0,IMMEDIATE_REST,REST_BEFORE_NEXT_VISIT
26.02,82.37,18.43,115.68,1126.65,70.38,REST_REQUIRED,REST_BEFORE_NEXT_VISIT
22.28,127.29,17.75,104.56,845.73,48.0,CAUTION,REST_RECOMMENDED
21.91,87.88,44.01,38.19,1087.3,42.0,CAUTION,REST_RECOMMENDED
24.89,109.33,32.4,22.82,727.63,58.62,REST_RECOMMENDED,REST_RECOMMENDED
26.31,73.76,28.49,118.34,192.93,70.91,REST_REQUIRED,REST_BEFORE_NEXT_VISIT
28.97,89.69,28.89,74.25,71.45,83.37,REST_REQUIRED,REST_BEFORE_NEXT_VISIT
29.47,59.02,22.38,138.24,796.75,76.41,REST_REQUIRED,REST_BEFORE_NEXT_VISIT
26.09,124.31,18.9,8.02,1061.83,69.02,REST_RECOMMENDED,REST_BEFORE_NEXT_VISIT
30.09,50.17,26.59,101.54,346.6,77.9,REST_REQUIRED,REST_BEFORE_NEXT_VISIT
16.38,24.26,14.01,6.94,254.0,3.96,LOW,MOVABLE
28.68,127.58,15.62,15.66,2411.28,88.31,IMMEDIATE_REST,REST_BEFORE_NEXT_VISIT
31.34,84.97,27.98,92.69,177.54,82.68,REST_REQUIRED,REST_BEFORE_NEXT_VISIT
18.32,59.49,33.18,67.6,2140.28,31.29,CAUTION,MOVABLE
20.75,39.64,41.06,104.73,298.8,28.88,LOW,MOVABLE
25.85,60.45,19.06,121.06,1599.83,73.1,REST_REQUIRED,REST_BEFORE_NEXT_VISIT
30.28,92.27,32.41,43.7,716.65,89.65,IMMEDIATE_REST,REST_BEFORE_NEXT_VISIT
33.83,106.26,6.22,80.26,1048.51,88.48,IMMEDIATE_REST,REST_BEFORE_NEXT_VISIT
28.04,117.31,7.92,59.63,540.8,83.4,REST_REQUIRED,REST_BEFORE_NEXT_VISIT
26.51,36.88,12.52,55.36,1857.57,57.68,REST_RECOMMENDED,REST_RECOMMENDED
31.19,77.9,43.11,102.8,758.65,90.95,IMMEDIATE_REST,REST_BEFORE_NEXT_VISIT
27.43,19.43,43.93,90.01,1938.7,59.38,REST_RECOMMENDED,REST_RECOMMENDED
24.6,54.08,12.28,115.55,712.43,44.52,CAUTION,REST_RECOMMENDED
21.43,85.28,36.8,117.59,65.36,45.53,CAUTION,REST_RECOMMENDED
30.75,48.43,50.67,143.17,825.09,84.69,REST_REQUIRED,REST_BEFORE_NEXT_VISIT
32.38,169.54,35.43,85.97,676.65,99.11,IMMEDIATE_REST,REST_BEFORE_NEXT_VISIT
25.86,18.51,6.06,38.57,598.74,38.0,CAUTION,MOVABLE
32.05,46.4,17.49,82.72,111.28,68.11,REST_RECOMMENDED,REST_RECOMMENDED
34.12,90.43,21.94,90.32,736.86,94.95,IMMEDIATE_REST,REST_BEFORE_NEXT_VISIT
32.06,92.18,23.26,85.85,745.42,91.73,IMMEDIATE_REST,REST_BEFORE_NEXT_VISIT
19.57,16.28,29.68,33.04,1535.11,21.05,LOW,MOVABLE
31.88,70.93,33.29,97.82,1909.4,95.93,IMMEDIATE_REST,REST_BEFORE_NEXT_VISIT
19.26,98.14,32.61,48.13,1153.7,40.0,CAUTION,REST_RECOMMENDED
19.93,95.18,14.69,17.1,468.43,27.75,LOW,MOVABLE
30.26,51.39,13.63,83.35,1124.59,75.99,REST_REQUIRED,REST_BEFORE_NEXT_VISIT
22.38,108.3,34.68,115.52,1934.05,62.09,REST_RECOMMENDED,REST_RECOMMENDED
22.15,155.43,27.43,101.5,609.55,57.63,REST_RECOMMENDED,REST_RECOMMENDED
30.34,106.88,25.53,97.28,1137.95,97.94,IMMEDIATE_REST,REST_BEFORE_NEXT_VISIT
18.71,56.57,6.35,23.26,693.87,13.26,LOW,MOVABLE
31.53,170.32,50.74,36.06,2035.16,90.94,IMMEDIATE_REST,REST_BEFORE_NEXT_VISIT
29.91,27.83,20.0,129.39,1166.14,73.21,REST_REQUIRED,REST_BEFORE_NEXT_VISIT
33.48,112.11,10.04,140.08,590.67,91.41,IMMEDIATE_REST,REST_BEFORE_NEXT_VISIT
31.56,25.9,26.4,85.07,276.78,69.43,REST_RECOMMENDED,REST_BEFORE_NEXT_VISIT
29.54,27.49,5.29,44.61,697.3,54.65,REST_RECOMMENDED,REST_RECOMMENDED
27.12,69.65,28.9,85.35,1380.56,74.46,REST_REQUIRED,REST_BEFORE_NEXT_VISIT
21.79,60.69,25.08,32.89,622.09,37.0,CAUTION,MOVABLE
25.57,44.36,17.94,55.27,1204.79,57.79,REST_RECOMMENDED,REST_RECOMMENDED
33.43,106.59,36.54,49.28,796.29,88.0,IMMEDIATE_REST,REST_BEFORE_NEXT_VISIT
29.46,53.26,14.62,82.31,1325.12,70.36,REST_REQUIRED,REST_BEFORE_NEXT_VISIT
31.96,119.9,31.07,63.2,1572.34,97.07,IMMEDIATE_REST,REST_BEFORE_NEXT_VISIT
28.57,98.07,19.27,65.42,782.22,86.69,IMMEDIATE_REST,REST_BEFORE_NEXT_VISIT
25.16,14.53,30.6,35.05,407.37,48.16,CAUTION,REST_RECOMMENDED
25.51,38.34,35.2,72.83,1023.12,62.0,REST_RECOMMENDED,REST_RECOMMENDED
25.55,79.39,21.47,90.68,173.92,66.0,REST_RECOMMENDED,REST_RECOMMENDED
24.15,118.1,34.98,40.31,1769.35,64.23,REST_RECOMMENDED,REST_RECOMMENDED
30.12,97.55,18.72,97.91,444.23,92.0,IMMEDIATE_REST,REST_BEFORE_NEXT_VISIT
16.48,46.31,22.9,95.89,864.22,32.37,CAUTION,MOVABLE
28.39,59.13,15.83,34.13,827.25,66.1,REST_RECOMMENDED,REST_RECOMMENDED
26.34,46.35,35.95,92.83,666.62,66.76,REST_RECOMMENDED,REST_RECOMMENDED
32.73,139.05,25.46,92.79,1737.99,100.0,IMMEDIATE_REST,REST_BEFORE_NEXT_VISIT
25.49,40.81,29.14,87.56,646.94,60.59,REST_RECOMMENDED,REST_RECOMMENDED
29.36,61.78,20.06,49.16,44.95,84.33,REST_REQUIRED,REST_BEFORE_NEXT_VISIT
27.15,52.57,33.18,35.42,393.14,59.66,REST_RECOMMENDED,REST_RECOMMENDED
27.01,47.2,44.4,31.32,1141.37,59.78,REST_RECOMMENDED,REST_RECOMMENDED
26.88,66.61,21.33,127.71,833.59,72.39,REST_REQUIRED,REST_BEFORE_NEXT_VISIT
21.83,58.63,21.72,119.85,1199.22,37.66,CAUTION,MOVABLE
19.76,46.52,20.2,58.82,317.48,17.0,LOW,MOVABLE
26.92,29.5,26.29,56.51,1082.7,47.0,CAUTION,REST_RECOMMENDED
24.63,38.19,22.91,119.36,962.52,45.0,CAUTION,REST_RECOMMENDED
25.54,96.44,37.95,69.03,202.48,75.84,REST_REQUIRED,REST_BEFORE_NEXT_VISIT
25.83,79.83,7.99,52.49,757.5,56.75,REST_RECOMMENDED,REST_RECOMMENDED
30.96,30.47,23.24,12.98,2132.16,68.8,REST_RECOMMENDED,REST_RECOMMENDED
29.63,77.66,22.54,44.76,695.47,77.27,REST_REQUIRED,REST_BEFORE_NEXT_VISIT
19.03,79.55,22.06,107.32,493.41,33.63,CAUTION,MOVABLE
21.81,47.16,1.46,68.43,432.32,25.34,LOW,MOVABLE
28.13,53.42,28.11,79.06,874.93,73.62,REST_REQUIRED,REST_BEFORE_NEXT_VISIT
26.0,38.55,28.74,74.29,1219.51,60.57,REST_RECOMMENDED,REST_RECOMMENDED
17.63,82.71,45.67,93.55,1611.99,42.81,CAUTION,REST_RECOMMENDED
27.26,26.68,8.48,24.19,780.93,36.7,CAUTION,MOVABLE
27.71,118.65,6.39,121.56,1574.16,80.17,REST_REQUIRED,REST_BEFORE_NEXT_VISIT
30.01,29.96,15.82,96.72,898.22,67.19,REST_RECOMMENDED,REST_RECOMMENDED
29.79,44.63,36.79,45.99,1030.22,79.82,REST_REQUIRED,REST_BEFORE_NEXT_VISIT
28.19,68.59,27.69,123.05,607.12,87.69,IMMEDIATE_REST,REST_BEFORE_NEXT_VISIT
16.51,47.11,13.6,73.34,1993.2,21.16,LOW,MOVABLE
31.5,37.6,22.24,153.78,1617.34,81.28,REST_REQUIRED,REST_BEFORE_NEXT_VISIT
18.73,103.74,4.3,71.47,1673.08,37.2,CAUTION,MOVABLE
20.87,20.23,20.2,38.54,1238.32,12.97,LOW,MOVABLE
29.35,66.56,23.22,97.71,371.27,83.0,REST_REQUIRED,REST_BEFORE_NEXT_VISIT
28.92,62.58,23.95,86.24,1236.71,88.67,IMMEDIATE_REST,REST_BEFORE_NEXT_VISIT
18.52,71.96,9.01,47.69,669.72,26.24,LOW,MOVABLE
26.34,77.42,43.39,76.26,663.93,70.7,REST_REQUIRED,REST_BEFORE_NEXT_VISIT
29.9,22.68,14.32,82.93,301.35,59.93,REST_RECOMMENDED,REST_RECOMMENDED
28.19,43.26,50.76,77.06,1337.83,83.2,REST_REQUIRED,REST_BEFORE_NEXT_VISIT
27.43,59.2,8.76,57.18,529.51,49.08,CAUTION,REST_RECOMMENDED
20.91,61.13,46.61,60.97,91.33,34.09,CAUTION,MOVABLE
28.56,123.11,12.39,54.62,510.76,81.0,REST_REQUIRED,REST_BEFORE_NEXT_VISIT
28.06,86.15,10.02,77.41,869.0,79.47,REST_REQUIRED,REST_BEFORE_NEXT_VISIT
33.06,65.31,18.38,50.35,586.82,76.76,REST_REQUIRED,REST_BEFORE_NEXT_VISIT
20.95,88.93,44.35,66.65,1412.31,36.91,CAUTION,MOVABLE
25.07,146.57,26.26,94.91,1761.33,80.82,REST_REQUIRED,REST_BEFORE_NEXT_VISIT
26.69,66.63,33.91,32.06,496.76,66.47,REST_RECOMMENDED,REST_RECOMMENDED
25.51,33.76,12.79,123.75,1124.92,58.56,REST_RECOMMENDED,REST_RECOMMENDED
32.05,135.45,12.56,61.25,1044.3,92.16,IMMEDIATE_REST,REST_BEFORE_NEXT_VISIT
26.16,45.73,29.22,104.43,1207.57,68.59,REST_RECOMMENDED,REST_RECOMMENDED
25.61,7.15,35.37,13.82,571.16,46.57,CAUTION,REST_RECOMMENDED
23.16,111.8,15.45,43.17,119.02,48.0,CAUTION,REST_RECOMMENDED
32.02,171.37,11.91,95.48,1825.76,91.14,IMMEDIATE_REST,REST_BEFORE_NEXT_VISIT
26.52,60.02,20.39,86.55,619.56,69.42,REST_RECOMMENDED,REST_BEFORE_NEXT_VISIT
21.34,66.05,23.8,27.11,1866.48,37.85,CAUTION,MOVABLE
27.84,81.23,29.85,32.53,1381.23,72.3,REST_REQUIRED,REST_BEFORE_NEXT_VISIT
19.95,99.18,9.78,35.08,535.14,31.2,CAUTION,MOVABLE
29.2,92.63,35.05,40.46,1647.71,90.0,IMMEDIATE_REST,REST_BEFORE_NEXT_VISIT
27.06,43.06,23.18,47.64,1086.07,58.66,REST_RECOMMENDED,REST_RECOMMENDED
28.88,132.12,17.73,116.46,1851.83,98.2,IMMEDIATE_REST,REST_BEFORE_NEXT_VISIT
22.48,54.71,9.92,57.68,1294.93,23.19,LOW,MOVABLE
26.15,12.25,54.83,102.73,1026.53,60.38,REST_RECOMMENDED,REST_RECOMMENDED
30.8,141.34,43.38,140.75,861.28,100.0,IMMEDIATE_REST,REST_BEFORE_NEXT_VISIT
20.31,43.64,27.49,86.04,660.32,24.92,LOW,MOVABLE
23.07,78.53,27.58,141.42,1870.03,58.8,REST_RECOMMENDED,REST_RECOMMENDED
19.74,144.12,16.38,126.88,1161.29,42.86,CAUTION,REST_RECOMMENDED
28.06,45.29,1.52,59.75,296.91,63.81,REST_RECOMMENDED,REST_RECOMMENDED
29.09,118.16,15.34,83.54,1367.38,93.67,IMMEDIATE_REST,REST_BEFORE_NEXT_VISIT
17.19,97.92,39.68,54.29,1018.24,49.45,CAUTION,REST_RECOMMENDED
26.39,89.89,2.07,27.58,1213.08,60.99,REST_RECOMMENDED,REST_RECOMMENDED
20.16,39.49,30.8,125.46,671.17,31.51,CAUTION,MOVABLE
28.78,66.36,43.64,124.31,407.71,86.57,IMMEDIATE_REST,REST_BEFORE_NEXT_VISIT
18.58,69.38,9.11,48.91,1449.33,25.64,LOW,MOVABLE
24.17,59.9,34.49,118.63,1580.13,55.97,REST_RECOMMENDED,REST_RECOMMENDED
30.26,59.78,20.44,24.35,655.19,70.4,REST_REQUIRED,REST_BEFORE_NEXT_VISIT
26.85,79.92,49.56,52.49,1626.53,69.18,REST_RECOMMENDED,REST_BEFORE_NEXT_VISIT
22.67,42.71,9.27,101.13,1089.33,30.0,CAUTION,MOVABLE
18.43,48.94,35.73,141.65,2052.42,35.52,CAUTION,MOVABLE
24.04,91.36,38.89,133.72,566.89,70.46,REST_REQUIRED,REST_BEFORE_NEXT_VISIT
26.56,85.72,12.86,73.06,2129.68,67.79,REST_RECOMMENDED,REST_RECOMMENDED
34.89,123.59,49.11,85.12,662.98,99.42,IMMEDIATE_REST,REST_BEFORE_NEXT_VISIT
30.86,12.2,37.06,128.46,2292.23,73.36,REST_REQUIRED,REST_BEFORE_NEXT_VISIT
24.03,86.4,36.55,39.18,306.52,51.34,REST_RECOMMENDED,REST_RECOMMENDED
31.6,71.85,34.63,24.45,222.48,74.97,REST_REQUIRED,REST_BEFORE_NEXT_VISIT
25.14,92.39,16.84,125.37,1336.23,75.22,REST_REQUIRED,REST_BEFORE_NEXT_VISIT
27.25,19.36,24.59,64.15,1260.97,53.1,REST_RECOMMENDED,REST_RECOMMENDED
33.01,136.32,22.3,62.09,1224.4,96.11,IMMEDIATE_REST,REST_BEFORE_NEXT_VISIT
20.27,62.89,29.07,12.46,998.14,26.96,LOW,MOVABLE
23.13,79.67,16.16,9.8,232.71,37.0,CAUTION,MOVABLE
27.19,21.99,14.81,43.06,1880.77,43.0,CAUTION,REST_RECOMMENDED
30.43,48.48,46.18,59.52,1200.21,73.0,REST_REQUIRED,REST_BEFORE_NEXT_VISIT
26.74,42.01,35.04,116.26,1588.86,72.13,REST_REQUIRED,REST_BEFORE_NEXT_VISIT
30.69,112.97,48.56,145.79,295.77,93.18,IMMEDIATE_REST,REST_BEFORE_NEXT_VISIT
32.32,118.09,17.49,50.02,686.78,85.08,IMMEDIATE_REST,REST_BEFORE_NEXT_VISIT
32.68,48.54,37.8,118.6,1159.78,81.57,REST_REQUIRED,REST_BEFORE_NEXT_VISIT
27.68,63.05,29.2,50.43,360.09,61.0,REST_RECOMMENDED,REST_RECOMMENDED
26.92,67.31,15.93,86.98,1566.93,64.0,REST_RECOMMENDED,REST_RECOMMENDED
31.56,63.45,14.06,52.71,1050.74,80.64,REST_REQUIRED,REST_BEFORE_NEXT_VISIT
23.8,41.03,21.4,47.49,1060.9,44.81,CAUTION,REST_RECOMMENDED
25.08,26.53,22.45,102.13,1788.59,62.02,REST_RECOMMENDED,REST_RECOMMENDED
25.75,112.24,24.91,117.73,263.25,76.4,REST_REQUIRED,REST_BEFORE_NEXT_VISIT
28.92,45.28,32.12,66.83,590.08,81.47,REST_REQUIRED,REST_BEFORE_NEXT_VISIT
23.42,111.69,36.94,45.34,277.15,55.04,REST_RECOMMENDED,REST_RECOMMENDED
30.13,34.85,30.92,4.55,2514.12,70.0,REST_REQUIRED,REST_BEFORE_NEXT_VISIT
24.99,45.3,12.81,19.1,2015.93,33.0,CAUTION,MOVABLE
23.12,91.11,32.7,74.2,202.17,67.98,REST_RECOMMENDED,REST_RECOMMENDED
20.14,65.95,9.16,47.41,1875.17,24.23,LOW,MOVABLE
30.81,53.15,11.25,33.88,2286.86,66.0,REST_RECOMMENDED,REST_RECOMMENDED
23.19,124.9,37.23,83.15,1945.7,68.99,REST_RECOMMENDED,REST_RECOMMENDED
25.13,25.8,4.6,65.53,1400.28,46.41,CAUTION,REST_RECOMMENDED
18.06,60.71,10.19,43.25,575.13,24.75,LOW,MOVABLE
25.84,72.08,17.2,12.72,1099.68,62.18,REST_RECOMMENDED,REST_RECOMMENDED
20.95,99.11,40.98,28.3,1637.48,37.0,CAUTION,MOVABLE
28.06,104.8,38.44,65.6,1043.57,100.0,IMMEDIATE_REST,REST_BEFORE_NEXT_VISIT
22.62,52.26,45.48,71.44,752.46,39.78,CAUTION,REST_RECOMMENDED
26.27,63.69,29.32,125.11,1437.61,77.35,REST_REQUIRED,REST_BEFORE_NEXT_VISIT
17.08,56.44,39.16,35.67,633.03,28.52,LOW,MOVABLE
30.04,113.98,8.63,107.16,128.12,82.0,REST_REQUIRED,REST_BEFORE_NEXT_VISIT
23.29,47.92,3.88,89.31,308.33,38.0,CAUTION,MOVABLE
20.56,109.97,28.54,55.3,1019.76,43.03,CAUTION,REST_RECOMMENDED
34.65,32.98,19.31,84.29,1021.55,70.58,REST_REQUIRED,REST_BEFORE_NEXT_VISIT
24.45,28.05,32.37,75.13,546.84,42.26,CAUTION,REST_RECOMMENDED
23.15,39.42,37.78,84.06,1845.11,50.03,REST_RECOMMENDED,REST_RECOMMENDED
19.04,99.81,27.76,147.2,624.68,42.0,CAUTION,REST_RECOMMENDED
27.4,53.56,16.56,108.63,389.18,65.91,REST_RECOMMENDED,REST_RECOMMENDED
29.11,30.36,10.8,50.29,295.5,66.75,REST_RECOMMENDED,REST_RECOMMENDED
25.92,49.78,38.27,85.63,509.55,64.42,REST_RECOMMENDED,REST_RECOMMENDED
31.55,44.96,13.68,25.98,455.84,62.73,REST_RECOMMENDED,REST_RECOMMENDED
26.59,77.66,19.44,94.57,640.88,68.63,REST_RECOMMENDED,REST_RECOMMENDED
29.89,68.07,25.21,26.95,691.38,74.93,REST_REQUIRED,REST_BEFORE_NEXT_VISIT
20.99,94.55,51.65,98.56,1317.98,48.63,CAUTION,REST_RECOMMENDED
22.61,100.52,45.0,90.83,1345.19,59.74,REST_RECOMMENDED,REST_RECOMMENDED
28.59,45.46,24.28,72.02,750.8,73.56,REST_REQUIRED,REST_BEFORE_NEXT_VISIT
20.74,5.52,16.39,90.3,970.63,16.25,LOW,MOVABLE
25.25,53.98,34.24,57.54,1431.32,58.0,REST_RECOMMENDED,REST_RECOMMENDED
20.14,86.59,21.71,57.58,1293.96,31.09,CAUTION,MOVABLE
28.21,59.49,38.63,48.13,421.19,71.74,REST_REQUIRED,REST_BEFORE_NEXT_VISIT
19.19,42.72,39.03,142.84,2245.82,32.02,CAUTION,MOVABLE
27.85,66.79,17.99,139.81,2379.93,70.52,REST_REQUIRED,REST_BEFORE_NEXT_VISIT
19.61,96.84,46.11,107.36,1176.04,52.32,REST_RECOMMENDED,REST_RECOMMENDED
22.47,105.7,31.99,109.02,459.51,59.08,REST_RECOMMENDED,REST_RECOMMENDED
27.37,95.71,16.46,151.22,682.26,73.0,REST_REQUIRED,REST_BEFORE_NEXT_VISIT
32.09,70.22,9.95,116.64,324.65,80.16,REST_REQUIRED,REST_BEFORE_NEXT_VISIT
25.88,48.11,29.28,124.33,1012.52,68.97,REST_RECOMMENDED,REST_RECOMMENDED
20.58,99.08,32.87,44.35,409.95,44.34,CAUTION,REST_RECOMMENDED
29.22,84.07,16.03,96.35,1194.3,85.43,IMMEDIATE_REST,REST_BEFORE_NEXT_VISIT
27.43,113.47,30.74,63.63,2136.36,81.35,REST_REQUIRED,REST_BEFORE_NEXT_VISIT
20.01,109.16,4.99,37.27,2144.49,35.23,CAUTION,MOVABLE
24.7,62.42,49.57,60.64,149.82,51.0,REST_RECOMMENDED,REST_RECOMMENDED
28.86,100.44,1.83,79.53,1816.29,84.62,REST_REQUIRED,REST_BEFORE_NEXT_VISIT
28.55,21.0,34.82,80.77,476.73,70.64,REST_REQUIRED,REST_BEFORE_NEXT_VISIT
19.41,30.3,33.24,99.26,1605.06,31.61,CAUTION,MOVABLE
30.86,98.4,31.09,51.86,359.4,91.95,IMMEDIATE_REST,REST_BEFORE_NEXT_VISIT
18.96,99.43,20.22,29.97,181.53,31.23,CAUTION,MOVABLE
30.93,38.89,46.16,87.82,951.04,76.31,REST_REQUIRED,REST_BEFORE_NEXT_VISIT
30.69,30.35,5.19,80.1,698.15,71.89,REST_REQUIRED,REST_BEFORE_NEXT_VISIT
30.81,16.16,4.6,65.43,191.67,55.61,REST_RECOMMENDED,REST_RECOMMENDED
17.48,132.43,10.71,123.04,335.14,40.21,CAUTION,REST_RECOMMENDED
26.85,89.11,15.56,110.41,371.77,65.65,REST_RECOMMENDED,REST_RECOMMENDED
18.91,33.1,24.78,128.06,1623.87,33.58,CAUTION,MOVABLE
29.32,81.46,32.66,107.05,71.67,85.32,IMMEDIATE_REST,REST_BEFORE_NEXT_VISIT
21.59,43.09,8.96,39.98,674.14,21.2,LOW,MOVABLE
27.02,19.14,8.38,142.38,1561.19,50.13,REST_RECOMMENDED,REST_RECOMMENDED
31.36,65.13,40.49,60.36,330.42,83.0,REST_REQUIRED,REST_BEFORE_NEXT_VISIT
20.26,165.82,20.0,98.08,170.22,41.38,CAUTION,REST_RECOMMENDED
26.54,104.95,11.81,86.41,2097.03,74.84,REST_REQUIRED,REST_BEFORE_NEXT_VISIT
28.81,94.39,44.4,64.37,1080.11,97.57,IMMEDIATE_REST,REST_BEFORE_NEXT_VISIT
26.89,35.18,25.75,25.69,702.09,50.0,REST_RECOMMENDED,REST_RECOMMENDED
22.82,60.63,35.97,17.52,769.36,39.14,CAUTION,REST_RECOMMENDED
17.98,131.99,33.42,144.28,107.91,42.05,CAUTION,REST_RECOMMENDED
23.58,81.35,23.57,39.82,524.13,47.14,CAUTION,REST_RECOMMENDED
17.46,35.14,22.18,100.55,378.45,25.25,LOW,MOVABLE
27.72,117.0,10.16,73.67,1202.54,72.0,REST_REQUIRED,REST_BEFORE_NEXT_VISIT
31.31,103.46,49.56,62.94,1384.86,96.26,IMMEDIATE_REST,REST_BEFORE_NEXT_VISIT
23.99,27.48,29.97,133.33,1230.11,39.0,CAUTION,MOVABLE
27.85,56.72,28.1,95.45,1191.13,62.37,REST_RECOMMENDED,REST_RECOMMENDED
20.68,124.38,14.21,27.64,2306.33,35.37,CAUTION,MOVABLE
21.76,55.89,23.1,108.57,2502.13,40.64,CAUTION,REST_RECOMMENDED
21.6,127.14,33.53,127.79,1580.62,62.41,REST_RECOMMENDED,REST_RECOMMENDED
23.67,123.48,2.62,70.21,268.74,49.22,CAUTION,REST_RECOMMENDED
22.05,73.27,11.18,127.38,996.88,44.07,CAUTION,REST_RECOMMENDED
24.65,73.65,15.65,85.54,1007.94,56.07,REST_RECOMMENDED,REST_RECOMMENDED
25.0,17.06,21.08,74.07,390.23,53.71,REST_RECOMMENDED,REST_RECOMMENDED
30.11,51.44,34.63,127.39,1055.67,80.45,REST_REQUIRED,REST_BEFORE_NEXT_VISIT
22.33,33.92,49.4,38.05,485.62,32.79,CAUTION,MOVABLE
33.12,60.77,30.81,8.41,296.21,78.04,REST_REQUIRED,REST_BEFORE_NEXT_VISIT
18.73,89.16,21.68,170.89,575.22,37.78,CAUTION,MOVABLE
30.63,40.15,21.06,10.54,1738.6,75.47,REST_REQUIRED,REST_BEFORE_NEXT_VISIT
21.88,26.92,31.04,24.67,2318.16,26.62,LOW,MOVABLE
24.07,72.14,27.83,88.38,387.74,50.0,REST_RECOMMENDED,REST_RECOMMENDED
27.51,65.03,22.38,68.86,2241.11,72.03,REST_REQUIRED,REST_BEFORE_NEXT_VISIT
32.5,58.85,21.17,116.34,996.66,80.13,REST_REQUIRED,REST_BEFORE_NEXT_VISIT
19.98,117.61,33.42,89.05,807.72,47.12,CAUTION,REST_RECOMMENDED
19.8,44.52,32.69,82.84,799.58,28.93,LOW,MOVABLE
26.06,88.33,13.85,123.19,450.62,68.09,REST_RECOMMENDED,REST_RECOMMENDED
24.76,72.07,28.08,129.81,1381.86,56.0,REST_RECOMMENDED,REST_RECOMMENDED
21.94,71.66,20.91,128.49,1687.65,48.09,CAUTION,REST_RECOMMENDED
16.8,126.36,4.79,80.28,1002.19,37.05,CAUTION,MOVABLE
31.38,87.08,37.93,78.95,682.42,84.28,REST_REQUIRED,REST_BEFORE_NEXT_VISIT
27.53,55.06,19.3,86.44,900.87,54.69,REST_RECOMMENDED,REST_RECOMMENDED
30.81,63.66,22.45,39.07,1666.05,84.62,REST_REQUIRED,REST_BEFORE_NEXT_VISIT
32.36,68.64,12.66,127.6,457.72,81.43,REST_REQUIRED,REST_BEFORE_NEXT_VISIT
24.02,35.17,23.29,91.57,1398.22,48.84,CAUTION,REST_RECOMMENDED
28.8,101.38,21.23,124.66,1055.65,96.33,IMMEDIATE_REST,REST_BEFORE_NEXT_VISIT
24.26,97.0,12.34,159.68,1474.34,66.3,REST_RECOMMENDED,REST_RECOMMENDED
25.49,52.82,9.71,149.21,500.75,56.83,REST_RECOMMENDED,REST_RECOMMENDED
33.12,43.57,16.68,139.82,1638.59,74.0,REST_REQUIRED,REST_BEFORE_NEXT_VISIT
24.84,75.73,11.89,107.78,186.93,47.33,CAUTION,REST_RECOMMENDED
27.12,50.02,10.28,161.91,2204.26,59.46,REST_RECOMMENDED,REST_RECOMMENDED
24.05,84.96,12.29,100.4,1709.42,57.56,REST_RECOMMENDED,REST_RECOMMENDED
21.26,33.2,23.51,73.22,432.0,32.86,CAUTION,MOVABLE
31.24,104.28,16.59,45.06,227.39,86.15,IMMEDIATE_REST,REST_BEFORE_NEXT_VISIT
18.93,59.21,32.84,78.13,887.44,29.6,LOW,MOVABLE
18.81,123.54,25.69,130.04,1316.16,52.94,REST_RECOMMENDED,REST_RECOMMENDED
31.79,52.33,35.0,43.07,1534.46,76.56,REST_REQUIRED,REST_BEFORE_NEXT_VISIT
19.2,71.43,1.53,88.66,1172.9,29.36,LOW,MOVABLE
22.64,28.33,23.58,36.56,987.54,23.93,LOW,MOVABLE
25.33,58.18,34.59,63.34,542.02,60.0,REST_RECOMMENDED,REST_RECOMMENDED
20.61,73.39,12.61,85.75,1219.11,30.41,CAUTION,MOVABLE
30.57,78.24,11.51,68.12,1060.59,81.53,REST_REQUIRED,REST_BEFORE_NEXT_VISIT
27.46,109.26,30.2,50.76,398.01,72.36,REST_REQUIRED,REST_BEFORE_NEXT_VISIT
21.92,22.65,21.23,55.22,444.01,19.05,LOW,MOVABLE
30.12,112.0,32.2,123.37,1330.53,100.0,IMMEDIATE_REST,REST_BEFORE_NEXT_VISIT
27.79,90.17,26.21,84.47,1918.87,80.14,REST_REQUIRED,REST_BEFORE_NEXT_VISIT
29.18,21.78,21.3,91.08,167.0,69.18,REST_RECOMMENDED,REST_BEFORE_NEXT_VISIT
26.87,138.82,11.06,110.28,444.62,76.65,REST_REQUIRED,REST_BEFORE_NEXT_VISIT
16.52,71.93,22.88,41.43,168.14,24.0,LOW,MOVABLE
20.63,62.15,30.65,83.14,1535.19,36.0,CAUTION,MOVABLE
23.39,118.06,22.2,28.68,815.84,52.49,REST_RECOMMENDED,REST_RECOMMENDED
25.62,12.55,31.83,30.68,1105.39,50.0,REST_RECOMMENDED,REST_RECOMMENDED
20.49,100.22,29.59,34.34,1441.55,43.4,CAUTION,REST_RECOMMENDED
30.95,20.81,29.13,95.28,852.89,69.89,REST_RECOMMENDED,REST_BEFORE_NEXT_VISIT
26.3,78.24,10.19,17.45,113.06,55.32,REST_RECOMMENDED,REST_RECOMMENDED
18.65,79.99,25.53,118.7,844.69,40.02,CAUTION,REST_RECOMMENDED
34.18,44.48,54.33,21.85,1524.27,73.67,REST_REQUIRED,REST_BEFORE_NEXT_VISIT
23.15,28.12,45.57,170.68,122.57,38.99,CAUTION,MOVABLE
26.05,46.29,12.14,73.01,708.78,54.49,REST_RECOMMENDED,REST_RECOMMENDED
29.84,87.68,25.39,76.74,330.16,86.61,IMMEDIATE_REST,REST_BEFORE_NEXT_VISIT
25.27,105.7,48.96,44.9,1356.44,76.96,REST_REQUIRED,REST_BEFORE_NEXT_VISIT
32.19,30.53,17.79,127.77,1680.17,81.22,REST_REQUIRED,REST_BEFORE_NEXT_VISIT
26.7,31.03,8.27,135.05,754.27,53.0,REST_RECOMMENDED,REST_RECOMMENDED
21.52,68.03,17.65,69.61,974.81,39.93,CAUTION,REST_RECOMMENDED
27.65,36.76,14.47,70.64,982.3,54.79,REST_RECOMMENDED,REST_RECOMMENDED
29.5,29.85,37.48,35.24,1781.47,65.0,REST_RECOMMENDED,REST_RECOMMENDED
19.39,18.18,9.53,112.68,573.26,10.48,LOW,MOVABLE
33.7,92.74,13.97,55.18,2035.2,83.02,REST_REQUIRED,REST_BEFORE_NEXT_VISIT
25.51,116.77,17.24,51.16,184.87,66.87,REST_RECOMMENDED,REST_RECOMMENDED
25.78,53.81,17.74,71.72,1665.68,55.43,REST_RECOMMENDED,REST_RECOMMENDED
16.35,126.74,8.87,127.69,242.68,33.04,CAUTION,MOVABLE
23.43,55.73,6.79,106.23,1657.02,43.28,CAUTION,REST_RECOMMENDED
27.78,94.19,24.16,97.54,889.77,82.13,REST_REQUIRED,REST_BEFORE_NEXT_VISIT
27.71,69.81,26.68,101.66,918.02,69.0,REST_RECOMMENDED,REST_RECOMMENDED
23.5,55.48,3.4,136.73,1006.53,40.0,CAUTION,REST_RECOMMENDED
20.16,41.15,15.37,31.68,1166.68,17.26,LOW,MOVABLE
26.41,60.32,17.37,111.78,381.88,68.17,REST_RECOMMENDED,REST_RECOMMENDED
18.31,29.46,16.13,29.34,399.81,4.42,LOW,MOVABLE
30.84,18.0,43.64,151.59,1450.84,72.13,REST_REQUIRED,REST_BEFORE_NEXT_VISIT
17.87,55.55,39.64,118.94,1585.35,34.11,CAUTION,MOVABLE
30.42,87.2,23.21,86.13,1242.83,83.83,REST_REQUIRED,REST_BEFORE_NEXT_VISIT
22.51,74.25,11.2,102.08,387.6,43.71,CAUTION,REST_RECOMMENDED
30.63,50.01,2.52,60.02,1493.27,68.9,REST_RECOMMENDED,REST_RECOMMENDED
20.6,95.16,33.03,158.31,1016.71,47.15,CAUTION,REST_RECOMMENDED
19.23,122.2,33.04,127.28,1131.63,54.68,REST_RECOMMENDED,REST_RECOMMENDED
25.97,78.33,15.76,43.32,398.67,64.15,REST_RECOMMENDED,REST_RECOMMENDED
28.9,51.45,16.77,57.24,1617.26,69.37,REST_RECOMMENDED,REST_BEFORE_NEXT_VISIT
30.36,87.67,25.58,44.6,568.86,82.72,REST_REQUIRED,REST_BEFORE_NEXT_VISIT
23.87,33.86,34.55,39.25,580.84,43.56,CAUTION,REST_RECOMMENDED
21.69,128.84,29.94,109.31,381.12,51.0,REST_RECOMMENDED,REST_RECOMMENDED
20.12,36.34,31.88,66.43,825.47,25.81,LOW,MOVABLE
22.82,35.34,23.14,63.16,164.41,32.6,CAUTION,MOVABLE
16.83,65.37,35.42,111.02,1057.85,43.65,CAUTION,REST_RECOMMENDED
22.9,68.25,4.52,68.06,398.31,39.86,CAUTION,REST_RECOMMENDED
29.36,72.43,28.58,88.85,532.82,81.7,REST_REQUIRED,REST_BEFORE_NEXT_VISIT
25.79,71.46,18.97,63.83,1417.85,68.66,REST_RECOMMENDED,REST_RECOMMENDED
26.33,98.19,29.93,26.73,259.41,64.02,REST_RECOMMENDED,REST_RECOMMENDED
25.96,49.19,34.04,51.78,812.5,59.93,REST_RECOMMENDED,REST_RECOMMENDED
26.31,50.61,44.56,88.67,1379.93,62.0,REST_RECOMMENDED,REST_RECOMMENDED
19.35,37.47,24.75,80.38,866.5,27.55,LOW,MOVABLE
24.14,31.72,44.08,75.5,1011.9,50.8,REST_RECOMMENDED,REST_RECOMMENDED
28.52,83.31,35.5,66.9,1398.06,86.0,IMMEDIATE_REST,REST_BEFORE_NEXT_VISIT
24.55,111.51,9.76,146.02,692.89,59.33,REST_RECOMMENDED,REST_RECOMMENDED
19.02,131.84,25.37,18.98,293.84,29.0,LOW,MOVABLE
25.39,118.49,50.39,91.96,1634.75,83.29,REST_REQUIRED,REST_BEFORE_NEXT_VISIT
29.04,24.23,7.41,94.48,1724.9,66.4,REST_RECOMMENDED,REST_RECOMMENDED
29.47,67.27,11.35,36.19,879.58,75.51,REST_REQUIRED,REST_BEFORE_NEXT_VISIT
30.82,40.29,26.28,86.39,1030.62,74.91,REST_REQUIRED,REST_BEFORE_NEXT_VISIT
23.03,33.06,32.97,30.5,769.15,41.0,CAUTION,REST_RECOMMENDED
25.64,59.38,25.27,66.02,612.82,57.0,REST_RECOMMENDED,REST_RECOMMENDED
21.98,39.92,27.56,94.94,779.09,35.6,CAUTION,MOVABLE
24.98,94.64,18.88,53.05,2071.27,53.0,REST_RECOMMENDED,REST_RECOMMENDED
33.24,64.17,11.54,120.22,1116.3,85.95,IMMEDIATE_REST,REST_BEFORE_NEXT_VISIT
30.12,59.87,2.29,112.91,274.35,65.0,REST_RECOMMENDED,REST_RECOMMENDED
32.31,165.51,38.02,42.28,1564.33,90.12,IMMEDIATE_REST,REST_BEFORE_NEXT_VISIT
19.09,95.99,3.67,99.16,571.69,40.02,CAUTION,REST_RECOMMENDED
19.6,113.49,29.7,118.89,1127.52,52.04,REST_RECOMMENDED,REST_RECOMMENDED
28.53,77.72,10.46,31.72,720.85,73.0,REST_REQUIRED,REST_BEFORE_NEXT_VISIT
29.12,73.51,29.97,158.55,1339.68,90.68,IMMEDIATE_REST,REST_BEFORE_NEXT_VISIT
30.3,80.57,15.5,12.79,927.1,76.11,REST_REQUIRED,REST_BEFORE_NEXT_VISIT
33.09,33.58,44.65,71.78,1090.91,77.62,REST_REQUIRED,REST_BEFORE_NEXT_VISIT
25.11,47.5,40.26,53.42,250.27,54.68,REST_RECOMMENDED,REST_RECOMMENDED
22.12,105.78,34.85,38.83,1090.58,53.33,REST_RECOMMENDED,REST_RECOMMENDED
22.99,139.3,53.6,59.44,1585.05,53.59,REST_RECOMMENDED,REST_RECOMMENDED
33.43,13.0,24.16,86.96,808.11,67.79,REST_RECOMMENDED,REST_RECOMMENDED
29.99,79.83,36.47,10.71,860.49,81.24,REST_REQUIRED,REST_BEFORE_NEXT_VISIT
32.18,55.17,5.49,53.66,1788.26,71.58,REST_REQUIRED,REST_BEFORE_NEXT_VISIT
17.1,18.96,33.87,92.86,1243.81,24.59,LOW,MOVABLE
31.23,48.61,24.26,89.73,790.18,77.93,REST_REQUIRED,REST_BEFORE_NEXT_VISIT
19.39,9.68,37.72,132.0,529.41,20.0,LOW,MOVABLE
27.97,106.34,14.05,135.16,1462.92,76.13,REST_REQUIRED,REST_BEFORE_NEXT_VISIT
26.19,40.87,11.05,78.04,697.48,53.0,REST_RECOMMENDED,REST_RECOMMENDED
19.52,31.01,33.71,75.47,616.22,36.49,CAUTION,MOVABLE
27.71,70.9,28.79,171.59,590.13,76.5,REST_REQUIRED,REST_BEFORE_NEXT_VISIT
22.32,39.34,16.02,40.24,2393.7,26.0,LOW,MOVABLE
22.51,55.21,6.63,103.81,362.88,27.61,LOW,MOVABLE
22.11,73.2,29.82,132.46,1414.99,46.0,CAUTION,REST_RECOMMENDED
20.88,19.83,18.19,125.98,1796.68,18.0,LOW,MOVABLE
28.46,78.56,8.91,84.57,1024.44,79.3,REST_REQUIRED,REST_BEFORE_NEXT_VISIT
27.88,37.71,28.59,33.98,1708.59,55.0,REST_RECOMMENDED,REST_RECOMMENDED
24.7,82.18,6.14,55.67,1389.86,45.96,CAUTION,REST_RECOMMENDED
20.51,48.99,49.41,123.34,1930.09,30.0,CAUTION,MOVABLE
23.01,19.42,37.24,124.37,1462.44,43.59,CAUTION,REST_RECOMMENDED
30.62,14.64,14.82,53.0,1456.65,62.49,REST_RECOMMENDED,REST_RECOMMENDED
23.32,73.75,41.7,10.25,147.46,44.0,CAUTION,REST_RECOMMENDED
27.72,130.58,23.4,55.78,1328.02,72.0,REST_REQUIRED,REST_BEFORE_NEXT_VISIT
24.09,37.16,28.19,57.07,416.43,40.1,CAUTION,REST_RECOMMENDED
20.25,29.24,45.93,75.19,572.58,19.26,LOW,MOVABLE
23.88,90.87,22.64,85.49,1818.62,71.69,REST_REQUIRED,REST_BEFORE_NEXT_VISIT
20.25,116.4,26.37,49.06,1186.55,43.98,CAUTION,REST_RECOMMENDED
24.2,72.62,21.6,51.15,574.59,51.56,REST_RECOMMENDED,REST_RECOMMENDED
28.07,33.39,55.93,34.02,1338.93,73.0,REST_REQUIRED,REST_BEFORE_NEXT_VISIT
28.69,22.98,8.41,32.78,751.13,54.9,REST_RECOMMENDED,REST_RECOMMENDED
28.74,132.6,24.78,114.4,663.17,92.0,IMMEDIATE_REST,REST_BEFORE_NEXT_VISIT
18.94,125.82,21.85,104.15,520.89,45.39,CAUTION,REST_RECOMMENDED
22.16,95.21,13.07,73.74,188.79,42.0,CAUTION,REST_RECOMMENDED
17.2,5.89,44.0,26.51,771.93,17.27,LOW,MOVABLE
30.14,105.39,16.33,85.0,1057.55,90.44,IMMEDIATE_REST,REST_BEFORE_NEXT_VISIT
22.09,99.61,5.62,38.0,1279.73,43.57,CAUTION,REST_RECOMMENDED
25.76,28.42,15.8,34.1,53.51,40.08,CAUTION,REST_RECOMMENDED
24.61,52.34,46.98,98.26,449.33,47.0,CAUTION,REST_RECOMMENDED
26.94,86.42,21.77,98.18,725.44,73.41,REST_REQUIRED,REST_BEFORE_NEXT_VISIT
23.79,84.06,46.13,49.54,1204.54,52.0,REST_RECOMMENDED,REST_RECOMMENDED
28.34,67.98,17.45,150.59,727.14,82.35,REST_REQUIRED,REST_BEFORE_NEXT_VISIT
26.1,100.75,32.69,39.03,1356.13,82.02,REST_REQUIRED,REST_BEFORE_NEXT_VISIT
23.2,10.85,4.08,121.82,208.9,31.97,CAUTION,MOVABLE
20.46,21.96,8.8,99.44,1272.34,17.39,LOW,MOVABLE
25.05,134.14,20.43,30.39,1692.47,77.05,REST_REQUIRED,REST_BEFORE_NEXT_VISIT
29.94,60.99,37.37,64.58,960.33,86.58,IMMEDIATE_REST,REST_BEFORE_NEXT_VISIT
22.27,34.31,39.56,125.6,1929.59,42.32,CAUTION,REST_RECOMMENDED
26.35,26.57,15.2,75.5,1273.69,50.32,REST_RECOMMENDED,REST_RECOMMENDED
17.64,78.83,13.05,108.17,501.57,30.82,CAUTION,MOVABLE
25.77,105.48,23.43,124.56,1102.43,79.0,REST_REQUIRED,REST_BEFORE_NEXT_VISIT
21.65,83.03,13.46,47.6,1523.96,35.85,CAUTION,MOVABLE
33.23,42.52,48.77,116.35,1491.24,85.82,IMMEDIATE_REST,REST_BEFORE_NEXT_VISIT
18.21,38.07,47.18,81.52,1288.9,28.08,LOW,MOVABLE
29.98,19.17,35.04,40.54,1060.24,65.0,REST_RECOMMENDED,REST_RECOMMENDED
17.77,78.44,26.76,34.51,635.24,29.93,LOW,MOVABLE
27.87,30.82,21.66,88.55,631.62,60.48,REST_RECOMMENDED,REST_RECOMMENDED
27.6,92.75,6.7,131.32,514.53,73.79,REST_REQUIRED,REST_BEFORE_NEXT_VISIT
25.31,148.04,6.86,39.72,287.77,60.33,REST_RECOMMENDED,REST_RECOMMENDED
26.97,77.73,12.02,144.86,2009.12,78.58,REST_REQUIRED,REST_BEFORE_NEXT_VISIT
18.36,67.36,30.15,94.3,651.44,40.01,CAUTION,REST_RECOMMENDED
25.03,124.28,7.66,22.05,475.17,68.32,REST_RECOMMENDED,REST_RECOMMENDED
18.04,114.55,23.1,146.22,1315.55,53.79,REST_RECOMMENDED,REST_RECOMMENDED
21.96,20.52,30.55,47.15,523.97,24.73,LOW,MOVABLE
22.26,99.69,21.31,60.36,438.99,56.18,REST_RECOMMENDED,REST_RECOMMENDED
28.82,58.87,30.96,70.83,2391.97,78.72,REST_REQUIRED,REST_BEFORE_NEXT_VISIT
22.41,92.0,37.03,10.73,1506.52,47.0,CAUTION,REST_RECOMMENDED
18.9,96.69,44.6,124.41,1104.38,49.33,CAUTION,REST_RECOMMENDED
23.16,29.59,28.87,125.34,1332.24,40.33,CAUTION,REST_RECOMMENDED
32.31,135.43,25.98,105.55,1464.77,96.47,IMMEDIATE_REST,REST_BEFORE_NEXT_VISIT
22.07,85.71,24.69,19.0,309.7,38.23,CAUTION,MOVABLE
26.05,79.1,3.26,52.81,1612.92,59.65,REST_RECOMMENDED,REST_RECOMMENDED
32.55,38.81,17.79,151.21,484.91,74.03,REST_REQUIRED,REST_BEFORE_NEXT_VISIT
34.29,64.51,37.92,82.27,1315.16,92.09,IMMEDIATE_REST,REST_BEFORE_NEXT_VISIT
30.55,122.93,51.27,52.62,2035.04,95.46,IMMEDIATE_REST,REST_BEFORE_NEXT_VISIT
33.14,70.44,28.57,65.84,1505.58,85.47,IMMEDIATE_REST,REST_BEFORE_NEXT_VISIT
26.03,137.61,23.39,87.76,2345.51,83.5,REST_REQUIRED,REST_BEFORE_NEXT_VISIT
33.3,65.71,12.05,121.86,581.13,83.58,REST_REQUIRED,REST_BEFORE_NEXT_VISIT
21.34,24.87,29.58,4.15,1612.92,24.37,LOW,MOVABLE
31.65,90.05,2.01,120.09,1586.42,88.76,IMMEDIATE_REST,REST_BEFORE_NEXT_VISIT
21.11,76.13,32.07,25.17,1528.48,40.58,CAUTION,REST_RECOMMENDED
32.62,29.82,21.68,34.33,2094.88,65.75,REST_RECOMMENDED,REST_RECOMMENDED
26.25,17.81,5.33,113.91,413.5,44.0,CAUTION,REST_RECOMMENDED
21.3,23.04,29.44,42.08,1045.62,23.44,LOW,MOVABLE
18.83,66.0,29.5,152.94,1217.29,38.13,CAUTION,MOVABLE
21.74,71.12,31.83,77.39,287.0,41.0,CAUTION,REST_RECOMMENDED
29.61,82.82,43.16,36.72,318.85,82.52,REST_REQUIRED,REST_BEFORE_NEXT_VISIT
23.43,26.3,16.1,40.48,1400.91,28.95,LOW,MOVABLE
19.49,82.57,33.89,62.71,1864.88,42.87,CAUTION,REST_RECOMMENDED
28.18,16.34,30.99,165.58,169.9,71.34,REST_REQUIRED,REST_BEFORE_NEXT_VISIT
32.83,45.83,29.56,71.84,715.83,72.0,REST_REQUIRED,REST_BEFORE_NEXT_VISIT
21.41,82.24,37.68,99.28,1243.65,56.03,REST_RECOMMENDED,REST_RECOMMENDED
28.51,97.27,41.6,133.54,394.47,99.22,IMMEDIATE_REST,REST_BEFORE_NEXT_VISIT
18.58,20.26,39.61,65.29,1200.47,19.28,LOW,MOVABLE
24.8,71.85,19.87,104.71,1395.83,58.31,REST_RECOMMENDED,REST_RECOMMENDED
24.92,49.83,27.95,39.44,701.1,42.39,CAUTION,REST_RECOMMENDED
23.55,40.74,24.2,103.38,299.82,49.65,CAUTION,REST_RECOMMENDED
16.65,36.1,39.45,40.69,174.17,18.0,LOW,MOVABLE
28.91,83.89,35.18,111.35,712.58,94.31,IMMEDIATE_REST,REST_BEFORE_NEXT_VISIT
26.96,58.32,19.54,146.96,717.62,56.0,REST_RECOMMENDED,REST_RECOMMENDED
28.59,86.61,46.9,115.28,1770.61,90.57,IMMEDIATE_REST,REST_BEFORE_NEXT_VISIT
23.33,82.82,15.64,70.64,732.84,47.75,CAUTION,REST_RECOMMENDED
26.73,91.08,47.09,95.69,952.68,83.51,REST_REQUIRED,REST_BEFORE_NEXT_VISIT
24.05,63.44,15.35,77.89,1072.93,51.58,REST_RECOMMENDED,REST_RECOMMENDED
30.68,77.48,31.58,77.17,805.4,88.39,IMMEDIATE_REST,REST_BEFORE_NEXT_VISIT
24.32,88.1,10.27,70.91,515.0,52.66,REST_RECOMMENDED,REST_RECOMMENDED
32.21,81.14,23.83,165.95,1681.21,88.16,IMMEDIATE_REST,REST_BEFORE_NEXT_VISIT
26.3,97.38,42.24,26.21,882.05,74.29,REST_REQUIRED,REST_BEFORE_NEXT_VISIT
22.83,58.91,31.9,92.05,1220.7,40.0,CAUTION,REST_RECOMMENDED
25.53,73.67,32.25,43.59,513.98,66.4,REST_RECOMMENDED,REST_RECOMMENDED
22.12,4.64,19.05,129.56,529.11,24.19,LOW,MOVABLE
25.8,36.76,7.0,8.62,985.47,43.0,CAUTION,REST_RECOMMENDED
22.66,34.13,19.38,75.8,1844.51,32.62,CAUTION,MOVABLE
23.74,87.93,7.89,85.14,1285.39,53.84,REST_RECOMMENDED,REST_RECOMMENDED
28.12,80.78,23.03,52.94,2508.2,81.33,REST_REQUIRED,REST_BEFORE_NEXT_VISIT
25.94,109.89,21.97,21.54,279.34,64.0,REST_RECOMMENDED,REST_RECOMMENDED
26.39,87.12,30.11,41.36,1181.64,67.0,REST_RECOMMENDED,REST_RECOMMENDED
30.09,72.87,32.91,60.58,2012.98,91.83,IMMEDIATE_REST,REST_BEFORE_NEXT_VISIT
22.77,78.02,53.64,158.64,626.69,53.55,REST_RECOMMENDED,REST_RECOMMENDED
25.62,65.89,23.79,46.7,428.64,66.53,REST_RECOMMENDED,REST_RECOMMENDED
24.13,41.09,43.77,111.96,1424.5,54.06,REST_RECOMMENDED,REST_RECOMMENDED
18.19,20.85,15.81,94.93,541.92,14.4,LOW,MOVABLE
20.75,67.76,50.26,110.56,564.57,37.27,CAUTION,MOVABLE
25.67,120.72,28.78,102.68,1837.95,80.38,REST_REQUIRED,REST_BEFORE_NEXT_VISIT
31.37,93.35,45.22,96.47,170.97,93.16,IMMEDIATE_REST,REST_BEFORE_NEXT_VISIT
20.26,78.92,27.98,32.63,244.83,27.73,LOW,MOVABLE
17.09,131.96,25.61,144.95,942.14,51.97,REST_RECOMMENDED,REST_RECOMMENDED
26.52,80.59,8.01,88.45,584.97,59.0,REST_RECOMMENDED,REST_RECOMMENDED
33.72,60.26,16.55,125.1,695.63,86.23,IMMEDIATE_REST,REST_BEFORE_NEXT_VISIT
28.64,106.9,27.46,129.56,1541.76,100.0,IMMEDIATE_REST,REST_BEFORE_NEXT_VISIT
20.95,58.09,4.15,67.02,1919.01,17.96,LOW,MOVABLE
24.49,39.19,39.8,32.06,726.87,44.78,CAUTION,REST_RECOMMENDED
21.96,57.21,16.01,11.96,874.39,21.0,LOW,MOVABLE
27.81,36.25,41.51,74.51,1582.54,66.49,REST_RECOMMENDED,REST_RECOMMENDED
30.6,90.25,36.25,129.74,887.23,98.48,IMMEDIATE_REST,REST_BEFORE_NEXT_VISIT
26.61,22.85,47.69,39.91,1407.82,56.05,REST_RECOMMENDED,REST_RECOMMENDED
34.07,90.38,8.31,121.65,47.62,82.0,REST_REQUIRED,REST_BEFORE_NEXT_VISIT
24.28,96.26,36.52,139.66,2159.84,68.99,REST_RECOMMENDED,REST_RECOMMENDED
30.18,86.27,31.08,19.27,1572.28,82.13,REST_REQUIRED,REST_BEFORE_NEXT_VISIT
25.6,108.59,2.81,46.29,1668.09,65.0,REST_RECOMMENDED,REST_RECOMMENDED
23.36,89.15,7.5,66.51,516.48,44.2,CAUTION,REST_RECOMMENDED
22.18,25.69,27.75,65.98,1979.67,30.74,CAUTION,MOVABLE
17.47,118.87,4.01,15.04,1372.62,34.73,CAUTION,MOVABLE
19.27,55.35,19.63,113.28,1047.4,28.19,LOW,MOVABLE
29.14,116.33,43.65,61.58,881.63,93.12,IMMEDIATE_REST,REST_BEFORE_NEXT_VISIT
30.63,74.96,14.45,35.93,1862.12,79.86,REST_REQUIRED,REST_BEFORE_NEXT_VISIT
22.93,138.86,6.9,82.9,1229.53,49.69,CAUTION,REST_RECOMMENDED
22.13,85.11,12.5,47.79,956.6,42.13,CAUTION,REST_RECOMMENDED
25.64,65.4,26.64,129.53,879.43,70.95,REST_REQUIRED,REST_BEFORE_NEXT_VISIT
17.69,29.82,12.78,145.72,1592.08,18.91,LOW,MOVABLE
18.28,25.43,19.75,85.33,360.83,9.0,LOW,MOVABLE
25.56,126.59,36.81,105.65,627.69,80.85,REST_REQUIRED,REST_BEFORE_NEXT_VISIT
23.02,83.84,49.48,27.81,787.81,47.17,CAUTION,REST_RECOMMENDED
29.56,55.35,33.66,158.3,313.86,78.86,REST_REQUIRED,REST_BEFORE_NEXT_VISIT
26.83,47.2,38.94,98.66,656.51,66.68,REST_RECOMMENDED,REST_RECOMMENDED
25.78,133.6,20.93,29.31,1198.3,69.0,REST_RECOMMENDED,REST_RECOMMENDED
28.2,101.14,30.25,129.37,880.07,99.5,IMMEDIATE_REST,REST_BEFORE_NEXT_VISIT
25.54,107.04,37.76,93.64,190.59,77.55,REST_REQUIRED,REST_BEFORE_NEXT_VISIT
27.84,27.07,39.72,76.68,1416.07,61.36,REST_RECOMMENDED,REST_RECOMMENDED
25.29,30.65,15.6,170.44,1626.14,61.15,REST_RECOMMENDED,REST_RECOMMENDED
21.13,15.06,28.14,46.21,2498.42,29.31,LOW,MOVABLE
19.13,105.13,6.24,116.73,1846.08,39.06,CAUTION,REST_RECOMMENDED
29.8,114.81,13.89,92.01,2344.37,96.18,IMMEDIATE_REST,REST_BEFORE_NEXT_VISIT
22.63,86.67,47.11,13.07,937.62,41.55,CAUTION,REST_RECOMMENDED
25.37,47.8,23.21,15.75,1250.87,52.21,REST_RECOMMENDED,REST_RECOMMENDED
26.66,113.04,12.12,51.76,995.39,77.98,REST_REQUIRED,REST_BEFORE_NEXT_VISIT
27.64,31.81,35.73,43.61,378.72,58.38,REST_RECOMMENDED,REST_RECOMMENDED
30.24,61.36,20.25,138.6,1265.46,86.0,IMMEDIATE_REST,REST_BEFORE_NEXT_VISIT
24.48,105.0,27.93,20.61,1125.16,57.29,REST_RECOMMENDED,REST_RECOMMENDED
21.88,100.77,24.59,67.88,543.62,49.38,CAUTION,REST_RECOMMENDED
28.14,49.98,43.25,93.2,256.49,75.54,REST_REQUIRED,REST_BEFORE_NEXT_VISIT
21.84,21.91,9.88,121.55,430.64,19.0,LOW,MOVABLE
29.79,81.67,21.61,85.32,983.69,81.0,REST_REQUIRED,REST_BEFORE_NEXT_VISIT
25.91,76.06,18.71,71.2,1602.18,64.0,REST_RECOMMENDED,REST_RECOMMENDED
21.75,58.83,23.54,35.75,592.46,31.6,CAUTION,MOVABLE
24.56,31.86,7.01,11.1,50.39,28.9,LOW,MOVABLE
30.26,54.5,13.74,118.17,1906.84,73.0,REST_REQUIRED,REST_BEFORE_NEXT_VISIT
18.83,65.64,29.14,144.49,892.72,34.0,CAUTION,MOVABLE
17.32,73.31,40.69,62.92,93.7,34.58,CAUTION,MOVABLE
22.49,129.97,40.59,96.19,839.19,56.64,REST_RECOMMENDED,REST_RECOMMENDED
26.29,84.55,29.16,127.09,1673.11,72.8,REST_REQUIRED,REST_BEFORE_NEXT_VISIT
28.05,14.84,28.78,98.93,992.84,72.91,REST_REQUIRED,REST_BEFORE_NEXT_VISIT
21.12,90.97,24.88,142.04,341.71,56.67,REST_RECOMMENDED,REST_RECOMMENDED
19.55,81.91,4.2,74.82,1795.33,31.48,CAUTION,MOVABLE
22.38,20.65,11.27,88.85,1655.99,27.74,LOW,MOVABLE
16.51,64.53,17.59,149.35,438.78,36.37,CAUTION,MOVABLE
21.1,36.35,24.56,121.28,1363.66,40.48,CAUTION,REST_RECOMMENDED
30.52,86.0,0.51,74.91,1360.58,82.87,REST_REQUIRED,REST_BEFORE_NEXT_VISIT
29.03,95.0,40.71,108.21,2360.26,99.99,IMMEDIATE_REST,REST_BEFORE_NEXT_VISIT
30.79,33.08,6.4,107.45,306.94,67.51,REST_RECOMMENDED,REST_RECOMMENDED
29.36,126.97,16.23,30.44,752.66,86.77,IMMEDIATE_REST,REST_BEFORE_NEXT_VISIT
20.93,66.94,39.72,71.05,1101.46,36.26,CAUTION,MOVABLE
30.76,59.43,27.67,28.91,1673.78,74.86,REST_REQUIRED,REST_BEFORE_NEXT_VISIT
26.13,25.16,20.15,36.76,303.37,53.06,REST_RECOMMENDED,REST_RECOMMENDED
22.45,39.0,25.62,29.87,991.06,30.65,CAUTION,MOVABLE
29.72,45.06,44.79,55.96,573.75,76.73,REST_REQUIRED,REST_BEFORE_NEXT_VISIT
25.77,1.48,30.37,55.1,533.56,52.9,REST_RECOMMENDED,REST_RECOMMENDED
22.91,92.59,13.09,33.04,1254.05,47.35,CAUTION,REST_RECOMMENDED
25.81,21.14,23.82,71.02,663.6,56.32,REST_RECOMMENDED,REST_RECOMMENDED
29.3,34.57,35.07,68.22,512.79,82.01,REST_REQUIRED,REST_BEFORE_NEXT_VISIT
30.54,110.52,21.14,77.62,1624.65,91.0,IMMEDIATE_REST,REST_BEFORE_NEXT_VISIT
32.22,101.53,2.6,19.61,623.39,75.0,REST_REQUIRED,REST_BEFORE_NEXT_VISIT
31.13,7.88,9.56,65.67,133.4,54.0,REST_RECOMMENDED,REST_RECOMMENDED
27.95,98.44,6.98,96.72,925.65,75.93,REST_REQUIRED,REST_BEFORE_NEXT_VISIT
25.66,30.55,16.64,22.93,729.81,48.0,CAUTION,REST_RECOMMENDED
24.65,90.13,16.98,122.25,1029.03,62.17,REST_RECOMMENDED,REST_RECOMMENDED
24.18,36.14,11.27,124.59,688.28,48.15,CAUTION,REST_RECOMMENDED
23.9,40.91,14.3,46.91,1316.47,41.14,CAUTION,REST_RECOMMENDED
27.82,63.82,20.9,124.22,1106.49,78.38,REST_REQUIRED,REST_BEFORE_NEXT_VISIT
24.7,62.74,16.88,61.6,1399.56,49.49,CAUTION,REST_RECOMMENDED
25.26,41.93,10.86,127.5,1720.15,60.86,REST_RECOMMENDED,REST_RECOMMENDED
22.47,84.15,5.96,33.19,1357.3,37.57,CAUTION,MOVABLE
28.02,66.47,8.47,49.35,323.82,75.67,REST_REQUIRED,REST_BEFORE_NEXT_VISIT
30.51,110.52,28.27,35.79,334.56,90.04,IMMEDIATE_REST,REST_BEFORE_NEXT_VISIT
18.21,102.03,42.66,84.43,916.04,51.71,REST_RECOMMENDED,REST_RECOMMENDED
30.64,10.28,24.12,123.31,631.43,70.37,REST_REQUIRED,REST_BEFORE_NEXT_VISIT
33.6,104.62,24.94,17.09,2106.93,85.93,IMMEDIATE_REST,REST_BEFORE_NEXT_VISIT
27.17,4.64,31.46,120.25,1511.06,58.83,REST_RECOMMENDED,REST_RECOMMENDED
30.49,78.32,37.31,91.78,1397.02,92.86,IMMEDIATE_REST,REST_BEFORE_NEXT_VISIT
28.2,131.29,8.66,63.66,1476.29,84.0,REST_REQUIRED,REST_BEFORE_NEXT_VISIT
24.89,177.46,27.85,126.15,1513.14,70.05,REST_REQUIRED,REST_BEFORE_NEXT_VISIT
21.75,58.81,30.24,106.37,510.43,44.61,CAUTION,REST_RECOMMENDED
30.42,50.63,8.3,141.43,1363.54,75.01,REST_REQUIRED,REST_BEFORE_NEXT_VISIT
18.15,128.29,35.49,59.57,1459.76,40.97,CAUTION,REST_RECOMMENDED
30.04,14.6,43.96,21.59,1062.8,67.03,REST_RECOMMENDED,REST_RECOMMENDED
31.1,76.16,33.03,133.28,913.35,89.86,IMMEDIATE_REST,REST_BEFORE_NEXT_VISIT
24.51,94.03,23.57,67.52,628.4,66.36,REST_RECOMMENDED,REST_RECOMMENDED
20.77,118.9,15.81,68.39,1658.39,37.86,CAUTION,MOVABLE
27.5,97.09,12.24,48.12,1226.62,74.54,REST_REQUIRED,REST_BEFORE_NEXT_VISIT
27.89,72.57,8.62,112.05,1772.32,65.74,REST_RECOMMENDED,REST_RECOMMENDED
27.07,80.37,38.0,27.43,1911.16,64.07,REST_RECOMMENDED,REST_RECOMMENDED
17.9,73.45,50.56,49.78,711.98,31.23,CAUTION,MOVABLE
30.61,85.41,20.41,49.67,485.53,79.87,REST_REQUIRED,REST_BEFORE_NEXT_VISIT
23.65,90.37,20.88,92.08,972.3,63.96,REST_RECOMMENDED,REST_RECOMMENDED
29.05,41.98,49.43,95.76,955.12,83.29,REST_REQUIRED,REST_BEFORE_NEXT_VISIT
17.03,28.34,40.72,128.65,1342.6,22.45,LOW,MOVABLE
18.45,101.48,40.74,27.84,493.51,34.0,CAUTION,MOVABLE
19.88,72.06,14.37,132.43,605.09,33.52,CAUTION,MOVABLE
30.05,94.11,30.56,17.35,654.17,89.09,IMMEDIATE_REST,REST_BEFORE_NEXT_VISIT
31.21,74.28,10.21,48.25,265.36,70.0,REST_REQUIRED,REST_BEFORE_NEXT_VISIT
18.07,73.89,18.57,62.32,2184.9,29.29,LOW,MOVABLE
27.33,42.65,7.94,63.53,793.31,58.06,REST_RECOMMENDED,REST_RECOMMENDED
31.67,43.92,17.77,31.67,1730.55,69.43,REST_RECOMMENDED,REST_BEFORE_NEXT_VISIT
16.87,134.9,13.68,43.87,435.17,30.0,CAUTION,MOVABLE
30.65,98.17,37.74,32.65,1104.81,97.05,IMMEDIATE_REST,REST_BEFORE_NEXT_VISIT
15.93,126.34,26.83,60.86,565.7,45.86,CAUTION,REST_RECOMMENDED
24.56,41.81,23.47,57.92,1153.69,44.39,CAUTION,REST_RECOMMENDED
22.68,39.27,5.86,58.26,1556.37,23.0,LOW,MOVABLE
23.64,63.21,17.63,54.72,886.65,47.66,CAUTION,REST_RECOMMENDED
26.0,49.25,1.92,106.18,849.29,58.32,REST_RECOMMENDED,REST_RECOMMENDED
29.14,67.89,14.04,130.02,832.16,81.66,REST_REQUIRED,REST_BEFORE_NEXT_VISIT
31.31,127.05,14.53,106.49,460.33,90.45,IMMEDIATE_REST,REST_BEFORE_NEXT_VISIT
29.25,49.04,24.26,57.48,961.79,68.0,REST_RECOMMENDED,REST_RECOMMENDED
25.0,62.8,12.45,76.62,1215.39,67.75,REST_RECOMMENDED,REST_RECOMMENDED
20.24,98.75,9.38,50.49,1133.23,31.6,CAUTION,MOVABLE
24.22,95.09,21.67,102.72,475.98,61.95,REST_RECOMMENDED,REST_RECOMMENDED
20.5,131.22,34.07,113.67,78.25,48.02,CAUTION,REST_RECOMMENDED
27.3,92.16,18.68,141.2,345.36,72.71,REST_REQUIRED,REST_BEFORE_NEXT_VISIT
18.63,49.25,25.31,158.76,1233.24,27.0,LOW,MOVABLE
24.29,68.89,15.54,56.06,915.36,44.06,CAUTION,REST_RECOMMENDED
21.99,45.36,22.26,74.13,1081.33,35.5,CAUTION,MOVABLE
28.48,72.93,47.83,56.76,404.95,79.66,REST_REQUIRED,REST_BEFORE_NEXT_VISIT
32.09,69.57,25.06,84.77,2171.29,85.56,IMMEDIATE_REST,REST_BEFORE_NEXT_VISIT
26.15,40.28,22.66,42.89,1046.41,56.42,REST_RECOMMENDED,REST_RECOMMENDED
22.96,55.41,19.79,58.75,203.82,26.59,LOW,MOVABLE
31.5,32.45,28.08,123.81,290.88,76.53,REST_REQUIRED,REST_BEFORE_NEXT_VISIT
26.11,69.51,4.64,140.5,2575.55,64.0,REST_RECOMMENDED,REST_RECOMMENDED
21.59,125.05,36.16,48.22,1150.68,50.0,REST_RECOMMENDED,REST_RECOMMENDED
21.46,72.48,10.09,86.78,464.8,38.42,CAUTION,MOVABLE
23.38,110.43,14.27,46.77,1351.42,56.07,REST_RECOMMENDED,REST_RECOMMENDED
28.15,115.82,33.29,86.21,625.79,94.83,IMMEDIATE_REST,REST_BEFORE_NEXT_VISIT
24.35,63.81,39.67,105.3,1691.64,59.0,REST_RECOMMENDED,REST_RECOMMENDED
20.83,65.32,32.25,53.21,1867.92,35.54,CAUTION,MOVABLE
24.42,63.17,35.22,126.99,1263.26,63.82,REST_RECOMMENDED,REST_RECOMMENDED
31.29,21.96,27.04,106.29,434.76,66.0,REST_RECOMMENDED,REST_RECOMMENDED
29.34,40.94,18.02,27.94,1077.43,71.25,REST_REQUIRED,REST_BEFORE_NEXT_VISIT
25.43,91.24,29.73,101.88,589.53,83.9,REST_REQUIRED,REST_BEFORE_NEXT_VISIT
27.34,38.71,8.77,106.55,588.52,57.84,REST_RECOMMENDED,REST_RECOMMENDED
29.28,68.2,24.6,124.14,1008.34,87.22,IMMEDIATE_REST,REST_BEFORE_NEXT_VISIT
23.86,82.79,42.49,29.79,1960.33,50.16,REST_RECOMMENDED,REST_RECOMMENDED
25.63,91.0,30.98,65.55,600.86,78.74,REST_REQUIRED,REST_BEFORE_NEXT_VISIT
27.12,101.37,20.75,87.28,731.12,79.23,REST_REQUIRED,REST_BEFORE_NEXT_VISIT
31.11,67.36,26.95,43.85,967.97,79.08,REST_REQUIRED,REST_BEFORE_NEXT_VISIT
32.85,95.48,36.78,88.46,1078.27,95.46,IMMEDIATE_REST,REST_BEFORE_NEXT_VISIT
17.5,32.2,17.13,124.15,1160.28,28.69,LOW,MOVABLE
22.16,28.44,35.63,120.5,921.81,37.49,CAUTION,MOVABLE
21.7,50.12,21.9,66.25,1864.41,34.0,CAUTION,MOVABLE
30.21,91.51,27.68,121.97,756.64,92.44,IMMEDIATE_REST,REST_BEFORE_NEXT_VISIT
28.97,88.83,18.27,15.02,1105.0,72.0,REST_REQUIRED,REST_BEFORE_NEXT_VISIT
26.19,51.93,13.17,139.87,580.08,57.26,REST_RECOMMENDED,REST_RECOMMENDED
28.42,87.52,26.64,29.63,1626.87,80.31,REST_REQUIRED,REST_BEFORE_NEXT_VISIT
27.85,85.8,27.37,97.08,1687.25,74.51,REST_REQUIRED,REST_BEFORE_NEXT_VISIT
29.94,101.55,40.8,69.46,1710.37,99.62,IMMEDIATE_REST,REST_BEFORE_NEXT_VISIT
29.38,32.2,9.48,112.5,1139.96,74.16,REST_REQUIRED,REST_BEFORE_NEXT_VISIT
31.67,29.98,30.17,25.24,474.51,62.19,REST_RECOMMENDED,REST_RECOMMENDED
29.26,37.08,11.72,81.69,1975.2,71.66,REST_REQUIRED,REST_BEFORE_NEXT_VISIT
28.48,29.86,29.83,63.76,1156.21,71.69,REST_REQUIRED,REST_BEFORE_NEXT_VISIT
27.12,52.5,36.81,53.56,1495.61,62.24,REST_RECOMMENDED,REST_RECOMMENDED
26.08,26.51,20.19,118.48,777.12,57.55,REST_RECOMMENDED,REST_RECOMMENDED
25.82,110.65,5.98,53.37,1683.75,71.09,REST_REQUIRED,REST_BEFORE_NEXT_VISIT
26.66,63.28,17.36,59.92,407.84,57.16,REST_RECOMMENDED,REST_RECOMMENDED
31.01,118.69,44.31,137.63,1608.84,100.0,IMMEDIATE_REST,REST_BEFORE_NEXT_VISIT
28.53,48.59,4.29,66.4,913.23,66.83,REST_RECOMMENDED,REST_RECOMMENDED
22.92,126.24,10.08,45.19,957.56,49.53,CAUTION,REST_RECOMMENDED
16.5,109.67,35.16,53.92,356.67,41.27,CAUTION,REST_RECOMMENDED
24.39,25.29,2.68,114.54,1164.5,39.64,CAUTION,REST_RECOMMENDED
29.93,99.42,15.14,148.42,408.06,87.0,IMMEDIATE_REST,REST_BEFORE_NEXT_VISIT
31.08,124.04,28.67,124.08,774.04,95.29,IMMEDIATE_REST,REST_BEFORE_NEXT_VISIT
25.36,152.42,48.12,89.71,1517.58,79.17,REST_REQUIRED,REST_BEFORE_NEXT_VISIT
20.75,30.95,37.27,89.14,1147.27,31.89,CAUTION,MOVABLE
23.42,29.81,51.66,85.09,1476.56,41.34,CAUTION,REST_RECOMMENDED
29.91,75.63,15.64,77.04,751.93,77.97,REST_REQUIRED,REST_BEFORE_NEXT_VISIT
24.79,97.34,1.39,100.67,1135.86,65.28,REST_RECOMMENDED,REST_RECOMMENDED
27.66,101.75,43.02,123.31,725.62,80.0,REST_REQUIRED,REST_BEFORE_NEXT_VISIT
24.28,20.29,27.59,70.05,1017.87,40.26,CAUTION,REST_RECOMMENDED
21.06,24.18,28.76,52.83,263.69,22.91,LOW,MOVABLE
28.54,32.54,39.82,60.56,1645.89,77.0,REST_REQUIRED,REST_BEFORE_NEXT_VISIT
23.23,13.62,31.67,12.65,203.93,32.0,CAUTION,MOVABLE
16.19,14.03,6.6,48.34,2053.12,5.0,LOW,MOVABLE
21.7,47.26,6.56,132.51,439.45,30.77,CAUTION,MOVABLE
23.37,79.45,23.03,150.74,1119.67,59.59,REST_RECOMMENDED,REST_RECOMMENDED
29.57,64.18,22.79,43.75,366.67,79.35,REST_REQUIRED,REST_BEFORE_NEXT_VISIT
22.01,47.89,18.48,102.82,515.77,32.7,CAUTION,MOVABLE
29.43,13.24,21.74,94.05,1203.97,75.15,REST_REQUIRED,REST_BEFORE_NEXT_VISIT
20.78,112.3,8.05,98.2,857.28,36.83,CAUTION,MOVABLE
24.46,115.15,17.83,114.24,1249.78,63.3,REST_RECOMMENDED,REST_RECOMMENDED
30.64,37.55,23.7,72.5,195.16,69.0,REST_RECOMMENDED,REST_RECOMMENDED
27.17,111.65,16.67,105.77,741.59,76.56,REST_REQUIRED,REST_BEFORE_NEXT_VISIT
27.71,128.62,16.85,11.21,1242.25,70.63,REST_REQUIRED,REST_BEFORE_NEXT_VISIT
25.86,99.78,11.44,55.09,769.08,68.6,REST_RECOMMENDED,REST_RECOMMENDED
25.57,75.05,9.1,110.35,1325.01,70.58,REST_REQUIRED,REST_BEFORE_NEXT_VISIT
27.2,88.76,3.28,110.14,1599.14,64.0,REST_RECOMMENDED,REST_RECOMMENDED
23.87,30.56,7.05,72.05,1155.95,44.19,CAUTION,REST_RECOMMENDED
17.97,42.19,11.49,141.66,374.01,23.33,LOW,MOVABLE
22.17,40.16,12.49,30.87,113.46,21.0,LOW,MOVABLE
24.2,138.92,31.56,64.27,478.1,67.57,REST_RECOMMENDED,REST_RECOMMENDED
26.73,38.0,26.79,114.13,2144.09,70.16,REST_REQUIRED,REST_BEFORE_NEXT_VISIT
27.18,151.07,4.56,69.1,1121.67,72.01,REST_REQUIRED,REST_BEFORE_NEXT_VISIT
20.64,128.46,1.94,116.8,1192.17,39.39,CAUTION,REST_RECOMMENDED
22.75,111.83,22.3,32.89,1804.83,47.0,CAUTION,REST_RECOMMENDED
26.36,126.04,17.97,10.01,926.67,67.65,REST_RECOMMENDED,REST_RECOMMENDED
26.59,90.49,37.96,113.61,420.75,87.56,IMMEDIATE_REST,REST_BEFORE_NEXT_VISIT
28.54,40.0,21.24,42.96,1528.92,70.8,REST_REQUIRED,REST_BEFORE_NEXT_VISIT
26.54,18.01,11.09,81.47,1184.36,47.0,CAUTION,REST_RECOMMENDED
30.6,47.87,21.83,122.97,401.24,80.63,REST_REQUIRED,REST_BEFORE_NEXT_VISIT
18.53,26.59,39.38,105.38,32.32,18.88,LOW,MOVABLE
21.62,126.42,18.27,127.26,304.0,47.0,CAUTION,REST_RECOMMENDED
25.67,56.37,27.28,92.23,1119.46,67.5,REST_RECOMMENDED,REST_RECOMMENDED
24.27,47.46,22.06,58.99,1106.13,44.2,CAUTION,REST_RECOMMENDED
29.13,49.89,37.35,116.33,1574.08,84.48,REST_REQUIRED,REST_BEFORE_NEXT_VISIT
20.61,122.67,11.18,69.57,551.11,39.11,CAUTION,REST_RECOMMENDED
24.49,8.88,39.33,90.07,766.92,40.53,CAUTION,REST_RECOMMENDED
28.33,84.03,21.2,58.69,1066.7,82.38,REST_REQUIRED,REST_BEFORE_NEXT_VISIT
31.14,92.25,47.11,6.72,756.76,85.94,IMMEDIATE_REST,REST_BEFORE_NEXT_VISIT
30.74,23.8,13.24,112.21,1116.91,68.1,REST_RECOMMENDED,REST_RECOMMENDED
21.13,61.23,55.43,152.39,467.16,56.27,REST_RECOMMENDED,REST_RECOMMENDED
25.17,31.18,22.77,51.5,73.55,50.34,REST_RECOMMENDED,REST_RECOMMENDED
22.43,59.45,41.26,83.91,858.47,35.19,CAUTION,MOVABLE
23.23,113.58,22.57,30.08,618.98,58.99,REST_RECOMMENDED,REST_RECOMMENDED
26.23,56.59,23.03,68.2,165.67,54.83,REST_RECOMMENDED,REST_RECOMMENDED
30.22,70.45,37.42,107.05,396.13,88.84,IMMEDIATE_REST,REST_BEFORE_NEXT_VISIT
29.89,9.35,29.62,161.62,1626.38,73.99,REST_REQUIRED,REST_BEFORE_NEXT_VISIT
31.28,23.37,28.68,92.45,748.22,74.49,REST_REQUIRED,REST_BEFORE_NEXT_VISIT
28.6,52.05,18.71,83.75,1337.36,71.86,REST_REQUIRED,REST_BEFORE_NEXT_VISIT
24.19,17.44,26.42,106.8,262.16,40.39,CAUTION,REST_RECOMMENDED
26.74,64.61,35.74,14.44,427.28,68.76,REST_RECOMMENDED,REST_RECOMMENDED
23.51,55.17,43.55,107.04,180.79,48.21,CAUTION,REST_RECOMMENDED
33.03,147.89,32.22,94.54,457.64,94.1,IMMEDIATE_REST,REST_BEFORE_NEXT_VISIT
26.02,27.33,28.4,24.54,529.13,43.35,CAUTION,REST_RECOMMENDED
30.21,61.24,43.95,73.69,1177.61,88.91,IMMEDIATE_REST,REST_BEFORE_NEXT_VISIT
30.96,2.91,41.86,94.57,1362.94,78.34,REST_REQUIRED,REST_BEFORE_NEXT_VISIT
29.0,43.7,30.53,44.22,629.92,75.08,REST_REQUIRED,REST_BEFORE_NEXT_VISIT
21.41,115.02,3.83,9.49,166.0,32.0,CAUTION,MOVABLE
23.42,52.79,8.17,42.34,604.0,39.94,CAUTION,REST_RECOMMENDED
24.52,84.81,25.62,73.95,754.98,53.03,REST_RECOMMENDED,REST_RECOMMENDED
20.32,70.61,19.05,45.9,828.51,26.15,LOW,MOVABLE
24.44,35.13,23.2,179.23,1505.42,51.37,REST_RECOMMENDED,REST_RECOMMENDED
29.23,51.42,19.85,126.25,496.9,72.74,REST_REQUIRED,REST_BEFORE_NEXT_VISIT
27.32,36.32,41.14,31.25,932.3,59.47,REST_RECOMMENDED,REST_RECOMMENDED
16.86,34.26,33.72,28.23,1295.83,23.5,LOW,MOVABLE
25.38,22.14,29.38,93.89,448.49,55.94,REST_RECOMMENDED,REST_RECOMMENDED
30.84,93.32,45.12,55.6,552.71,90.69,IMMEDIATE_REST,REST_BEFORE_NEXT_VISIT
19.29,127.88,1.64,114.5,1555.84,39.75,CAUTION,REST_RECOMMENDED
26.23,122.19,9.42,51.5,560.78,64.94,REST_RECOMMENDED,REST_RECOMMENDED
28.61,28.01,29.47,93.32,354.33,70.57,REST_REQUIRED,REST_BEFORE_NEXT_VISIT
23.64,94.26,32.87,123.07,240.95,67.77,REST_RECOMMENDED,REST_RECOMMENDED
24.61,92.76,17.04,65.49,941.67,58.89,REST_RECOMMENDED,REST_RECOMMENDED
28.95,91.02,10.08,125.58,459.54,92.17,IMMEDIATE_REST,REST_BEFORE_NEXT_VISIT
31.61,89.15,29.93,164.79,679.21,85.23,IMMEDIATE_REST,REST_BEFORE_NEXT_VISIT
25.95,70.88,16.42,141.2,636.44,71.45,REST_REQUIRED,REST_BEFORE_NEXT_VISIT
19.97,71.98,33.48,82.27,264.63,31.0,CAUTION,MOVABLE
20.89,74.13,16.97,54.31,560.06,26.59,LOW,MOVABLE
21.43,38.64,14.98,125.33,553.69,34.03,CAUTION,MOVABLE
21.91,34.5,28.37,59.98,414.6,33.34,CAUTION,MOVABLE
30.04,126.7,38.01,140.87,1009.19,100.0,IMMEDIATE_REST,REST_BEFORE_NEXT_VISIT
29.2,64.56,21.24,30.02,1693.18,81.9,REST_REQUIRED,REST_BEFORE_NEXT_VISIT
22.0,112.46,38.93,20.35,714.05,48.27,CAUTION,REST_RECOMMENDED
29.33,39.55,9.08,156.42,563.96,72.45,REST_REQUIRED,REST_BEFORE_NEXT_VISIT
28.2,127.07,7.2,125.62,1002.14,90.54,IMMEDIATE_REST,REST_BEFORE_NEXT_VISIT
23.01,120.53,10.19,58.72,1710.11,53.0,REST_RECOMMENDED,REST_RECOMMENDED
23.51,86.67,25.74,153.59,832.54,55.31,REST_RECOMMENDED,REST_RECOMMENDED
23.23,60.74,20.08,81.27,332.44,55.95,REST_RECOMMENDED,REST_RECOMMENDED
34.19,132.21,11.19,116.41,2537.8,94.7,IMMEDIATE_REST,REST_BEFORE_NEXT_VISIT
23.22,101.21,35.59,29.16,1268.11,59.6,REST_RECOMMENDED,REST_RECOMMENDED
23.83,23.23,21.84,98.29,804.63,40.58,CAUTION,REST_RECOMMENDED
25.58,57.38,24.39,132.13,1192.56,62.0,REST_RECOMMENDED,REST_RECOMMENDED
28.4,48.89,33.58,143.09,317.07,81.71,REST_REQUIRED,REST_BEFORE_NEXT_VISIT
17.28,57.11,22.4,108.42,1576.37,32.66,CAUTION,MOVABLE
23.2,53.82,32.45,63.11,240.45,47.68,CAUTION,REST_RECOMMENDED
28.64,51.19,10.13,71.71,995.11,75.48,REST_REQUIRED,REST_BEFORE_NEXT_VISIT
23.22,60.01,28.96,103.99,866.71,62.73,REST_RECOMMENDED,REST_RECOMMENDED
20.31,33.49,28.93,69.15,1141.51,24.28,LOW,MOVABLE
29.39,68.85,31.48,81.98,1369.08,94.43,IMMEDIATE_REST,REST_BEFORE_NEXT_VISIT
31.75,51.88,20.89,109.73,284.94,76.03,REST_REQUIRED,REST_BEFORE_NEXT_VISIT
29.2,125.32,29.53,119.76,736.47,94.14,IMMEDIATE_REST,REST_BEFORE_NEXT_VISIT
24.75,92.27,28.07,117.72,295.32,67.43,REST_RECOMMENDED,REST_RECOMMENDED
28.01,85.69,35.89,126.01,745.15,97.35,IMMEDIATE_REST,REST_BEFORE_NEXT_VISIT
29.93,129.7,32.51,90.87,83.9,99.3,IMMEDIATE_REST,REST_BEFORE_NEXT_VISIT
19.36,53.73,29.27,102.62,328.93,27.41,LOW,MOVABLE
24.92,102.85,27.41,74.39,379.9,60.44,REST_RECOMMENDED,REST_RECOMMENDED
24.55,39.33,27.01,83.41,472.52,43.21,CAUTION,REST_RECOMMENDED
27.76,15.55,6.75,53.55,360.15,43.46,CAUTION,REST_RECOMMENDED
32.64,47.56,37.33,56.26,603.09,73.08,REST_REQUIRED,REST_BEFORE_NEXT_VISIT
24.08,82.82,43.98,38.03,1742.83,58.45,REST_RECOMMENDED,REST_RECOMMENDED
29.91,35.57,12.56,59.09,197.84,65.36,REST_RECOMMENDED,REST_RECOMMENDED
25.91,35.29,11.59,74.82,147.5,52.83,REST_RECOMMENDED,REST_RECOMMENDED
27.11,123.09,39.22,88.27,468.97,80.03,REST_REQUIRED,REST_BEFORE_NEXT_VISIT
27.4,24.87,46.03,52.22,521.62,52.75,REST_RECOMMENDED,REST_RECOMMENDED
19.82,62.93,56.45,53.73,618.59,33.65,CAUTION,MOVABLE
24.03,120.52,22.61,17.7,1299.46,59.72,REST_RECOMMENDED,REST_RECOMMENDED
20.75,63.46,12.1,112.47,455.31,34.64,CAUTION,MOVABLE
27.25,74.32,5.73,142.1,822.97,68.34,REST_RECOMMENDED,REST_RECOMMENDED
29.9,88.39,31.86,88.59,2225.11,89.31,IMMEDIATE_REST,REST_BEFORE_NEXT_VISIT
24.58,25.77,10.68,45.01,1227.7,29.09,LOW,MOVABLE
24.29,29.05,21.62,91.21,372.67,45.17,CAUTION,REST_RECOMMENDED
29.9,29.39,32.73,122.46,114.34,67.01,REST_RECOMMENDED,REST_RECOMMENDED
25.34,86.33,5.8,61.04,284.35,61.15,REST_RECOMMENDED,REST_RECOMMENDED
29.87,50.93,23.25,45.66,1344.28,73.78,REST_REQUIRED,REST_BEFORE_NEXT_VISIT
25.72,62.58,18.17,89.67,424.03,63.9,REST_RECOMMENDED,REST_RECOMMENDED
29.12,112.97,37.91,122.72,1414.5,100.0,IMMEDIATE_REST,REST_BEFORE_NEXT_VISIT
27.89,127.77,30.8,36.86,1342.43,79.11,REST_REQUIRED,REST_BEFORE_NEXT_VISIT
22.49,69.98,37.3,106.95,1879.52,50.84,REST_RECOMMENDED,REST_RECOMMENDED
20.67,63.81,12.4,126.12,170.09,27.0,LOW,MOVABLE
26.26,73.3,19.45,141.28,945.69,70.65,REST_REQUIRED,REST_BEFORE_NEXT_VISIT
24.45,88.08,35.84,77.35,1137.84,57.25,REST_RECOMMENDED,REST_RECOMMENDED
24.23,58.88,17.35,61.55,1193.32,44.97,CAUTION,REST_RECOMMENDED
30.99,110.96,18.4,145.26,1268.56,92.06,IMMEDIATE_REST,REST_BEFORE_NEXT_VISIT
28.95,26.9,22.5,59.64,1394.94,63.68,REST_RECOMMENDED,REST_RECOMMENDED
28.49,25.31,9.4,73.16,545.21,62.02,REST_RECOMMENDED,REST_RECOMMENDED
16.18,34.22,29.44,113.92,623.07,26.95,LOW,MOVABLE
28.91,41.3,33.94,31.52,1405.34,77.85,REST_REQUIRED,REST_BEFORE_NEXT_VISIT
24.12,86.75,24.42,45.07,1492.39,52.89,REST_RECOMMENDED,REST_RECOMMENDED
27.44,108.64,38.11,122.73,190.06,82.35,REST_REQUIRED,REST_BEFORE_NEXT_VISIT
18.46,88.74,17.38,67.71,1031.68,29.0,LOW,MOVABLE
22.45,34.82,12.61,83.96,197.96,26.0,LOW,MOVABLE
25.94,117.59,19.4,157.48,486.16,77.06,REST_REQUIRED,REST_BEFORE_NEXT_VISIT
26.16,67.36,21.58,102.43,140.26,67.23,REST_RECOMMENDED,REST_RECOMMENDED
24.25,121.79,30.11,85.97,1452.05,68.51,REST_RECOMMENDED,REST_RECOMMENDED
30.46,47.73,9.82,63.93,704.07,69.13,REST_RECOMMENDED,REST_BEFORE_NEXT_VISIT
23.76,44.79,3.86,31.31,1827.42,37.24,CAUTION,MOVABLE
26.73,93.36,14.95,17.22,1019.54,67.73,REST_RECOMMENDED,REST_RECOMMENDED
20.9,24.5,23.6,102.94,106.17,16.16,LOW,MOVABLE
27.45,79.84,29.37,66.04,202.86,70.27,REST_REQUIRED,REST_BEFORE_NEXT_VISIT
28.23,84.6,36.91,104.91,1009.64,89.0,IMMEDIATE_REST,REST_BEFORE_NEXT_VISIT
26.91,76.61,46.39,53.48,241.0,62.04,REST_RECOMMENDED,REST_RECOMMENDED
27.18,65.63,19.8,89.59,1394.57,70.03,REST_REQUIRED,REST_BEFORE_NEXT_VISIT
29.56,41.91,15.48,98.92,594.14,73.28,REST_REQUIRED,REST_BEFORE_NEXT_VISIT
26.18,46.13,19.61,48.1,1660.64,55.07,REST_RECOMMENDED,REST_RECOMMENDED
29.37,96.44,28.49,89.4,1034.8,91.85,IMMEDIATE_REST,REST_BEFORE_NEXT_VISIT
23.75,40.47,35.81,54.73,1203.76,43.0,CAUTION,REST_RECOMMENDED
20.32,109.33,36.49,65.84,594.86,42.11,CAUTION,REST_RECOMMENDED
26.51,89.74,47.13,29.68,2434.03,69.11,REST_RECOMMENDED,REST_BEFORE_NEXT_VISIT
32.35,43.5,20.89,24.13,1557.0,67.39,REST_RECOMMENDED,REST_RECOMMENDED
19.51,43.91,21.45,121.84,1537.7,31.4,CAUTION,MOVABLE
32.84,54.13,39.42,63.01,1083.36,79.82,REST_REQUIRED,REST_BEFORE_NEXT_VISIT
22.09,27.73,5.51,64.55,1445.32,20.49,LOW,MOVABLE
24.96,62.57,53.2,8.67,580.64,52.21,REST_RECOMMENDED,REST_RECOMMENDED
22.71,123.14,26.46,22.16,1551.61,44.0,CAUTION,REST_RECOMMENDED
29.22,120.31,40.61,61.19,248.91,91.46,IMMEDIATE_REST,REST_BEFORE_NEXT_VISIT
28.98,7.22,47.56,85.31,2669.23,76.5,REST_REQUIRED,REST_BEFORE_NEXT_VISIT
24.85,18.2,28.25,142.25,524.86,40.27,CAUTION,REST_RECOMMENDED
30.7,87.36,21.54,93.77,1145.14,91.0,IMMEDIATE_REST,REST_BEFORE_NEXT_VISIT
31.38,106.24,28.64,70.57,1459.63,94.05,IMMEDIATE_REST,REST_BEFORE_NEXT_VISIT
27.94,60.6,15.84,20.79,1256.33,59.6,REST_RECOMMENDED,REST_RECOMMENDED
24.53,65.78,18.24,114.11,1252.2,57.79,REST_RECOMMENDED,REST_RECOMMENDED
26.63,19.63,24.36,157.88,639.77,52.0,REST_RECOMMENDED,REST_RECOMMENDED
23.76,123.6,20.8,105.94,977.36,63.06,REST_RECOMMENDED,REST_RECOMMENDED
22.52,95.49,27.3,86.29,2423.85,54.38,REST_RECOMMENDED,REST_RECOMMENDED
20.86,157.52,18.34,64.44,1044.65,41.96,CAUTION,REST_RECOMMENDED
22.92,79.89,25.69,40.43,798.21,37.0,CAUTION,MOVABLE
22.42,47.1,13.9,77.38,862.24,34.11,CAUTION,MOVABLE
27.96,45.17,15.96,87.54,1782.02,57.51,REST_RECOMMENDED,REST_RECOMMENDED
28.32,32.69,24.61,53.97,792.11,70.99,REST_REQUIRED,REST_BEFORE_NEXT_VISIT
24.25,124.05,10.65,60.89,2206.4,65.98,REST_RECOMMENDED,REST_RECOMMENDED
20.68,63.81,18.76,29.74,161.12,22.15,LOW,MOVABLE
24.49,37.03,25.38,127.35,584.14,48.17,CAUTION,REST_RECOMMENDED
34.15,91.0,5.52,34.67,2575.94,84.61,REST_REQUIRED,REST_BEFORE_NEXT_VISIT
22.09,56.47,17.56,39.99,1767.22,27.23,LOW,MOVABLE
28.81,72.27,15.99,139.47,789.05,83.48,REST_REQUIRED,REST_BEFORE_NEXT_VISIT
24.91,62.12,3.85,46.36,1905.6,50.42,REST_RECOMMENDED,REST_RECOMMENDED
30.11,31.53,22.82,101.18,2793.09,86.03,IMMEDIATE_REST,REST_BEFORE_NEXT_VISIT
18.46,25.83,16.83,45.1,1486.73,8.0,LOW,MOVABLE
23.51,27.19,40.74,53.72,1596.62,39.14,CAUTION,REST_RECOMMENDED
28.33,25.52,23.78,51.13,1096.0,62.0,REST_RECOMMENDED,REST_RECOMMENDED
20.24,37.45,51.33,60.56,742.86,25.0,LOW,MOVABLE
25.37,135.85,27.53,96.13,880.09,83.24,REST_REQUIRED,REST_BEFORE_NEXT_VISIT
19.58,91.58,20.76,16.1,2020.86,38.78,CAUTION,MOVABLE
18.92,73.82,30.22,133.92,1065.82,39.0,CAUTION,MOVABLE
27.54,104.96,32.46,64.88,460.09,81.09,REST_REQUIRED,REST_BEFORE_NEXT_VISIT
27.93,38.02,7.03,94.73,360.0,56.93,REST_RECOMMENDED,REST_RECOMMENDED
24.6,40.15,20.72,72.09,1909.06,45.16,CAUTION,REST_RECOMMENDED
26.66,49.37,30.25,70.0,923.31,68.22,REST_RECOMMENDED,REST_RECOMMENDED
30.35,40.36,28.79,64.65,1021.53,77.46,REST_REQUIRED,REST_BEFORE_NEXT_VISIT
26.26,40.15,21.46,105.19,1061.62,64.35,REST_RECOMMENDED,REST_RECOMMENDED
25.64,120.37,13.86,57.81,1489.58,79.42,REST_REQUIRED,REST_BEFORE_NEXT_VISIT
20.15,79.39,9.46,40.77,1678.78,27.12,LOW,MOVABLE
25.75,71.15,2.63,89.65,543.75,61.01,REST_RECOMMENDED,REST_RECOMMENDED
18.54,82.49,14.26,126.1,1213.19,34.89,CAUTION,MOVABLE
22.39,44.89,16.61,111.79,1302.77,34.41,CAUTION,MOVABLE
21.66,66.62,29.01,113.15,2261.65,46.64,CAUTION,REST_RECOMMENDED
18.9,22.03,29.73,132.78,1627.23,23.85,LOW,MOVABLE
25.93,61.2,20.84,93.39,800.05,73.68,REST_REQUIRED,REST_BEFORE_NEXT_VISIT
26.44,91.74,7.52,91.64,1065.38,80.29,REST_REQUIRED,REST_BEFORE_NEXT_VISIT
19.01,105.37,8.16,28.99,129.63,23.31,LOW,MOVABLE
23.02,70.1,8.1,33.87,480.52,45.62,CAUTION,REST_RECOMMENDED
25.49,68.32,18.23,81.05,784.66,62.0,REST_RECOMMENDED,REST_RECOMMENDED
21.33,98.23,14.33,28.23,926.63,41.35,CAUTION,REST_RECOMMENDED
29.22,80.07,29.82,43.24,1985.42,83.56,REST_REQUIRED,REST_BEFORE_NEXT_VISIT
30.58,42.22,19.29,46.76,1285.02,69.93,REST_RECOMMENDED,REST_BEFORE_NEXT_VISIT
24.5,25.56,19.6,122.31,750.15,36.14,CAUTION,MOVABLE
26.08,52.12,23.26,130.45,2337.94,62.8,REST_RECOMMENDED,REST_RECOMMENDED
24.93,62.26,30.39,142.76,2360.93,59.19,REST_RECOMMENDED,REST_RECOMMENDED
22.3,50.03,21.88,93.24,939.89,35.58,CAUTION,MOVABLE
19.54,106.58,16.76,126.05,2064.69,42.19,CAUTION,REST_RECOMMENDED
17.52,47.81,28.48,31.82,992.6,21.81,LOW,MOVABLE
30.36,47.57,31.05,57.04,1106.27,74.44,REST_REQUIRED,REST_BEFORE_NEXT_VISIT
24.76,113.03,22.92,131.74,1313.12,67.14,REST_RECOMMENDED,REST_RECOMMENDED
32.95,80.11,2.52,13.89,164.58,64.5,REST_RECOMMENDED,REST_RECOMMENDED
22.93,24.75,25.91,141.29,588.71,32.17,CAUTION,MOVABLE
20.88,30.1,17.9,141.11,966.91,25.57,LOW,MOVABLE
26.18,112.33,27.64,151.36,1863.04,83.85,REST_REQUIRED,REST_BEFORE_NEXT_VISIT
20.33,34.75,17.26,106.7,1903.02,26.49,LOW,MOVABLE
30.35,87.44,15.83,83.09,2343.87,86.62,IMMEDIATE_REST,REST_BEFORE_NEXT_VISIT
26.69,99.07,19.93,69.16,1440.56,72.74,REST_REQUIRED,REST_BEFORE_NEXT_VISIT
19.51,143.41,4.67,106.01,1564.72,41.19,CAUTION,REST_RECOMMENDED
19.35,52.29,9.09,170.46,464.03,19.62,LOW,MOVABLE
23.06,161.23,32.82,35.56,1168.98,62.33,REST_RECOMMENDED,REST_RECOMMENDED
23.43,107.27,18.46,128.01,1456.57,67.37,REST_RECOMMENDED,REST_RECOMMENDED
19.01,47.1,29.52,38.09,203.54,19.09,LOW,MOVABLE
34.03,28.98,11.95,44.77,236.03,53.02,REST_RECOMMENDED,REST_RECOMMENDED
19.5,65.93,7.06,69.74,1645.25,26.0,LOW,MOVABLE
25.1,114.1,14.6,77.93,560.03,72.49,REST_REQUIRED,REST_BEFORE_NEXT_VISIT
23.27,72.59,25.23,122.02,926.26,56.0,REST_RECOMMENDED,REST_RECOMMENDED
19.16,132.39,37.61,69.18,299.95,41.0,CAUTION,REST_RECOMMENDED
17.92,15.63,34.63,75.15,538.58,18.74,LOW,MOVABLE
31.08,35.95,4.41,138.2,71.18,65.0,REST_RECOMMENDED,REST_RECOMMENDED
22.63,88.95,13.35,104.03,251.09,40.14,CAUTION,REST_RECOMMENDED
20.87,53.52,31.0,21.35,610.42,25.82,LOW,MOVABLE
23.94,66.79,16.57,66.13,1393.33,52.11,REST_RECOMMENDED,REST_RECOMMENDED
30.16,83.46,26.31,91.99,1407.29,87.51,IMMEDIATE_REST,REST_BEFORE_NEXT_VISIT
21.3,42.07,19.94,120.08,1474.42,35.37,CAUTION,MOVABLE
24.7,133.28,29.19,27.07,2233.88,57.81,REST_RECOMMENDED,REST_RECOMMENDED
28.52,13.9,30.87,102.58,764.1,77.11,REST_REQUIRED,REST_BEFORE_NEXT_VISIT
26.09,90.79,23.95,105.12,370.31,76.0,REST_REQUIRED,REST_BEFORE_NEXT_VISIT
24.56,60.14,22.52,45.97,866.49,47.0,CAUTION,REST_RECOMMENDED
31.0,150.75,16.13,49.75,319.16,86.45,IMMEDIATE_REST,REST_BEFORE_NEXT_VISIT
18.24,39.81,8.34,50.19,510.67,17.0,LOW,MOVABLE
21.15,45.31,4.63,65.89,689.1,26.07,LOW,MOVABLE
32.68,20.15,31.24,74.96,307.76,71.22,REST_REQUIRED,REST_BEFORE_NEXT_VISIT
29.15,52.17,11.66,16.93,1058.26,66.98,REST_RECOMMENDED,REST_RECOMMENDED
23.29,64.06,5.14,42.28,2180.88,44.54,CAUTION,REST_RECOMMENDED
25.44,91.95,23.97,124.29,964.33,80.21,REST_REQUIRED,REST_BEFORE_NEXT_VISIT
27.91,96.42,22.45,47.12,1106.58,76.61,REST_REQUIRED,REST_BEFORE_NEXT_VISIT
31.68,57.64,8.62,111.28,2436.5,80.36,REST_REQUIRED,REST_BEFORE_NEXT_VISIT
26.28,92.07,30.6,57.84,1074.29,80.91,REST_REQUIRED,REST_BEFORE_NEXT_VISIT
23.66,94.01,10.4,69.73,480.17,59.01,REST_RECOMMENDED,REST_RECOMMENDED
20.55,77.7,12.12,50.2,1057.12,30.24,CAUTION,MOVABLE
27.33,2.29,9.75,63.08,1000.28,44.0,CAUTION,REST_RECOMMENDED
19.83,94.18,15.15,111.18,813.66,42.39,CAUTION,REST_RECOMMENDED
20.24,60.29,23.22,97.12,1492.93,36.95,CAUTION,MOVABLE
25.73,45.75,25.39,73.66,1476.8,59.0,REST_RECOMMENDED,REST_RECOMMENDED
27.48,74.26,16.25,47.61,1872.96,66.75,REST_RECOMMENDED,REST_RECOMMENDED
18.99,88.92,31.43,79.49,226.31,31.65,CAUTION,MOVABLE
28.84,44.67,41.39,49.8,1074.5,73.0,REST_REQUIRED,REST_BEFORE_NEXT_VISIT
20.46,42.93,36.21,94.29,463.44,28.57,LOW,MOVABLE
24.35,104.62,36.49,47.44,1035.65,60.0,REST_RECOMMENDED,REST_RECOMMENDED
19.38,100.91,9.75,71.57,466.33,40.06,CAUTION,REST_RECOMMENDED
18.05,97.95,17.54,60.7,278.29,39.94,CAUTION,REST_RECOMMENDED
25.54,97.38,25.21,71.26,1668.64,78.27,REST_REQUIRED,REST_BEFORE_NEXT_VISIT
19.74,125.11,23.54,76.71,1457.87,44.39,CAUTION,REST_RECOMMENDED
18.13,44.17,24.88,145.6,1101.51,29.6,LOW,MOVABLE
23.68,105.15,41.58,100.52,1371.58,70.28,REST_REQUIRED,REST_BEFORE_NEXT_VISIT
26.29,99.79,14.13,78.65,1011.51,73.33,REST_REQUIRED,REST_BEFORE_NEXT_VISIT
18.56,81.16,22.62,124.11,1141.27,38.7,CAUTION,MOVABLE
31.61,80.78,40.39,103.79,557.57,87.0,IMMEDIATE_REST,REST_BEFORE_NEXT_VISIT
29.99,65.22,32.02,39.62,494.12,79.78,REST_REQUIRED,REST_BEFORE_NEXT_VISIT
17.7,25.69,23.94,43.18,1963.74,19.36,LOW,MOVABLE
27.33,13.04,31.12,124.06,2156.16,65.48,REST_RECOMMENDED,REST_RECOMMENDED
23.42,15.39,33.61,90.44,2602.26,44.91,CAUTION,REST_RECOMMENDED
21.0,99.19,39.46,89.71,1664.78,58.13,REST_RECOMMENDED,REST_RECOMMENDED
22.17,44.97,21.7,122.76,754.6,38.25,CAUTION,MOVABLE
22.68,79.68,34.98,17.37,794.1,37.0,CAUTION,MOVABLE
28.62,83.29,26.44,52.37,303.29,77.93,REST_REQUIRED,REST_BEFORE_NEXT_VISIT
26.12,58.66,28.04,145.09,2159.0,62.49,REST_RECOMMENDED,REST_RECOMMENDED
21.05,37.81,48.05,81.84,762.23,38.12,CAUTION,MOVABLE
24.67,52.29,46.64,36.34,706.61,43.16,CAUTION,REST_RECOMMENDED
32.86,124.32,14.07,85.83,1358.53,87.0,IMMEDIATE_REST,REST_BEFORE_NEXT_VISIT
18.44,13.11,49.46,1.01,856.85,11.8,LOW,MOVABLE
26.21,32.48,5.81,37.29,890.38,46.0,CAUTION,REST_RECOMMENDED
20.22,50.5,17.48,84.77,1734.25,22.51,LOW,MOVABLE
28.5,77.7,3.63,72.04,725.35,75.78,REST_REQUIRED,REST_BEFORE_NEXT_VISIT
21.11,30.94,34.81,95.79,576.88,38.23,CAUTION,MOVABLE
20.61,115.19,19.16,23.4,1282.85,33.28,CAUTION,MOVABLE
20.04,72.95,22.17,111.26,590.41,34.31,CAUTION,MOVABLE
19.68,47.86,13.29,86.22,554.17,19.24,LOW,MOVABLE
33.53,56.36,11.53,97.91,1105.27,73.0,REST_REQUIRED,REST_BEFORE_NEXT_VISIT
21.67,131.21,12.4,128.18,1173.71,56.95,REST_RECOMMENDED,REST_RECOMMENDED
33.88,122.36,27.86,116.13,273.14,93.74,IMMEDIATE_REST,REST_BEFORE_NEXT_VISIT
25.78,86.47,35.05,73.6,871.21,71.51,REST_REQUIRED,REST_BEFORE_NEXT_VISIT
24.07,22.49,8.26,147.65,1719.56,36.2,CAUTION,MOVABLE
26.61,67.04,30.98,30.61,54.55,70.31,REST_REQUIRED,REST_BEFORE_NEXT_VISIT
19.55,58.91,44.7,81.41,135.39,25.32,LOW,MOVABLE
24.33,61.12,16.17,93.31,1577.41,52.0,REST_RECOMMENDED,REST_RECOMMENDED
32.67,54.98,7.36,32.84,1752.71,71.7,REST_REQUIRED,REST_BEFORE_NEXT_VISIT
27.48,61.23,8.21,47.61,1417.09,57.82,REST_RECOMMENDED,REST_RECOMMENDED
23.47,101.07,15.05,75.15,1053.52,58.54,REST_RECOMMENDED,REST_RECOMMENDED
19.95,65.74,41.91,42.24,225.54,31.18,CAUTION,MOVABLE
28.63,30.02,42.28,38.55,198.74,68.0,REST_RECOMMENDED,REST_RECOMMENDED
28.2,131.12,20.87,10.91,2020.11,90.14,IMMEDIATE_REST,REST_BEFORE_NEXT_VISIT
21.51,35.08,27.35,24.39,782.44,27.96,LOW,MOVABLE
29.67,47.89,26.26,92.69,2156.84,79.97,REST_REQUIRED,REST_BEFORE_NEXT_VISIT
26.35,64.57,26.81,27.48,1548.27,63.85,REST_RECOMMENDED,REST_RECOMMENDED
26.86,52.59,12.44,65.18,384.81,56.19,REST_RECOMMENDED,REST_RECOMMENDED
28.92,64.43,28.71,146.06,1015.01,93.03,IMMEDIATE_REST,REST_BEFORE_NEXT_VISIT
29.67,33.66,32.05,71.37,149.29,72.0,REST_REQUIRED,REST_BEFORE_NEXT_VISIT
27.62,27.26,22.44,85.89,167.71,48.68,CAUTION,REST_RECOMMENDED
32.0,14.14,18.09,99.45,234.31,60.15,REST_RECOMMENDED,REST_RECOMMENDED
30.3,23.2,26.88,151.73,1616.03,71.11,REST_REQUIRED,REST_BEFORE_NEXT_VISIT
23.28,34.62,35.8,122.11,395.48,50.37,REST_RECOMMENDED,REST_RECOMMENDED
25.39,53.73,44.99,25.48,438.98,53.84,REST_RECOMMENDED,REST_RECOMMENDED
29.27,18.11,38.89,60.85,1452.68,75.66,REST_REQUIRED,REST_BEFORE_NEXT_VISIT
21.58,108.35,18.41,57.38,614.76,47.24,CAUTION,REST_RECOMMENDED
27.99,87.22,21.03,75.99,1052.83,68.0,REST_RECOMMENDED,REST_RECOMMENDED
25.87,22.4,12.28,43.03,434.63,42.92,CAUTION,REST_RECOMMENDED
24.61,65.66,33.7,71.87,1503.63,57.46,REST_RECOMMENDED,REST_RECOMMENDED
29.73,68.51,53.26,108.98,300.3,87.56,IMMEDIATE_REST,REST_BEFORE_NEXT_VISIT
16.88,67.26,29.78,93.25,719.15,39.42,CAUTION,REST_RECOMMENDED
18.97,40.55,17.16,101.49,2209.11,23.13,LOW,MOVABLE
26.47,125.41,39.41,81.71,2007.06,82.98,REST_REQUIRED,REST_BEFORE_NEXT_VISIT
21.86,78.42,18.65,64.42,1292.28,41.84,CAUTION,REST_RECOMMENDED
32.24,19.51,9.2,51.21,647.56,57.67,REST_RECOMMENDED,REST_RECOMMENDED
29.71,48.69,8.83,91.79,1412.22,76.97,REST_REQUIRED,REST_BEFORE_NEXT_VISIT
18.03,152.48,24.95,59.38,264.02,39.5,CAUTION,REST_RECOMMENDED
27.18,105.74,40.75,71.52,1198.13,83.9,REST_REQUIRED,REST_BEFORE_NEXT_VISIT
18.55,90.6,29.38,48.8,1205.01,43.65,CAUTION,REST_RECOMMENDED
26.94,2.85,15.95,142.38,720.4,48.0,CAUTION,REST_RECOMMENDED
23.14,115.81,21.49,140.94,1246.95,65.04,REST_RECOMMENDED,REST_RECOMMENDED
23.64,21.84,41.72,134.71,1344.96,45.37,CAUTION,REST_RECOMMENDED
25.26,46.76,12.53,69.77,506.85,53.0,REST_RECOMMENDED,REST_RECOMMENDED
30.78,125.1,6.86,122.68,1893.73,87.69,IMMEDIATE_REST,REST_BEFORE_NEXT_VISIT
33.78,103.66,21.0,131.08,2251.67,98.0,IMMEDIATE_REST,REST_BEFORE_NEXT_VISIT
31.36,44.25,16.57,51.48,1063.08,72.65,REST_REQUIRED,REST_BEFORE_NEXT_VISIT
30.83,44.65,36.03,78.83,914.79,79.68,REST_REQUIRED,REST_BEFORE_NEXT_VISIT
28.64,44.07,11.76,109.91,121.99,69.65,REST_RECOMMENDED,REST_BEFORE_NEXT_VISIT
24.9,93.23,10.2,79.77,1399.17,61.74,REST_RECOMMENDED,REST_RECOMMENDED
29.48,85.31,16.1,11.96,840.26,70.0,REST_REQUIRED,REST_BEFORE_NEXT_VISIT
31.46,15.98,23.07,108.57,865.94,71.38,REST_REQUIRED,REST_BEFORE_NEXT_VISIT
28.85,104.65,3.55,166.94,308.44,87.73,IMMEDIATE_REST,REST_BEFORE_NEXT_VISIT
25.36,80.63,16.45,100.91,388.89,64.0,REST_RECOMMENDED,REST_RECOMMENDED
26.63,140.2,50.3,92.73,452.6,79.0,REST_REQUIRED,REST_BEFORE_NEXT_VISIT
29.02,53.51,33.94,23.94,671.74,69.65,REST_RECOMMENDED,REST_BEFORE_NEXT_VISIT
22.43,87.71,24.97,53.27,2015.07,41.77,CAUTION,REST_RECOMMENDED
21.34,122.75,26.01,152.24,426.34,51.0,REST_RECOMMENDED,REST_RECOMMENDED
29.82,54.3,15.92,145.87,1601.8,76.68,REST_REQUIRED,REST_BEFORE_NEXT_VISIT
29.4,110.87,16.49,164.17,2249.03,95.5,IMMEDIATE_REST,REST_BEFORE_NEXT_VISIT
16.95,98.87,19.8,133.03,1504.3,42.4,CAUTION,REST_RECOMMENDED
31.01,77.61,37.35,121.98,992.38,90.98,IMMEDIATE_REST,REST_BEFORE_NEXT_VISIT
24.14,87.88,16.8,99.47,302.51,51.54,REST_RECOMMENDED,REST_RECOMMENDED
29.74,76.48,12.71,161.74,426.6,79.0,REST_REQUIRED,REST_BEFORE_NEXT_VISIT
23.96,39.61,30.9,129.42,86.22,49.71,CAUTION,REST_RECOMMENDED
27.46,47.31,22.51,87.86,791.85,58.63,REST_RECOMMENDED,REST_RECOMMENDED
28.41,93.53,44.48,33.5,1853.16,95.73,IMMEDIATE_REST,REST_BEFORE_NEXT_VISIT
25.59,62.1,31.53,130.84,1435.68,78.26,REST_REQUIRED,REST_BEFORE_NEXT_VISIT
28.39,17.34,12.1,116.81,2193.15,65.0,REST_RECOMMENDED,REST_RECOMMENDED
20.26,47.77,47.52,73.55,456.89,24.0,LOW,MOVABLE
23.03,26.71,19.43,153.22,634.12,37.39,CAUTION,MOVABLE
24.81,95.97,33.43,47.93,2037.73,61.61,REST_RECOMMENDED,REST_RECOMMENDED
23.45,9.13,24.8,32.45,2029.89,33.79,CAUTION,MOVABLE
24.91,47.07,9.77,79.51,558.75,38.52,CAUTION,MOVABLE
32.27,93.84,48.36,73.9,784.55,92.4,IMMEDIATE_REST,REST_BEFORE_NEXT_VISIT
19.4,68.56,16.68,114.47,584.33,30.0,CAUTION,MOVABLE
29.93,119.67,14.94,93.98,109.89,92.73,IMMEDIATE_REST,REST_BEFORE_NEXT_VISIT
26.2,61.81,21.43,87.57,2214.68,71.92,REST_REQUIRED,REST_BEFORE_NEXT_VISIT
26.69,63.21,36.34,25.59,482.04,62.73,REST_RECOMMENDED,REST_RECOMMENDED
31.32,40.17,24.66,81.57,1798.41,74.0,REST_REQUIRED,REST_BEFORE_NEXT_VISIT
26.37,4.62,41.0,66.68,1365.64,54.0,REST_RECOMMENDED,REST_RECOMMENDED
30.05,23.15,2.2,169.99,1541.92,62.28,REST_RECOMMENDED,REST_RECOMMENDED
31.39,37.14,17.13,53.56,544.2,66.99,REST_RECOMMENDED,REST_RECOMMENDED
24.31,41.76,25.72,94.47,2329.49,51.94,REST_RECOMMENDED,REST_RECOMMENDED
26.78,67.44,31.48,127.35,771.47,75.49,REST_REQUIRED,REST_BEFORE_NEXT_VISIT
19.35,139.16,15.59,158.59,285.51,39.18,CAUTION,REST_RECOMMENDED
21.41,18.35,10.39,112.09,227.49,20.0,LOW,MOVABLE
22.55,69.64,37.46,76.98,601.37,45.86,CAUTION,REST_RECOMMENDED
29.16,77.09,20.6,58.13,677.34,77.0,REST_REQUIRED,REST_BEFORE_NEXT_VISIT
19.54,126.25,16.18,55.59,804.74,33.13,CAUTION,MOVABLE
28.36,41.41,8.43,60.73,669.86,68.33,REST_RECOMMENDED,REST_RECOMMENDED
31.36,128.6,29.89,80.6,124.12,92.79,IMMEDIATE_REST,REST_BEFORE_NEXT_VISIT
23.74,27.18,16.58,117.98,1076.48,35.46,CAUTION,MOVABLE
21.88,47.19,34.22,99.06,593.68,41.27,CAUTION,REST_RECOMMENDED
27.39,78.69,27.85,37.51,562.23,64.66,REST_RECOMMENDED,REST_RECOMMENDED
27.09,117.55,33.41,67.27,1370.24,80.79,REST_REQUIRED,REST_BEFORE_NEXT_VISIT
26.12,30.3,36.71,59.16,1070.53,65.86,REST_RECOMMENDED,REST_RECOMMENDED
29.37,115.34,23.62,43.5,1706.44,88.98,IMMEDIATE_REST,REST_BEFORE_NEXT_VISIT
30.5,104.03,22.64,85.87,1757.42,95.1,IMMEDIATE_REST,REST_BEFORE_NEXT_VISIT
24.74,52.23,16.41,100.43,562.89,43.04,CAUTION,REST_RECOMMENDED
19.55,91.78,16.71,144.75,103.17,36.42,CAUTION,MOVABLE
23.79,99.39,36.65,41.51,615.9,64.58,REST_RECOMMENDED,REST_RECOMMENDED
21.71,117.77,21.75,66.34,991.85,54.83,REST_RECOMMENDED,REST_RECOMMENDED
30.32,32.89,15.9,101.24,2238.9,74.5,REST_REQUIRED,REST_BEFORE_NEXT_VISIT
20.61,67.63,26.65,27.16,1766.58,26.0,LOW,MOVABLE
27.83,57.77,12.84,109.38,452.8,63.32,REST_RECOMMENDED,REST_RECOMMENDED
27.55,20.25,19.31,48.61,48.96,39.43,CAUTION,REST_RECOMMENDED
20.78,87.45,10.75,93.2,1083.58,32.76,CAUTION,MOVABLE
32.35,68.66,7.27,61.96,521.56,77.71,REST_REQUIRED,REST_BEFORE_NEXT_VISIT
30.13,38.01,18.65,37.28,1479.73,66.0,REST_RECOMMENDED,REST_RECOMMENDED
26.56,49.68,45.4,72.09,698.37,64.6,REST_RECOMMENDED,REST_RECOMMENDED
27.65,74.78,22.72,101.99,703.97,71.8,REST_REQUIRED,REST_BEFORE_NEXT_VISIT
23.44,63.81,32.5,73.66,708.12,57.48,REST_RECOMMENDED,REST_RECOMMENDED
26.72,61.52,9.47,63.56,1110.7,61.0,REST_RECOMMENDED,REST_RECOMMENDED
18.76,101.86,16.49,14.78,384.69,28.53,LOW,MOVABLE
28.46,86.66,13.52,103.81,795.4,80.18,REST_REQUIRED,REST_BEFORE_NEXT_VISIT
21.76,53.53,43.23,36.34,981.54,31.0,CAUTION,MOVABLE
31.62,47.68,28.11,90.54,1213.39,77.0,REST_REQUIRED,REST_BEFORE_NEXT_VISIT
22.23,83.76,38.85,67.71,384.34,45.53,CAUTION,REST_RECOMMENDED
24.57,46.32,7.3,83.34,31.21,35.32,CAUTION,MOVABLE
28.58,102.75,31.42,80.48,312.33,96.3,IMMEDIATE_REST,REST_BEFORE_NEXT_VISIT
25.79,98.52,8.72,97.13,1342.96,72.99,REST_REQUIRED,REST_BEFORE_NEXT_VISIT
26.08,138.93,22.68,87.6,721.78,80.2,REST_REQUIRED,REST_BEFORE_NEXT_VISIT
20.45,47.75,14.91,90.47,2058.31,25.63,LOW,MOVABLE
25.14,31.45,11.24,53.38,557.57,56.44,REST_RECOMMENDED,REST_RECOMMENDED
25.71,94.73,21.18,47.98,439.92,71.23,REST_REQUIRED,REST_BEFORE_NEXT_VISIT
25.19,16.91,43.77,87.17,1250.08,55.84,REST_RECOMMENDED,REST_RECOMMENDED
30.03,39.85,23.75,34.76,959.56,75.01,REST_REQUIRED,REST_BEFORE_NEXT_VISIT
21.72,122.87,4.82,101.65,1244.47,47.0,CAUTION,REST_RECOMMENDED
24.71,96.18,30.37,119.96,476.54,68.42,REST_RECOMMENDED,REST_RECOMMENDED
18.16,9.97,4.83,121.86,1670.54,15.73,LOW,MOVABLE
23.36,44.3,15.04,43.61,198.82,34.21,CAUTION,MOVABLE
17.86,61.85,24.05,67.65,1952.98,33.71,CAUTION,MOVABLE
22.41,88.37,19.17,68.81,124.67,35.19,CAUTION,MOVABLE
31.73,86.88,23.56,44.74,635.18,79.57,REST_REQUIRED,REST_BEFORE_NEXT_VISIT
29.51,106.56,41.65,76.85,174.31,94.13,IMMEDIATE_REST,REST_BEFORE_NEXT_VISIT
30.64,45.09,45.36,90.59,1112.09,84.17,REST_REQUIRED,REST_BEFORE_NEXT_VISIT
24.13,58.48,30.44,120.8,2312.09,50.0,REST_RECOMMENDED,REST_RECOMMENDED
25.84,46.5,19.36,87.2,404.52,56.74,REST_RECOMMENDED,REST_RECOMMENDED
31.26,57.11,34.73,106.86,1846.7,83.37,REST_REQUIRED,REST_BEFORE_NEXT_VISIT
23.98,107.43,31.46,77.86,1312.92,70.97,REST_REQUIRED,REST_BEFORE_NEXT_VISIT
26.33,82.5,24.22,36.41,414.96,61.74,REST_RECOMMENDED,REST_RECOMMENDED
21.96,30.07,28.95,61.25,340.38,33.57,CAUTION,MOVABLE
28.67,62.98,32.52,78.22,1032.85,86.73,IMMEDIATE_REST,REST_BEFORE_NEXT_VISIT
23.92,60.52,24.7,73.01,872.26,57.19,REST_RECOMMENDED,REST_RECOMMENDED
28.75,133.52,3.47,16.92,760.57,79.44,REST_REQUIRED,REST_BEFORE_NEXT_VISIT
22.01,60.71,14.55,119.55,2039.19,42.14,CAUTION,REST_RECOMMENDED
30.26,121.95,16.72,35.47,149.32,85.78,IMMEDIATE_REST,REST_BEFORE_NEXT_VISIT
21.31,44.65,43.85,73.77,1456.4,37.0,CAUTION,MOVABLE
17.5,108.47,28.48,149.9,1328.18,46.41,CAUTION,REST_RECOMMENDED
23.49,86.16,4.87,21.52,2148.35,47.75,CAUTION,REST_RECOMMENDED
30.07,18.48,33.3,117.14,2018.95,74.31,REST_REQUIRED,REST_BEFORE_NEXT_VISIT
22.57,76.66,35.08,67.07,771.3,46.07,CAUTION,REST_RECOMMENDED
26.2,66.99,13.17,60.14,24.03,61.56,REST_RECOMMENDED,REST_RECOMMENDED
22.68,80.47,11.93,86.89,2060.25,39.49,CAUTION,REST_RECOMMENDED
29.18,74.55,39.44,82.08,15.25,85.89,IMMEDIATE_REST,REST_BEFORE_NEXT_VISIT
31.18,25.79,19.96,125.64,257.46,61.22,REST_RECOMMENDED,REST_RECOMMENDED
25.13,41.26,11.12,115.24,884.99,56.53,REST_RECOMMENDED,REST_RECOMMENDED
20.3,115.5,24.68,31.66,471.04,38.14,CAUTION,MOVABLE
24.73,34.29,29.85,34.33,797.43,39.75,CAUTION,REST_RECOMMENDED
30.17,157.81,16.05,127.75,652.4,89.18,IMMEDIATE_REST,REST_BEFORE_NEXT_VISIT
20.26,94.07,52.2,55.32,1446.21,40.51,CAUTION,REST_RECOMMENDED
26.35,107.66,31.64,97.43,741.68,83.92,REST_REQUIRED,REST_BEFORE_NEXT_VISIT
25.59,82.83,45.41,64.19,638.82,72.7,REST_REQUIRED,REST_BEFORE_NEXT_VISIT
16.28,105.07,13.74,155.45,2223.46,40.0,CAUTION,REST_RECOMMENDED
21.44,82.21,3.46,117.82,1435.77,39.0,CAUTION,MOVABLE
23.01,60.58,40.03,95.46,909.13,60.9,REST_RECOMMENDED,REST_RECOMMENDED
30.5,38.17,18.03,56.11,306.74,65.64,REST_RECOMMENDED,REST_RECOMMENDED
26.4,121.11,18.39,40.42,1436.25,68.47,REST_RECOMMENDED,REST_RECOMMENDED
25.08,40.33,14.87,117.95,389.2,62.86,REST_RECOMMENDED,REST_RECOMMENDED
29.05,40.16,48.92,34.02,188.57,69.56,REST_RECOMMENDED,REST_BEFORE_NEXT_VISIT
30.16,128.51,40.47,121.47,751.24,100.0,IMMEDIATE_REST,REST_BEFORE_NEXT_VISIT
32.19,123.09,40.86,74.48,285.35,92.54,IMMEDIATE_REST,REST_BEFORE_NEXT_VISIT
26.43,32.58,15.26,55.9,452.85,53.31,REST_RECOMMENDED,REST_RECOMMENDED
22.28,32.78,26.54,151.83,235.99,36.86,CAUTION,MOVABLE
29.53,85.07,13.18,82.05,1753.82,84.44,REST_REQUIRED,REST_BEFORE_NEXT_VISIT
24.05,21.23,10.08,107.8,729.98,33.71,CAUTION,MOVABLE
29.17,108.84,14.64,52.22,1658.67,87.02,IMMEDIATE_REST,REST_BEFORE_NEXT_VISIT
22.23,19.02,11.87,86.34,841.34,27.81,LOW,MOVABLE
23.4,119.35,13.81,45.5,1190.92,55.3,REST_RECOMMENDED,REST_RECOMMENDED
21.59,80.92,29.68,23.82,436.66,38.12,CAUTION,MOVABLE
26.94,71.48,41.13,42.6,684.05,69.96,REST_RECOMMENDED,REST_BEFORE_NEXT_VISIT
25.08,84.34,37.32,56.21,71.83,68.96,REST_RECOMMENDED,REST_RECOMMENDED
25.56,39.9,28.3,85.05,1533.19,59.0,REST_RECOMMENDED,REST_RECOMMENDED
28.99,31.82,24.97,131.14,2064.5,78.16,REST_REQUIRED,REST_BEFORE_NEXT_VISIT
24.07,89.98,17.54,58.94,1139.7,47.6,CAUTION,REST_RECOMMENDED
23.35,43.8,45.31,76.43,927.49,46.72,CAUTION,REST_RECOMMENDED
25.39,70.52,46.13,108.77,682.35,76.17,REST_REQUIRED,REST_BEFORE_NEXT_VISIT
29.62,37.66,25.01,121.3,1259.49,77.0,REST_REQUIRED,REST_BEFORE_NEXT_VISIT
32.27,74.0,15.85,73.12,580.46,82.91,REST_REQUIRED,REST_BEFORE_NEXT_VISIT
21.63,96.47,27.49,40.48,2646.65,49.35,CAUTION,REST_RECOMMENDED
33.72,74.15,12.49,82.69,868.23,81.87,REST_REQUIRED,REST_BEFORE_NEXT_VISIT
28.22,33.21,28.62,37.93,716.36,71.09,REST_REQUIRED,REST_BEFORE_NEXT_VISIT
22.19,40.32,24.11,150.17,1026.78,40.18,CAUTION,REST_RECOMMENDED
25.27,75.69,33.07,116.41,1890.55,77.46,REST_REQUIRED,REST_BEFORE_NEXT_VISIT
19.87,73.56,42.71,121.64,314.31,38.99,CAUTION,MOVABLE
24.05,81.45,27.93,87.98,2528.24,53.72,REST_RECOMMENDED,REST_RECOMMENDED
29.71,50.87,9.87,83.06,1403.77,70.96,REST_REQUIRED,REST_BEFORE_NEXT_VISIT
31.37,61.8,7.83,64.97,1168.44,76.0,REST_REQUIRED,REST_BEFORE_NEXT_VISIT
19.36,59.65,20.06,109.46,233.35,26.5,LOW,MOVABLE
18.54,121.93,35.44,34.33,354.68,39.98,CAUTION,REST_RECOMMENDED
24.34,43.41,24.52,41.8,64.74,37.55,CAUTION,MOVABLE
24.31,136.38,6.49,73.49,441.96,51.0,REST_RECOMMENDED,REST_RECOMMENDED
29.04,66.13,24.75,36.43,1688.19,79.0,REST_REQUIRED,REST_BEFORE_NEXT_VISIT
18.42,20.34,6.04,134.26,2023.97,19.94,LOW,MOVABLE
27.39,11.74,19.94,42.67,1153.6,43.0,CAUTION,REST_RECOMMENDED
30.97,147.3,20.69,49.47,930.02,85.0,IMMEDIATE_REST,REST_BEFORE_NEXT_VISIT
33.93,160.05,20.37,110.33,1495.17,98.53,IMMEDIATE_REST,REST_BEFORE_NEXT_VISIT
28.4,14.39,9.34,85.57,747.19,58.33,REST_RECOMMENDED,REST_RECOMMENDED
20.08,22.12,34.47,84.27,276.51,14.9,LOW,MOVABLE
22.67,89.84,32.28,73.48,377.47,43.0,CAUTION,REST_RECOMMENDED
21.9,50.36,26.28,54.25,1177.01,36.46,CAUTION,MOVABLE
26.04,103.4,40.68,50.99,1515.31,81.46,REST_REQUIRED,REST_BEFORE_NEXT_VISIT
33.02,153.69,40.88,59.72,970.93,89.44,IMMEDIATE_REST,REST_BEFORE_NEXT_VISIT
22.7,129.26,18.36,127.82,667.1,48.0,CAUTION,REST_RECOMMENDED
24.45,103.83,16.42,84.4,1652.95,62.26,REST_RECOMMENDED,REST_RECOMMENDED
15.62,33.15,19.81,41.71,584.48,15.9,LOW,MOVABLE
19.82,23.32,18.0,90.16,275.76,18.11,LOW,MOVABLE
22.29,60.27,24.95,114.85,1795.08,50.68,REST_RECOMMENDED,REST_RECOMMENDED
30.17,120.75,39.24,100.62,1608.38,100.0,IMMEDIATE_REST,REST_BEFORE_NEXT_VISIT
29.4,63.24,30.97,138.08,832.82,88.96,IMMEDIATE_REST,REST_BEFORE_NEXT_VISIT
30.87,56.72,36.73,128.47,186.12,77.7,REST_REQUIRED,REST_BEFORE_NEXT_VISIT
21.46,42.93,31.58,65.69,1703.77,37.23,CAUTION,MOVABLE
29.01,106.76,20.1,63.27,1613.46,92.91,IMMEDIATE_REST,REST_BEFORE_NEXT_VISIT
27.33,76.52,5.19,27.45,1987.8,54.72,REST_RECOMMENDED,REST_RECOMMENDED
27.38,123.39,17.0,56.55,1636.64,72.23,REST_REQUIRED,REST_BEFORE_NEXT_VISIT
19.09,25.24,47.43,47.04,563.3,16.47,LOW,MOVABLE
28.23,129.17,33.18,113.67,796.63,95.0,IMMEDIATE_REST,REST_BEFORE_NEXT_VISIT
33.71,52.99,28.65,85.41,523.56,73.52,REST_REQUIRED,REST_BEFORE_NEXT_VISIT
22.14,95.52,40.53,65.77,695.47,52.27,REST_RECOMMENDED,REST_RECOMMENDED
19.2,29.31,36.05,93.44,646.49,21.96,LOW,MOVABLE
34.56,96.45,35.86,127.55,1599.73,98.2,IMMEDIATE_REST,REST_BEFORE_NEXT_VISIT
28.34,24.32,19.29,93.49,1522.13,65.0,REST_RECOMMENDED,REST_RECOMMENDED
29.88,68.33,47.35,70.35,350.81,88.55,IMMEDIATE_REST,REST_BEFORE_NEXT_VISIT
32.23,73.89,7.74,164.9,1159.31,79.0,REST_REQUIRED,REST_BEFORE_NEXT_VISIT
31.31,59.21,7.63,155.9,132.99,69.63,REST_RECOMMENDED,REST_BEFORE_NEXT_VISIT
22.42,13.86,42.94,61.2,1957.45,35.7,CAUTION,MOVABLE
19.46,121.18,29.16,70.63,1685.92,45.76,CAUTION,REST_RECOMMENDED
31.11,39.52,31.78,111.27,779.83,84.2,REST_REQUIRED,REST_BEFORE_NEXT_VISIT
23.06,81.16,12.21,142.59,683.52,51.06,REST_RECOMMENDED,REST_RECOMMENDED
20.53,82.98,15.44,124.01,1610.47,32.0,CAUTION,MOVABLE
31.81,92.1,37.9,76.6,787.35,99.8,IMMEDIATE_REST,REST_BEFORE_NEXT_VISIT
20.97,80.8,43.47,30.19,1070.18,34.42,CAUTION,MOVABLE
23.72,62.81,21.62,78.16,658.81,52.3,REST_RECOMMENDED,REST_RECOMMENDED
31.9,40.76,21.36,60.29,859.82,75.02,REST_REQUIRED,REST_BEFORE_NEXT_VISIT
18.11,126.3,39.57,9.97,1025.03,37.92,CAUTION,MOVABLE
33.37,38.12,25.85,89.93,320.84,73.86,REST_REQUIRED,REST_BEFORE_NEXT_VISIT
18.14,59.21,33.57,32.64,557.04,25.09,LOW,MOVABLE
23.05,63.19,20.6,75.77,945.9,52.36,REST_RECOMMENDED,REST_RECOMMENDED
19.42,58.03,2.45,58.0,1203.44,18.57,LOW,MOVABLE
24.21,48.57,31.31,142.58,706.66,48.0,CAUTION,REST_RECOMMENDED
26.62,74.57,22.49,101.84,1939.42,77.59,REST_REQUIRED,REST_BEFORE_NEXT_VISIT
20.8,19.65,23.17,36.06,1039.64,12.0,LOW,MOVABLE
24.51,101.0,5.65,137.44,1344.24,57.0,REST_RECOMMENDED,REST_RECOMMENDED
21.02,49.38,20.02,68.05,180.36,32.17,CAUTION,MOVABLE
24.89,68.82,35.58,127.32,297.35,54.0,REST_RECOMMENDED,REST_RECOMMENDED
20.58,26.56,23.88,61.72,174.86,14.43,LOW,MOVABLE
25.69,33.47,33.54,88.98,1703.51,62.0,REST_RECOMMENDED,REST_RECOMMENDED
20.59,63.62,19.51,43.18,1039.17,29.02,LOW,MOVABLE
25.72,9.95,23.66,84.84,1387.19,52.18,REST_RECOMMENDED,REST_RECOMMENDED
19.85,114.86,9.33,18.05,874.92,28.95,LOW,MOVABLE
22.98,118.24,24.63,28.68,772.21,53.33,REST_RECOMMENDED,REST_RECOMMENDED
26.95,77.25,31.16,10.5,2357.32,66.3,REST_RECOMMENDED,REST_RECOMMENDED
20.83,99.61,26.87,108.74,1529.01,48.08,CAUTION,REST_RECOMMENDED
16.91,38.78,28.29,68.75,1790.19,32.45,CAUTION,MOVABLE
16.67,33.89,23.45,118.25,836.95,26.07,LOW,MOVABLE
27.37,24.32,25.32,33.85,840.56,50.34,REST_RECOMMENDED,REST_RECOMMENDED
29.54,19.01,20.98,40.47,1350.19,67.88,REST_RECOMMENDED,REST_RECOMMENDED
32.1,61.49,38.4,62.96,1764.73,90.38,IMMEDIATE_REST,REST_BEFORE_NEXT_VISIT
29.37,45.07,25.36,121.5,321.93,74.0,REST_REQUIRED,REST_BEFORE_NEXT_VISIT
24.17,59.46,16.24,60.15,665.38,44.86,CAUTION,REST_RECOMMENDED
15.44,56.2,8.1,95.09,126.75,19.41,LOW,MOVABLE
19.83,25.81,26.08,75.36,1872.22,18.39,LOW,MOVABLE
26.64,87.29,38.91,149.8,1199.63,77.22,REST_REQUIRED,REST_BEFORE_NEXT_VISIT
20.72,51.88,42.36,69.2,494.58,27.54,LOW,MOVABLE
27.33,36.12,29.29,88.04,213.94,54.0,REST_RECOMMENDED,REST_RECOMMENDED
26.74,51.41,16.1,98.27,897.78,59.52,REST_RECOMMENDED,REST_RECOMMENDED
27.31,84.8,53.13,91.51,354.23,76.41,REST_REQUIRED,REST_BEFORE_NEXT_VISIT
23.54,123.47,16.46,147.25,1266.44,62.49,REST_RECOMMENDED,REST_RECOMMENDED
31.52,80.8,6.92,125.94,1759.92,79.53,REST_REQUIRED,REST_BEFORE_NEXT_VISIT
22.96,89.75,11.07,79.43,364.19,36.0,CAUTION,MOVABLE
31.72,21.91,16.79,45.42,1532.17,64.44,REST_RECOMMENDED,REST_RECOMMENDED
20.38,132.49,44.73,70.6,1265.49,48.74,CAUTION,REST_RECOMMENDED
31.02,93.74,30.08,65.53,454.95,96.5,IMMEDIATE_REST,REST_BEFORE_NEXT_VISIT
26.92,96.43,29.32,92.23,233.05,74.51,REST_REQUIRED,REST_BEFORE_NEXT_VISIT
20.19,44.15,29.32,129.72,867.44,28.83,LOW,MOVABLE
17.32,38.57,32.85,116.03,1636.82,33.52,CAUTION,MOVABLE
29.37,59.06,21.36,154.23,1107.32,79.19,REST_REQUIRED,REST_BEFORE_NEXT_VISIT
23.07,30.59,11.43,122.76,693.14,47.2,CAUTION,REST_RECOMMENDED
23.74,53.18,23.23,62.6,1360.45,48.58,CAUTION,REST_RECOMMENDED
26.46,86.56,0.94,97.38,2500.94,64.0,REST_RECOMMENDED,REST_RECOMMENDED
23.13,10.18,17.97,94.4,760.9,33.41,CAUTION,MOVABLE
30.62,54.93,40.23,107.8,1012.87,80.75,REST_REQUIRED,REST_BEFORE_NEXT_VISIT
26.4,23.55,21.78,71.41,1509.15,52.25,REST_RECOMMENDED,REST_RECOMMENDED
31.86,62.79,28.48,113.32,712.85,89.26,IMMEDIATE_REST,REST_BEFORE_NEXT_VISIT
20.63,29.46,25.98,79.18,1131.33,22.24,LOW,MOVABLE
24.22,141.51,22.96,52.54,1604.84,60.98,REST_RECOMMENDED,REST_RECOMMENDED
23.98,3.67,15.55,105.19,2248.17,41.35,CAUTION,REST_RECOMMENDED
19.09,86.56,36.68,63.02,1622.72,36.0,CAUTION,MOVABLE
31.57,86.2,45.23,33.51,1024.42,83.44,REST_REQUIRED,REST_BEFORE_NEXT_VISIT
25.69,55.92,9.69,145.82,1981.78,55.0,REST_RECOMMENDED,REST_RECOMMENDED
22.22,57.28,16.04,124.25,1901.89,38.02,CAUTION,MOVABLE
20.35,99.32,34.8,62.99,660.79,44.96,CAUTION,REST_RECOMMENDED
25.31,86.7,17.54,16.09,1106.9,60.06,REST_RECOMMENDED,REST_RECOMMENDED
16.73,15.25,46.3,28.31,2091.2,13.54,LOW,MOVABLE
24.71,61.42,17.45,56.19,206.29,43.69,CAUTION,REST_RECOMMENDED
20.96,114.1,24.53,150.3,142.27,42.85,CAUTION,REST_RECOMMENDED
23.35,88.86,32.78,22.98,1692.92,52.66,REST_RECOMMENDED,REST_RECOMMENDED
21.1,43.63,26.97,22.88,605.78,28.61,LOW,MOVABLE
30.25,81.58,18.25,44.24,916.58,81.05,REST_REQUIRED,REST_BEFORE_NEXT_VISIT
28.55,64.13,46.07,62.09,1353.91,92.08,IMMEDIATE_REST,REST_BEFORE_NEXT_VISIT
28.94,15.66,33.07,81.8,408.76,69.71,REST_RECOMMENDED,REST_BEFORE_NEXT_VISIT
22.74,70.31,25.8,74.92,520.4,45.8,CAUTION,REST_RECOMMENDED
25.92,39.23,33.02,37.36,565.33,60.26,REST_RECOMMENDED,REST_RECOMMENDED
19.42,125.93,1.43,81.31,215.64,34.96,CAUTION,MOVABLE
24.53,106.57,44.48,62.74,1103.0,68.89,REST_RECOMMENDED,REST_RECOMMENDED
33.87,45.53,19.69,61.79,889.51,71.16,REST_REQUIRED,REST_BEFORE_NEXT_VISIT
26.78,15.44,36.92,62.14,1391.64,56.82,REST_RECOMMENDED,REST_RECOMMENDED
32.78,58.03,50.27,32.38,665.64,74.41,REST_REQUIRED,REST_BEFORE_NEXT_VISIT
17.75,53.35,39.77,55.48,952.29,21.03,LOW,MOVABLE
20.86,12.46,35.48,52.77,192.91,13.19,LOW,MOVABLE
26.64,69.63,18.41,117.35,539.15,65.0,REST_RECOMMENDED,REST_RECOMMENDED
22.97,107.19,35.82,117.14,384.37,54.0,REST_RECOMMENDED,REST_RECOMMENDED
30.89,69.72,26.74,33.51,789.92,80.05,REST_REQUIRED,REST_BEFORE_NEXT_VISIT
29.23,127.46,30.39,145.4,1822.24,97.01,IMMEDIATE_REST,REST_BEFORE_NEXT_VISIT
25.99,108.9,9.94,69.97,1113.21,78.08,REST_REQUIRED,REST_BEFORE_NEXT_VISIT
23.5,108.16,37.99,98.52,954.38,69.23,REST_RECOMMENDED,REST_BEFORE_NEXT_VISIT
23.07,66.22,19.28,66.5,399.26,53.67,REST_RECOMMENDED,REST_RECOMMENDED
23.98,125.03,12.84,32.33,847.67,57.82,REST_RECOMMENDED,REST_RECOMMENDED
29.77,78.13,46.67,139.02,753.63,87.0,IMMEDIATE_REST,REST_BEFORE_NEXT_VISIT
17.77,38.99,25.76,165.18,647.22,27.94,LOW,MOVABLE
21.15,41.46,23.24,59.66,1317.46,37.46,CAUTION,MOVABLE
18.48,8.84,27.84,102.24,170.13,17.69,LOW,MOVABLE
22.55,96.52,8.71,88.01,182.73,40.15,CAUTION,REST_RECOMMENDED
19.97,100.08,32.95,108.46,533.26,45.0,CAUTION,REST_RECOMMENDED
26.2,115.03,32.0,91.71,173.3,77.76,REST_REQUIRED,REST_BEFORE_NEXT_VISIT
23.33,77.64,18.9,122.02,871.26,50.0,REST_RECOMMENDED,REST_RECOMMENDED
22.29,47.37,22.4,49.24,715.72,28.0,LOW,MOVABLE
28.62,80.8,7.73,27.45,1418.38,71.01,REST_REQUIRED,REST_BEFORE_NEXT_VISIT
30.23,83.92,20.84,87.63,2399.99,86.53,IMMEDIATE_REST,REST_BEFORE_NEXT_VISIT
24.8,31.74,30.09,154.32,404.48,52.27,REST_RECOMMENDED,REST_RECOMMENDED
18.16,57.65,39.33,165.96,461.74,31.29,CAUTION,MOVABLE
26.89,80.39,35.83,170.6,1678.95,78.91,REST_REQUIRED,REST_BEFORE_NEXT_VISIT
22.0,151.7,0.66,98.33,820.1,45.0,CAUTION,REST_RECOMMENDED
26.32,77.37,35.77,142.92,1319.58,75.14,REST_REQUIRED,REST_BEFORE_NEXT_VISIT
23.32,57.36,40.65,59.57,252.9,38.0,CAUTION,MOVABLE
23.96,118.06,17.81,7.27,461.79,55.29,REST_RECOMMENDED,REST_RECOMMENDED
31.77,162.34,9.89,42.2,630.68,81.69,REST_REQUIRED,REST_BEFORE_NEXT_VISIT
19.06,108.53,8.49,132.02,1238.83,40.62,CAUTION,REST_RECOMMENDED
26.22,74.42,33.67,122.38,2228.78,79.84,REST_REQUIRED,REST_BEFORE_NEXT_VISIT
24.18,121.08,27.91,49.08,963.84,57.86,REST_RECOMMENDED,REST_RECOMMENDED
20.25,98.02,18.48,80.15,381.66,41.1,CAUTION,REST_RECOMMENDED
26.02,34.03,5.49,62.47,581.35,51.74,REST_RECOMMENDED,REST_RECOMMENDED
23.55,47.22,41.77,75.15,710.62,47.33,CAUTION,REST_RECOMMENDED
28.07,74.69,6.45,61.93,1759.31,80.35,REST_REQUIRED,REST_BEFORE_NEXT_VISIT
26.45,26.02,39.68,19.45,1156.82,50.71,REST_RECOMMENDED,REST_RECOMMENDED
29.39,59.7,2.89,80.94,285.59,65.37,REST_RECOMMENDED,REST_RECOMMENDED
25.97,80.83,47.47,158.38,501.65,72.56,REST_REQUIRED,REST_BEFORE_NEXT_VISIT
30.31,85.96,13.11,74.99,489.8,77.65,REST_REQUIRED,REST_BEFORE_NEXT_VISIT
25.52,51.71,26.16,84.06,1098.75,64.85,REST_RECOMMENDED,REST_RECOMMENDED
24.17,25.49,8.95,60.28,333.42,27.57,LOW,MOVABLE
27.58,114.14,8.2,157.56,65.07,72.0,REST_REQUIRED,REST_BEFORE_NEXT_VISIT
24.5,83.43,34.82,82.4,755.39,54.36,REST_RECOMMENDED,REST_RECOMMENDED
23.42,43.01,23.22,85.07,704.78,46.51,CAUTION,REST_RECOMMENDED
23.07,77.44,13.42,149.31,930.15,55.21,REST_RECOMMENDED,REST_RECOMMENDED
29.46,57.67,21.12,99.87,356.11,78.55,REST_REQUIRED,REST_BEFORE_NEXT_VISIT
29.87,30.32,28.93,20.96,625.15,67.67,REST_RECOMMENDED,REST_RECOMMENDED
22.47,65.72,32.84,84.43,1182.98,48.37,CAUTION,REST_RECOMMENDED
33.4,137.56,35.29,66.96,615.84,100.0,IMMEDIATE_REST,REST_BEFORE_NEXT_VISIT
25.87,56.54,29.31,76.54,831.84,63.41,REST_RECOMMENDED,REST_RECOMMENDED
32.39,67.93,16.88,29.08,1245.49,75.15,REST_REQUIRED,REST_BEFORE_NEXT_VISIT
22.27,18.6,17.87,27.57,1963.81,15.13,LOW,MOVABLE
27.29,48.83,8.27,73.33,1542.36,58.18,REST_RECOMMENDED,REST_RECOMMENDED
21.79,91.99,29.33,137.02,781.39,52.72,REST_RECOMMENDED,REST_RECOMMENDED
30.79,24.05,20.74,17.18,335.34,58.49,REST_RECOMMENDED,REST_RECOMMENDED
24.18,89.31,9.57,67.92,600.21,44.3,CAUTION,REST_RECOMMENDED
24.86,10.63,26.7,77.9,1271.16,36.47,CAUTION,MOVABLE
23.26,91.42,24.72,95.17,1029.15,66.73,REST_RECOMMENDED,REST_RECOMMENDED
25.12,36.5,7.19,129.72,528.73,58.06,REST_RECOMMENDED,REST_RECOMMENDED
29.43,160.19,22.86,104.49,760.24,94.88,IMMEDIATE_REST,REST_BEFORE_NEXT_VISIT
23.09,24.69,53.67,9.39,564.19,39.67,CAUTION,REST_RECOMMENDED
27.13,34.94,10.04,94.58,398.43,57.36,REST_RECOMMENDED,REST_RECOMMENDED
22.4,89.38,10.75,85.47,889.01,42.1,CAUTION,REST_RECOMMENDED
21.14,96.1,21.79,98.71,2376.85,54.0,REST_RECOMMENDED,REST_RECOMMENDED
33.59,71.13,10.12,54.93,361.47,73.76,REST_REQUIRED,REST_BEFORE_NEXT_VISIT
22.57,16.83,26.91,112.99,312.15,26.0,LOW,MOVABLE
29.86,86.41,12.62,123.6,1779.4,86.25,IMMEDIATE_REST,REST_BEFORE_NEXT_VISIT
21.48,32.54,8.36,86.0,540.31,29.0,LOW,MOVABLE
22.69,65.0,19.72,40.3,453.38,38.5,CAUTION,MOVABLE
30.82,91.81,31.83,126.99,1425.47,100.0,IMMEDIATE_REST,REST_BEFORE_NEXT_VISIT
20.85,56.36,24.21,76.42,723.2,27.03,LOW,MOVABLE
23.5,48.74,44.37,24.63,1467.35,42.27,CAUTION,REST_RECOMMENDED
24.33,82.31,15.74,43.93,1654.88,50.7,REST_RECOMMENDED,REST_RECOMMENDED
27.78,90.5,33.53,90.46,227.56,81.12,REST_REQUIRED,REST_BEFORE_NEXT_VISIT
21.31,154.3,35.91,86.75,1818.09,54.0,REST_RECOMMENDED,REST_RECOMMENDED
22.34,121.94,28.15,77.79,2286.55,55.68,REST_RECOMMENDED,REST_RECOMMENDED
27.52,78.19,27.52,61.34,851.66,69.91,REST_RECOMMENDED,REST_BEFORE_NEXT_VISIT
21.96,116.1,21.96,28.66,431.59,44.09,CAUTION,REST_RECOMMENDED
30.21,58.84,11.62,49.65,325.67,68.16,REST_RECOMMENDED,REST_RECOMMENDED
27.11,17.37,8.5,78.8,925.94,42.05,CAUTION,REST_RECOMMENDED
15.98,139.69,32.03,120.32,2107.49,50.96,REST_RECOMMENDED,REST_RECOMMENDED
26.26,51.87,36.57,79.51,1450.86,66.18,REST_RECOMMENDED,REST_RECOMMENDED
25.75,94.6,21.95,92.25,1264.95,87.08,IMMEDIATE_REST,REST_BEFORE_NEXT_VISIT
33.37,44.63,32.94,40.53,247.38,69.16,REST_RECOMMENDED,REST_BEFORE_NEXT_VISIT
20.29,64.56,9.69,69.06,696.96,24.0,LOW,MOVABLE
21.76,62.79,27.68,67.93,960.69,43.67,CAUTION,REST_RECOMMENDED
34.35,78.37,18.07,16.8,164.81,67.0,REST_RECOMMENDED,REST_RECOMMENDED
24.86,119.08,24.41,65.69,1555.79,61.0,REST_RECOMMENDED,REST_RECOMMENDED
29.79,70.47,16.0,99.42,1060.0,85.15,IMMEDIATE_REST,REST_BEFORE_NEXT_VISIT
32.73,28.38,10.68,53.55,456.8,60.19,REST_RECOMMENDED,REST_RECOMMENDED
21.47,157.77,22.96,66.3,768.46,56.13,REST_RECOMMENDED,REST_RECOMMENDED
25.91,124.22,19.48,53.81,1170.5,73.11,REST_REQUIRED,REST_BEFORE_NEXT_VISIT
28.23,105.05,16.61,51.32,1333.44,83.0,REST_REQUIRED,REST_BEFORE_NEXT_VISIT
26.16,140.7,14.71,88.61,614.01,73.07,REST_REQUIRED,REST_BEFORE_NEXT_VISIT
29.89,109.99,50.43,130.69,737.92,95.0,IMMEDIATE_REST,REST_BEFORE_NEXT_VISIT
25.78,55.92,18.2,91.98,1520.3,60.14,REST_RECOMMENDED,REST_RECOMMENDED
31.39,55.31,38.15,47.84,1235.45,75.05,REST_REQUIRED,REST_BEFORE_NEXT_VISIT
27.34,34.6,18.05,130.69,277.08,57.69,REST_RECOMMENDED,REST_RECOMMENDED
24.63,56.59,1.48,94.28,467.5,37.98,CAUTION,MOVABLE
22.61,61.65,11.47,44.47,979.99,40.24,CAUTION,REST_RECOMMENDED
24.33,38.89,34.94,158.03,1993.7,53.27,REST_RECOMMENDED,REST_RECOMMENDED
25.23,160.1,10.96,85.02,898.92,71.17,REST_REQUIRED,REST_BEFORE_NEXT_VISIT
24.6,59.58,42.59,45.77,1815.38,43.92,CAUTION,REST_RECOMMENDED
27.85,56.46,35.99,38.63,459.82,55.0,REST_RECOMMENDED,REST_RECOMMENDED
25.79,72.63,11.54,147.23,2740.95,68.39,REST_RECOMMENDED,REST_RECOMMENDED
25.59,36.06,19.33,51.93,130.94,53.73,REST_RECOMMENDED,REST_RECOMMENDED
21.75,94.32,14.7,43.71,2033.36,45.29,CAUTION,REST_RECOMMENDED
26.52,67.37,37.93,106.21,272.17,70.72,REST_REQUIRED,REST_BEFORE_NEXT_VISIT
31.34,43.77,16.81,75.93,321.05,74.42,REST_REQUIRED,REST_BEFORE_NEXT_VISIT
26.71,74.96,3.82,73.4,538.16,59.0,REST_RECOMMENDED,REST_RECOMMENDED
29.33,16.18,11.5,69.08,1058.46,68.7,REST_RECOMMENDED,REST_RECOMMENDED
24.99,104.41,15.39,135.32,127.69,59.37,REST_RECOMMENDED,REST_RECOMMENDED
28.82,128.65,34.64,63.39,468.63,93.99,IMMEDIATE_REST,REST_BEFORE_NEXT_VISIT
22.56,99.97,16.84,51.99,352.25,48.75,CAUTION,REST_RECOMMENDED
24.95,49.4,39.2,40.28,454.33,45.42,CAUTION,REST_RECOMMENDED
15.81,73.87,12.7,44.72,490.28,24.83,LOW,MOVABLE
21.03,57.73,18.27,114.18,838.06,31.25,CAUTION,MOVABLE
29.81,28.66,32.77,14.7,929.59,60.81,REST_RECOMMENDED,REST_RECOMMENDED
33.61,144.7,30.27,116.83,330.17,98.7,IMMEDIATE_REST,REST_BEFORE_NEXT_VISIT
25.8,139.59,31.15,60.09,670.13,78.54,REST_REQUIRED,REST_BEFORE_NEXT_VISIT
23.65,111.15,28.31,83.38,941.5,60.26,REST_RECOMMENDED,REST_RECOMMENDED
26.17,82.68,33.63,59.0,943.09,65.0,REST_RECOMMENDED,REST_RECOMMENDED
24.47,115.91,40.02,98.99,1280.75,72.2,REST_REQUIRED,REST_BEFORE_NEXT_VISIT
26.14,25.54,16.58,139.18,790.21,53.23,REST_RECOMMENDED,REST_RECOMMENDED
29.0,67.58,41.82,69.68,640.53,87.04,IMMEDIATE_REST,REST_BEFORE_NEXT_VISIT
28.56,57.49,30.44,90.36,224.06,76.47,REST_REQUIRED,REST_BEFORE_NEXT_VISIT
29.08,118.01,43.35,94.51,631.6,98.19,IMMEDIATE_REST,REST_BEFORE_NEXT_VISIT
33.44,69.97,41.65,62.01,1958.14,88.48,IMMEDIATE_REST,REST_BEFORE_NEXT_VISIT
22.48,38.6,28.03,97.48,1436.84,38.67,CAUTION,MOVABLE
25.72,57.42,15.78,95.94,910.51,56.01,REST_RECOMMENDED,REST_RECOMMENDED
21.07,132.48,17.67,79.52,657.04,47.2,CAUTION,REST_RECOMMENDED
24.92,34.49,17.47,37.29,1012.65,40.13,CAUTION,REST_RECOMMENDED
23.21,26.35,15.61,112.58,1086.26,35.0,CAUTION,MOVABLE
20.92,15.7,33.93,20.11,84.81,16.72,LOW,MOVABLE
27.9,129.92,13.92,127.28,1389.47,79.65,REST_REQUIRED,REST_BEFORE_NEXT_VISIT
25.21,20.53,22.45,58.38,1257.33,48.44,CAUTION,REST_RECOMMENDED
34.89,80.43,31.92,108.98,215.14,84.0,REST_REQUIRED,REST_BEFORE_NEXT_VISIT
32.54,96.4,19.18,15.32,1090.39,80.0,REST_REQUIRED,REST_BEFORE_NEXT_VISIT
21.28,55.76,23.86,46.77,938.33,28.24,LOW,MOVABLE
27.43,44.65,4.13,113.94,397.89,57.11,REST_RECOMMENDED,REST_RECOMMENDED
24.19,33.92,33.11,90.36,205.4,46.72,CAUTION,REST_RECOMMENDED
18.67,74.91,38.25,91.71,803.82,41.88,CAUTION,REST_RECOMMENDED
22.43,65.15,23.19,137.19,1998.62,47.38,CAUTION,REST_RECOMMENDED
24.19,84.81,32.76,1.25,399.88,46.76,CAUTION,REST_RECOMMENDED
33.43,66.69,15.44,37.26,2170.55,81.88,REST_REQUIRED,REST_BEFORE_NEXT_VISIT
24.75,2.99,16.97,36.92,813.46,28.83,LOW,MOVABLE
26.5,77.68,15.1,69.91,1619.54,64.0,REST_RECOMMENDED,REST_RECOMMENDED
23.54,127.86,18.07,28.19,322.52,54.77,REST_RECOMMENDED,REST_RECOMMENDED
33.28,14.33,23.05,66.95,1634.0,70.68,REST_REQUIRED,REST_BEFORE_NEXT_VISIT
19.13,86.91,23.25,134.5,1084.05,38.95,CAUTION,MOVABLE
27.11,31.2,29.63,66.51,668.41,59.62,REST_RECOMMENDED,REST_RECOMMENDED
27.23,89.73,21.78,30.18,2587.62,66.3,REST_RECOMMENDED,REST_RECOMMENDED
26.37,20.67,16.28,29.62,1164.07,40.0,CAUTION,REST_RECOMMENDED
21.3,21.35,6.23,87.44,1819.41,21.08,LOW,MOVABLE
30.77,117.69,14.76,64.78,447.8,88.61,IMMEDIATE_REST,REST_BEFORE_NEXT_VISIT
22.16,139.45,2.22,107.21,1100.93,47.0,CAUTION,REST_RECOMMENDED
22.7,58.23,21.25,116.2,1594.42,37.0,CAUTION,MOVABLE
28.65,125.97,9.47,43.61,1377.95,80.0,REST_REQUIRED,REST_BEFORE_NEXT_VISIT
26.76,67.24,27.52,55.26,890.16,63.74,REST_RECOMMENDED,REST_RECOMMENDED
28.72,130.42,25.86,60.0,129.88,86.9,IMMEDIATE_REST,REST_BEFORE_NEXT_VISIT
26.33,90.35,18.85,140.31,542.87,77.27,REST_REQUIRED,REST_BEFORE_NEXT_VISIT
17.15,54.51,17.31,114.37,417.58,20.0,LOW,MOVABLE
21.83,14.83,5.81,134.52,1147.67,24.76,LOW,MOVABLE
19.98,54.57,20.2,46.93,1056.6,21.32,LOW,MOVABLE
31.63,39.11,14.52,45.5,1052.8,67.6,REST_RECOMMENDED,REST_RECOMMENDED
15.97,134.36,20.0,72.68,313.24,43.89,CAUTION,REST_RECOMMENDED
27.25,106.83,45.78,87.25,453.86,81.43,REST_REQUIRED,REST_BEFORE_NEXT_VISIT
16.87,90.34,23.96,141.92,251.66,45.21,CAUTION,REST_RECOMMENDED
21.62,90.35,17.64,16.77,754.98,39.59,CAUTION,REST_RECOMMENDED
20.15,138.23,16.36,100.21,709.36,46.02,CAUTION,REST_RECOMMENDED
27.64,38.31,18.78,9.66,262.65,50.7,REST_RECOMMENDED,REST_RECOMMENDED
25.12,53.62,36.0,49.05,1036.08,58.0,REST_RECOMMENDED,REST_RECOMMENDED
31.93,52.28,43.87,83.7,895.66,75.0,REST_REQUIRED,REST_BEFORE_NEXT_VISIT
21.88,23.36,15.48,79.59,1042.56,29.42,LOW,MOVABLE
24.86,40.65,30.6,60.1,1013.54,48.32,CAUTION,REST_RECOMMENDED
20.35,62.96,41.6,171.88,1658.69,40.88,CAUTION,REST_RECOMMENDED
32.78,50.61,17.6,45.31,877.43,65.99,REST_RECOMMENDED,REST_RECOMMENDED
29.54,2.27,14.22,106.51,509.06,66.64,REST_RECOMMENDED,REST_RECOMMENDED
31.73,89.54,14.95,118.25,1716.02,89.72,IMMEDIATE_REST,REST_BEFORE_NEXT_VISIT
23.71,50.76,15.18,93.89,1306.5,44.22,CAUTION,REST_RECOMMENDED
26.18,92.28,12.38,52.08,1104.11,69.75,REST_RECOMMENDED,REST_BEFORE_NEXT_VISIT
32.06,75.07,28.1,176.76,1652.55,88.41,IMMEDIATE_REST,REST_BEFORE_NEXT_VISIT
33.76,5.24,9.35,102.18,2074.23,67.08,REST_RECOMMENDED,REST_RECOMMENDED
29.61,108.04,10.94,93.27,345.5,89.99,IMMEDIATE_REST,REST_BEFORE_NEXT_VISIT
34.76,76.06,26.31,16.65,591.47,77.18,REST_REQUIRED,REST_BEFORE_NEXT_VISIT
30.45,51.97,14.23,82.69,687.73,69.23,REST_RECOMMENDED,REST_BEFORE_NEXT_VISIT
23.27,73.54,6.27,108.91,2457.58,52.14,REST_RECOMMENDED,REST_RECOMMENDED
23.36,59.2,16.38,69.53,493.69,37.71,CAUTION,MOVABLE
20.41,91.39,23.44,99.64,1210.78,49.43,CAUTION,REST_RECOMMENDED
25.52,32.9,35.47,111.47,312.84,62.0,REST_RECOMMENDED,REST_RECOMMENDED
25.16,89.21,41.92,76.71,1531.56,78.41,REST_REQUIRED,REST_BEFORE_NEXT_VISIT
24.27,105.67,44.55,86.24,1424.68,67.19,REST_RECOMMENDED,REST_RECOMMENDED
25.9,105.77,26.86,89.99,409.14,74.85,REST_REQUIRED,REST_BEFORE_NEXT_VISIT
26.43,92.57,18.26,91.83,1637.72,83.03,REST_REQUIRED,REST_BEFORE_NEXT_VISIT
26.14,26.55,25.47,80.66,140.04,46.98,CAUTION,REST_RECOMMENDED
21.64,143.63,5.97,133.35,631.21,49.84,CAUTION,REST_RECOMMENDED
30.2,6.51,12.12,39.41,707.75,56.0,REST_RECOMMENDED,REST_RECOMMENDED
17.83,45.66,39.93,52.23,1939.91,24.61,LOW,MOVABLE
33.8,40.57,19.2,123.0,905.22,71.0,REST_REQUIRED,REST_BEFORE_NEXT_VISIT
26.94,113.12,10.98,48.38,1119.51,69.54,REST_RECOMMENDED,REST_BEFORE_NEXT_VISIT
21.66,83.15,26.36,119.41,1240.67,52.61,REST_RECOMMENDED,REST_RECOMMENDED
21.66,80.64,20.89,55.48,960.28,39.52,CAUTION,REST_RECOMMENDED
21.5,19.22,3.97,133.22,1225.71,27.83,LOW,MOVABLE
27.46,60.78,27.12,7.42,897.18,65.61,REST_RECOMMENDED,REST_RECOMMENDED
24.7,34.61,24.02,48.99,1231.68,42.94,CAUTION,REST_RECOMMENDED
27.25,26.67,5.72,74.46,1450.36,56.21,REST_RECOMMENDED,REST_RECOMMENDED
18.53,27.03,24.62,71.68,334.26,14.92,LOW,MOVABLE
28.59,53.35,32.42,54.32,656.07,77.22,REST_REQUIRED,REST_BEFORE_NEXT_VISIT
31.2,18.6,14.54,104.83,1060.57,70.55,REST_REQUIRED,REST_BEFORE_NEXT_VISIT
30.11,55.97,28.24,67.23,1761.53,78.23,REST_REQUIRED,REST_BEFORE_NEXT_VISIT
31.33,29.58,11.84,25.59,2653.01,58.84,REST_RECOMMENDED,REST_RECOMMENDED
21.19,64.66,24.69,137.79,357.76,43.0,CAUTION,REST_RECOMMENDED
20.83,66.16,44.77,111.79,671.74,37.0,CAUTION,MOVABLE
31.24,69.3,11.51,84.5,1159.43,79.0,REST_REQUIRED,REST_BEFORE_NEXT_VISIT
30.96,36.26,24.7,84.18,420.19,71.62,REST_REQUIRED,REST_BEFORE_NEXT_VISIT
16.44,125.77,19.94,60.32,1184.45,38.15,CAUTION,MOVABLE
26.9,24.49,10.53,39.95,1230.86,50.28,REST_RECOMMENDED,REST_RECOMMENDED
32.66,128.77,3.72,41.42,601.09,84.61,REST_REQUIRED,REST_BEFORE_NEXT_VISIT
29.13,23.9,10.63,38.08,833.46,58.22,REST_RECOMMENDED,REST_RECOMMENDED
27.13,60.15,3.55,71.43,268.81,57.38,REST_RECOMMENDED,REST_RECOMMENDED
27.26,75.37,29.87,80.33,1072.77,80.88,REST_REQUIRED,REST_BEFORE_NEXT_VISIT
27.88,33.78,20.28,39.34,1756.05,59.87,REST_RECOMMENDED,REST_RECOMMENDED
27.51,19.84,3.81,42.62,210.63,36.73,CAUTION,MOVABLE
18.58,81.32,15.63,3.68,590.81,21.2,LOW,MOVABLE
24.09,115.2,19.38,83.6,2240.17,57.0,REST_RECOMMENDED,REST_RECOMMENDED
24.71,69.02,47.9,39.15,761.58,50.0,REST_RECOMMENDED,REST_RECOMMENDED
28.37,78.34,11.43,87.42,526.05,77.28,REST_REQUIRED,REST_BEFORE_NEXT_VISIT
32.45,63.98,19.89,88.28,518.55,83.12,REST_REQUIRED,REST_BEFORE_NEXT_VISIT
23.32,53.21,47.96,84.7,420.26,51.1,REST_RECOMMENDED,REST_RECOMMENDED
30.02,120.91,19.76,101.24,641.87,93.51,IMMEDIATE_REST,REST_BEFORE_NEXT_VISIT
27.3,116.58,24.59,27.63,786.35,67.0,REST_RECOMMENDED,REST_RECOMMENDED
23.54,84.05,22.37,55.15,2113.91,52.62,REST_RECOMMENDED,REST_RECOMMENDED
26.35,95.36,43.09,80.49,609.82,80.55,REST_REQUIRED,REST_BEFORE_NEXT_VISIT
30.6,92.34,29.4,34.39,631.64,87.67,IMMEDIATE_REST,REST_BEFORE_NEXT_VISIT
26.18,75.88,29.44,20.29,795.38,60.07,REST_RECOMMENDED,REST_RECOMMENDED
27.81,128.9,49.45,28.48,1478.7,72.0,REST_REQUIRED,REST_BEFORE_NEXT_VISIT
30.79,66.01,25.19,27.58,1603.77,78.74,REST_REQUIRED,REST_BEFORE_NEXT_VISIT
21.69,95.62,26.9,36.01,2549.5,50.59,REST_RECOMMENDED,REST_RECOMMENDED
26.15,82.92,14.0,44.4,603.24,58.0,REST_RECOMMENDED,REST_RECOMMENDED
28.53,69.81,7.96,57.92,1342.17,72.0,REST_REQUIRED,REST_BEFORE_NEXT_VISIT
18.19,32.85,17.9,70.32,1265.96,20.0,LOW,MOVABLE
19.92,73.49,6.64,44.95,100.49,26.99,LOW,MOVABLE
28.59,98.44,20.44,89.34,936.93,94.57,IMMEDIATE_REST,REST_BEFORE_NEXT_VISIT
20.7,79.01,29.47,50.54,552.97,31.32,CAUTION,MOVABLE
30.72,70.66,16.5,69.31,1356.89,85.13,IMMEDIATE_REST,REST_BEFORE_NEXT_VISIT
29.5,58.96,4.59,90.12,547.74,76.71,REST_REQUIRED,REST_BEFORE_NEXT_VISIT
19.16,76.73,8.2,107.91,423.35,28.02,LOW,MOVABLE
17.7,78.28,26.28,78.5,805.65,36.35,CAUTION,MOVABLE
30.56,11.94,10.49,108.05,1443.04,68.89,REST_RECOMMENDED,REST_RECOMMENDED
18.14,107.27,38.74,24.64,431.38,35.87,CAUTION,MOVABLE
31.83,16.48,30.94,59.1,530.55,68.13,REST_RECOMMENDED,REST_RECOMMENDED
26.11,41.68,17.58,53.41,2011.28,51.72,REST_RECOMMENDED,REST_RECOMMENDED
23.79,49.63,17.81,103.25,1550.61,47.16,CAUTION,REST_RECOMMENDED
19.68,48.84,16.22,70.19,1946.09,22.55,LOW,MOVABLE
22.43,38.78,20.48,83.69,1009.03,34.0,CAUTION,MOVABLE
19.07,27.47,23.41,60.24,319.21,16.71,LOW,MOVABLE
28.7,67.69,15.05,103.91,1279.24,84.45,REST_REQUIRED,REST_BEFORE_NEXT_VISIT
33.93,145.3,11.43,111.8,787.7,88.55,IMMEDIATE_REST,REST_BEFORE_NEXT_VISIT
22.91,65.09,26.7,47.98,793.79,38.94,CAUTION,MOVABLE
20.97,94.97,15.52,77.11,502.29,39.92,CAUTION,REST_RECOMMENDED
20.91,23.08,21.7,54.28,562.43,11.98,LOW,MOVABLE
20.77,98.91,27.49,136.58,1165.17,48.43,CAUTION,REST_RECOMMENDED
20.55,20.52,39.04,79.51,1848.95,19.07,LOW,MOVABLE
24.83,78.6,47.4,77.42,541.69,57.09,REST_RECOMMENDED,REST_RECOMMENDED
20.42,94.71,30.76,64.0,894.5,48.79,CAUTION,REST_RECOMMENDED
31.68,36.78,31.06,26.66,534.16,68.2,REST_RECOMMENDED,REST_RECOMMENDED
26.05,57.5,39.0,26.49,887.24,58.45,REST_RECOMMENDED,REST_RECOMMENDED
19.56,49.59,25.89,110.75,2238.62,29.19,LOW,MOVABLE
30.3,83.87,26.44,79.06,1143.59,87.7,IMMEDIATE_REST,REST_BEFORE_NEXT_VISIT
24.06,56.96,11.97,85.57,2215.2,45.52,CAUTION,REST_RECOMMENDED
27.69,31.32,28.69,23.55,1003.15,54.29,REST_RECOMMENDED,REST_RECOMMENDED
20.31,9.05,22.54,10.89,1491.87,14.47,LOW,MOVABLE
21.2,23.73,7.85,70.69,1908.12,19.0,LOW,MOVABLE
29.85,57.34,52.24,17.35,1891.71,74.13,REST_REQUIRED,REST_BEFORE_NEXT_VISIT
26.0,93.37,30.7,133.69,695.85,80.61,REST_REQUIRED,REST_BEFORE_NEXT_VISIT
18.44,65.16,22.67,57.14,725.78,30.91,CAUTION,MOVABLE
27.89,77.38,40.05,12.3,1061.02,68.2,REST_RECOMMENDED,REST_RECOMMENDED
24.64,8.79,18.89,44.5,563.34,26.0,LOW,MOVABLE
31.62,86.13,11.87,82.35,1865.82,87.51,IMMEDIATE_REST,REST_BEFORE_NEXT_VISIT
29.1,10.76,6.94,67.85,934.8,57.0,REST_RECOMMENDED,REST_RECOMMENDED
28.88,52.86,26.9,88.32,1327.22,74.0,REST_REQUIRED,REST_BEFORE_NEXT_VISIT
22.36,57.35,19.86,77.31,1380.3,35.6,CAUTION,MOVABLE
30.52,92.03,34.23,121.52,2491.59,100.0,IMMEDIATE_REST,REST_BEFORE_NEXT_VISIT
17.76,114.22,20.87,132.49,195.01,41.02,CAUTION,REST_RECOMMENDED
30.49,86.11,38.86,34.4,1555.87,87.73,IMMEDIATE_REST,REST_BEFORE_NEXT_VISIT
20.01,50.76,6.32,24.19,2205.16,13.91,LOW,MOVABLE
27.67,156.76,25.04,51.36,762.9,70.0,REST_REQUIRED,REST_BEFORE_NEXT_VISIT
20.83,105.16,26.5,140.9,2292.12,51.06,REST_RECOMMENDED,REST_RECOMMENDED
31.92,27.65,7.98,78.98,754.22,59.53,REST_RECOMMENDED,REST_RECOMMENDED
30.34,20.09,33.52,110.03,389.12,72.58,REST_REQUIRED,REST_BEFORE_NEXT_VISIT
33.13,62.55,24.88,58.68,205.37,74.02,REST_REQUIRED,REST_BEFORE_NEXT_VISIT
31.79,114.62,25.44,94.24,414.83,97.67,IMMEDIATE_REST,REST_BEFORE_NEXT_VISIT
18.52,33.84,17.29,69.8,1906.87,23.69,LOW,MOVABLE
26.55,70.47,8.77,124.41,469.99,67.1,REST_RECOMMENDED,REST_RECOMMENDED
25.73,106.23,25.09,72.58,1590.42,80.65,REST_REQUIRED,REST_BEFORE_NEXT_VISIT
31.97,108.62,24.34,51.47,1131.72,88.89,IMMEDIATE_REST,REST_BEFORE_NEXT_VISIT
26.2,107.59,9.61,45.4,998.31,66.86,REST_RECOMMENDED,REST_RECOMMENDED
26.18,62.48,23.46,62.09,208.56,63.0,REST_RECOMMENDED,REST_RECOMMENDED
21.1,172.98,33.7,132.9,666.76,55.0,REST_RECOMMENDED,REST_RECOMMENDED
32.1,86.86,24.05,122.33,238.64,82.27,REST_REQUIRED,REST_BEFORE_NEXT_VISIT
16.09,29.88,11.95,89.27,84.5,12.65,LOW,MOVABLE
25.91,51.12,28.4,83.11,2127.04,63.33,REST_RECOMMENDED,REST_RECOMMENDED
20.56,54.54,26.47,36.23,1006.91,20.0,LOW,MOVABLE
25.46,126.78,33.62,17.05,1417.45,74.43,REST_REQUIRED,REST_BEFORE_NEXT_VISIT
20.58,68.09,6.03,93.47,943.87,29.88,LOW,MOVABLE
19.88,46.65,26.91,147.21,654.34,25.0,LOW,MOVABLE
23.18,82.44,8.85,125.23,1862.35,49.0,CAUTION,REST_RECOMMENDED
27.96,57.96,37.67,30.05,666.23,63.61,REST_RECOMMENDED,REST_RECOMMENDED
27.44,112.6,14.71,85.73,692.41,73.81,REST_REQUIRED,REST_BEFORE_NEXT_VISIT
25.06,132.7,17.5,142.32,1524.09,78.04,REST_REQUIRED,REST_BEFORE_NEXT_VISIT
23.6,44.93,13.39,126.86,2348.63,43.35,CAUTION,REST_RECOMMENDED
29.97,40.93,19.1,149.48,287.5,68.0,REST_RECOMMENDED,REST_RECOMMENDED
24.1,69.79,31.0,114.02,523.77,57.0,REST_RECOMMENDED,REST_RECOMMENDED
30.51,37.57,31.17,89.58,439.78,82.46,REST_REQUIRED,REST_BEFORE_NEXT_VISIT
22.46,49.71,20.86,122.19,1193.56,37.0,CAUTION,MOVABLE
29.18,85.32,13.0,71.47,1279.24,79.15,REST_REQUIRED,REST_BEFORE_NEXT_VISIT
21.54,60.62,41.05,80.25,2061.83,46.0,CAUTION,REST_RECOMMENDED
31.27,33.3,25.84,70.54,2125.04,78.52,REST_REQUIRED,REST_BEFORE_NEXT_VISIT
28.7,78.0,27.56,133.58,257.22,86.89,IMMEDIATE_REST,REST_BEFORE_NEXT_VISIT
29.6,17.96,26.8,112.42,135.67,68.85,REST_RECOMMENDED,REST_RECOMMENDED
20.89,112.03,15.54,51.05,151.58,36.69,CAUTION,MOVABLE
22.07,38.06,13.54,33.09,305.98,31.66,CAUTION,MOVABLE
21.73,78.43,38.45,130.27,828.76,47.0,CAUTION,REST_RECOMMENDED
18.99,43.49,35.78,80.23,353.34,27.23,LOW,MOVABLE
20.29,80.62,29.36,139.94,1427.75,37.91,CAUTION,MOVABLE
25.19,86.03,34.82,100.38,1555.09,74.0,REST_REQUIRED,REST_BEFORE_NEXT_VISIT
23.06,121.86,21.49,52.98,1528.87,59.05,REST_RECOMMENDED,REST_RECOMMENDED
23.68,128.66,6.34,84.87,999.17,55.45,REST_RECOMMENDED,REST_RECOMMENDED
22.22,9.93,10.16,111.42,2043.45,31.95,CAUTION,MOVABLE
23.55,37.07,19.34,145.34,1886.97,43.28,CAUTION,REST_RECOMMENDED
26.85,35.52,14.72,88.51,1319.18,56.76,REST_RECOMMENDED,REST_RECOMMENDED
21.39,73.72,32.17,96.9,1999.27,49.0,CAUTION,REST_RECOMMENDED
25.4,67.65,13.77,135.67,2524.16,67.0,REST_RECOMMENDED,REST_RECOMMENDED
19.4,39.4,37.58,66.21,802.22,30.46,CAUTION,MOVABLE
21.31,64.28,40.74,107.9,699.18,49.15,CAUTION,REST_RECOMMENDED
28.47,107.03,7.26,67.2,352.07,85.38,IMMEDIATE_REST,REST_BEFORE_NEXT_VISIT
23.38,70.58,35.55,121.53,859.26,58.08,REST_RECOMMENDED,REST_RECOMMENDED
18.31,62.71,20.18,96.73,784.28,36.13,CAUTION,MOVABLE
30.63,58.91,16.28,19.18,478.69,60.0,REST_RECOMMENDED,REST_RECOMMENDED
29.82,68.94,41.08,135.48,857.81,93.44,IMMEDIATE_REST,REST_BEFORE_NEXT_VISIT
29.53,60.67,11.4,8.82,1193.73,75.11,REST_REQUIRED,REST_BEFORE_NEXT_VISIT
31.87,91.24,13.72,100.93,468.62,87.99,IMMEDIATE_REST,REST_BEFORE_NEXT_VISIT
31.9,75.24,12.0,43.74,2018.24,76.95,REST_REQUIRED,REST_BEFORE_NEXT_VISIT
31.38,37.05,29.2,109.33,1503.71,81.16,REST_REQUIRED,REST_BEFORE_NEXT_VISIT
25.0,67.66,23.54,46.38,1153.57,70.88,REST_REQUIRED,REST_BEFORE_NEXT_VISIT
28.16,28.44,33.57,93.46,203.52,68.81,REST_RECOMMENDED,REST_RECOMMENDED
21.94,42.68,22.93,117.5,1543.35,37.0,CAUTION,MOVABLE
27.97,78.33,24.06,38.73,513.51,63.48,REST_RECOMMENDED,REST_RECOMMENDED
27.88,53.76,16.14,111.45,701.06,57.04,REST_RECOMMENDED,REST_RECOMMENDED
17.42,36.98,37.14,75.35,1078.73,28.69,LOW,MOVABLE
20.05,30.47,44.09,62.24,1334.78,33.02,CAUTION,MOVABLE
17.64,150.91,31.43,152.19,1669.88,47.68,CAUTION,REST_RECOMMENDED
20.13,89.05,15.41,158.21,1882.11,32.97,CAUTION,MOVABLE
28.04,132.09,25.18,39.16,1772.44,88.0,IMMEDIATE_REST,REST_BEFORE_NEXT_VISIT
29.74,127.96,28.57,94.71,1006.57,99.72,IMMEDIATE_REST,REST_BEFORE_NEXT_VISIT
27.41,31.08,39.42,68.84,608.11,60.0,REST_RECOMMENDED,REST_RECOMMENDED
21.21,22.06,41.53,122.87,914.04,31.44,CAUTION,MOVABLE
26.43,100.84,7.7,135.51,764.86,73.19,REST_REQUIRED,REST_BEFORE_NEXT_VISIT
17.21,58.83,15.73,45.83,367.54,19.65,LOW,MOVABLE
26.39,49.31,8.52,171.38,778.56,53.64,REST_RECOMMENDED,REST_RECOMMENDED
26.39,38.17,16.67,93.5,324.45,63.65,REST_RECOMMENDED,REST_RECOMMENDED
30.49,84.91,49.83,74.85,636.06,86.54,IMMEDIATE_REST,REST_BEFORE_NEXT_VISIT
18.1,19.87,12.83,155.58,1105.94,15.0,LOW,MOVABLE
28.65,81.62,28.66,1.42,1188.95,79.36,REST_REQUIRED,REST_BEFORE_NEXT_VISIT
24.24,48.44,25.95,108.86,1780.26,49.83,CAUTION,REST_RECOMMENDED
29.82,92.12,11.24,63.16,1587.3,87.42,IMMEDIATE_REST,REST_BEFORE_NEXT_VISIT
24.08,93.52,12.7,19.62,2095.99,54.55,REST_RECOMMENDED,REST_RECOMMENDED
30.02,48.51,22.53,110.19,354.58,78.11,REST_REQUIRED,REST_BEFORE_NEXT_VISIT
17.9,90.28,43.0,131.39,1245.19,49.91,CAUTION,REST_RECOMMENDED
28.0,77.59,26.91,84.43,1508.58,84.21,REST_REQUIRED,REST_BEFORE_NEXT_VISIT
24.74,83.09,21.7,3.11,1106.15,46.0,CAUTION,REST_RECOMMENDED
27.55,118.92,22.45,62.26,709.95,80.31,REST_REQUIRED,REST_BEFORE_NEXT_VISIT
34.25,82.75,7.04,50.35,2036.26,76.88,REST_REQUIRED,REST_BEFORE_NEXT_VISIT
26.75,49.52,37.64,152.29,1004.42,65.0,REST_RECOMMENDED,REST_RECOMMENDED
26.75,130.36,15.0,63.62,506.68,71.23,REST_REQUIRED,REST_BEFORE_NEXT_VISIT
30.7,92.82,29.46,31.71,2318.61,87.0,IMMEDIATE_REST,REST_BEFORE_NEXT_VISIT
26.67,69.38,34.22,48.76,1230.29,71.56,REST_REQUIRED,REST_BEFORE_NEXT_VISIT
21.67,77.65,14.87,51.29,1033.78,39.04,CAUTION,REST_RECOMMENDED
21.57,98.03,13.21,53.01,819.78,41.0,CAUTION,REST_RECOMMENDED
33.23,81.35,10.25,127.72,2656.33,86.34,IMMEDIATE_REST,REST_BEFORE_NEXT_VISIT
24.48,84.94,49.66,67.5,1351.31,56.0,REST_RECOMMENDED,REST_RECOMMENDED
22.56,53.01,29.41,135.75,1536.36,39.83,CAUTION,REST_RECOMMENDED
31.1,126.74,15.64,51.72,2492.14,84.35,REST_REQUIRED,REST_BEFORE_NEXT_VISIT
33.53,69.63,31.96,100.73,26.67,93.37,IMMEDIATE_REST,REST_BEFORE_NEXT_VISIT
22.59,61.58,6.45,154.2,1619.11,40.41,CAUTION,REST_RECOMMENDED
28.63,88.06,28.14,70.86,1057.48,86.76,IMMEDIATE_REST,REST_BEFORE_NEXT_VISIT
31.23,21.47,8.97,105.03,1422.44,67.16,REST_RECOMMENDED,REST_RECOMMENDED
20.76,76.29,18.8,26.91,1336.64,24.56,LOW,MOVABLE
24.34,84.8,13.12,64.55,399.71,52.23,REST_RECOMMENDED,REST_RECOMMENDED
22.28,24.22,3.48,110.72,293.13,17.56,LOW,MOVABLE
20.76,103.43,7.93,57.9,146.99,29.57,LOW,MOVABLE
32.81,77.04,25.05,37.94,2471.69,86.32,IMMEDIATE_REST,REST_BEFORE_NEXT_VISIT
15.38,29.25,56.11,93.9,531.68,20.95,LOW,MOVABLE
32.48,28.75,19.54,149.6,1714.31,66.24,REST_RECOMMENDED,REST_RECOMMENDED
30.76,33.8,29.37,159.56,97.46,74.44,REST_REQUIRED,REST_BEFORE_NEXT_VISIT
18.88,110.85,17.53,113.27,1483.63,40.0,CAUTION,REST_RECOMMENDED
25.74,27.76,19.51,153.55,1687.54,55.82,REST_RECOMMENDED,REST_RECOMMENDED
21.63,86.23,6.49,31.49,1732.8,35.34,CAUTION,MOVABLE
28.32,80.89,42.54,108.64,1823.32,92.41,IMMEDIATE_REST,REST_BEFORE_NEXT_VISIT
33.24,36.27,8.52,2.86,603.08,63.22,REST_RECOMMENDED,REST_RECOMMENDED
22.75,98.85,16.49,101.74,1608.61,55.21,REST_RECOMMENDED,REST_RECOMMENDED
28.81,64.47,47.6,45.86,1515.59,86.92,IMMEDIATE_REST,REST_BEFORE_NEXT_VISIT
25.71,128.44,27.56,18.37,1543.7,71.79,REST_REQUIRED,REST_BEFORE_NEXT_VISIT
22.73,78.74,47.22,56.1,1056.61,44.62,CAUTION,REST_RECOMMENDED
22.4,87.85,12.32,29.63,1524.88,35.18,CAUTION,MOVABLE
28.74,63.94,27.8,121.15,760.31,87.8,IMMEDIATE_REST,REST_BEFORE_NEXT_VISIT
31.8,113.88,37.69,104.26,288.94,92.33,IMMEDIATE_REST,REST_BEFORE_NEXT_VISIT
19.0,14.73,25.69,23.57,131.98,5.17,LOW,MOVABLE
29.01,70.01,18.8,144.07,487.86,79.42,REST_REQUIRED,REST_BEFORE_NEXT_VISIT
19.91,122.4,13.86,81.6,1584.98,37.96,CAUTION,MOVABLE
25.13,41.08,19.12,73.95,828.91,54.26,REST_RECOMMENDED,REST_RECOMMENDED
22.13,97.02,26.67,63.89,1300.54,51.47,REST_RECOMMENDED,REST_RECOMMENDED
34.25,123.04,7.14,50.79,1365.11,87.39,IMMEDIATE_REST,REST_BEFORE_NEXT_VISIT
22.68,144.4,8.94,135.92,55.71,42.0,CAUTION,REST_RECOMMENDED
29.48,5.94,35.06,121.98,397.13,76.38,REST_REQUIRED,REST_BEFORE_NEXT_VISIT
32.97,48.03,33.14,89.23,297.38,78.15,REST_REQUIRED,REST_BEFORE_NEXT_VISIT
32.38,22.63,29.03,133.08,641.76,71.65,REST_REQUIRED,REST_BEFORE_NEXT_VISIT
31.87,32.45,6.73,47.99,643.08,67.17,REST_RECOMMENDED,REST_RECOMMENDED
29.89,58.8,48.5,45.47,127.66,68.0,REST_RECOMMENDED,REST_RECOMMENDED
28.21,34.82,7.5,81.36,745.03,72.55,REST_REQUIRED,REST_BEFORE_NEXT_VISIT
27.85,93.14,36.23,127.86,291.06,81.03,REST_REQUIRED,REST_BEFORE_NEXT_VISIT
28.37,115.14,18.63,14.1,348.88,77.96,REST_REQUIRED,REST_BEFORE_NEXT_VISIT
22.01,95.04,38.65,52.41,266.24,49.1,CAUTION,REST_RECOMMENDED
17.03,62.56,47.74,114.19,726.53,37.0,CAUTION,MOVABLE
31.71,70.84,24.69,118.08,1080.45,88.74,IMMEDIATE_REST,REST_BEFORE_NEXT_VISIT
26.13,106.62,47.04,44.4,58.77,74.12,REST_REQUIRED,REST_BEFORE_NEXT_VISIT
30.33,76.17,36.65,78.87,378.76,87.54,IMMEDIATE_REST,REST_BEFORE_NEXT_VISIT
29.14,57.36,13.97,62.45,1692.07,73.76,REST_REQUIRED,REST_BEFORE_NEXT_VISIT
23.56,53.07,22.21,74.91,555.97,49.08,CAUTION,REST_RECOMMENDED
27.84,84.66,30.11,114.84,820.94,73.35,REST_REQUIRED,REST_BEFORE_NEXT_VISIT
18.58,68.83,39.29,79.84,706.88,39.26,CAUTION,REST_RECOMMENDED
30.3,39.1,45.33,25.44,810.24,71.7,REST_REQUIRED,REST_BEFORE_NEXT_VISIT
28.86,56.83,23.22,126.15,738.21,79.03,REST_REQUIRED,REST_BEFORE_NEXT_VISIT
26.76,143.83,19.56,46.89,893.21,66.0,REST_RECOMMENDED,REST_RECOMMENDED
24.06,70.09,33.35,68.32,1861.12,68.9,REST_RECOMMENDED,REST_RECOMMENDED
25.48,86.46,15.28,11.33,788.8,55.03,REST_RECOMMENDED,REST_RECOMMENDED
20.08,34.85,26.43,148.09,1263.45,33.07,CAUTION,MOVABLE
31.6,36.18,22.84,76.67,406.03,74.42,REST_REQUIRED,REST_BEFORE_NEXT_VISIT
34.67,83.71,31.82,85.38,658.91,85.31,IMMEDIATE_REST,REST_BEFORE_NEXT_VISIT
26.67,44.85,48.69,78.42,1125.91,63.87,REST_RECOMMENDED,REST_RECOMMENDED
25.65,59.4,21.88,53.74,151.14,50.0,REST_RECOMMENDED,REST_RECOMMENDED
29.1,1.62,51.93,67.6,639.05,67.0,REST_RECOMMENDED,REST_RECOMMENDED
30.47,109.22,8.81,133.95,751.56,87.72,IMMEDIATE_REST,REST_BEFORE_NEXT_VISIT
17.76,50.46,11.9,47.89,308.82,17.27,LOW,MOVABLE
25.26,98.53,15.33,73.78,754.57,70.0,REST_REQUIRED,REST_BEFORE_NEXT_VISIT
28.98,16.47,4.66,132.86,183.69,63.4,REST_RECOMMENDED,REST_RECOMMENDED
20.91,49.81,18.54,111.38,1270.0,24.51,LOW,MOVABLE
23.82,39.83,25.38,93.06,1473.54,48.02,CAUTION,REST_RECOMMENDED
23.31,52.11,19.26,42.12,1800.64,39.06,CAUTION,REST_RECOMMENDED
23.94,71.35,39.86,41.75,554.05,55.03,REST_RECOMMENDED,REST_RECOMMENDED
21.16,42.12,13.89,101.4,1415.83,33.1,CAUTION,MOVABLE
20.08,22.02,33.26,131.32,1827.33,28.99,LOW,MOVABLE
26.02,122.75,19.3,140.22,894.23,80.4,REST_REQUIRED,REST_BEFORE_NEXT_VISIT
27.99,42.17,49.1,83.28,580.38,63.81,REST_RECOMMENDED,REST_RECOMMENDED
28.14,91.94,41.55,42.55,636.8,93.17,IMMEDIATE_REST,REST_BEFORE_NEXT_VISIT
20.49,59.14,18.79,18.57,1520.38,15.97,LOW,MOVABLE
25.77,74.71,25.53,44.05,384.12,64.6,REST_RECOMMENDED,REST_RECOMMENDED
24.2,34.35,45.13,74.52,609.98,49.1,CAUTION,REST_RECOMMENDED
28.7,159.63,25.66,104.99,1686.6,97.92,IMMEDIATE_REST,REST_BEFORE_NEXT_VISIT
23.55,46.57,33.26,100.33,1002.13,52.97,REST_RECOMMENDED,REST_RECOMMENDED
26.54,64.4,28.02,57.73,1018.59,65.33,REST_RECOMMENDED,REST_RECOMMENDED
24.21,109.14,21.58,83.12,154.84,59.43,REST_RECOMMENDED,REST_RECOMMENDED
30.56,75.87,8.98,29.76,1693.3,79.16,REST_REQUIRED,REST_BEFORE_NEXT_VISIT
30.11,90.14,8.3,154.42,133.32,86.01,IMMEDIATE_REST,REST_BEFORE_NEXT_VISIT
29.35,6.78,45.84,74.38,914.87,72.05,REST_REQUIRED,REST_BEFORE_NEXT_VISIT
26.44,84.4,19.59,92.67,1355.18,71.91,REST_REQUIRED,REST_BEFORE_NEXT_VISIT
17.6,98.18,25.26,136.75,1537.49,46.15,CAUTION,REST_RECOMMENDED
24.52,68.21,47.96,141.44,669.0,59.68,REST_RECOMMENDED,REST_RECOMMENDED
31.02,74.48,37.96,131.01,390.18,87.55,IMMEDIATE_REST,REST_BEFORE_NEXT_VISIT
22.52,49.57,24.82,103.95,888.06,39.56,CAUTION,REST_RECOMMENDED
30.27,30.56,24.51,23.52,1965.72,74.61,REST_REQUIRED,REST_BEFORE_NEXT_VISIT
22.78,84.77,26.13,136.56,1307.54,46.0,CAUTION,REST_RECOMMENDED
21.11,111.15,16.78,171.47,673.98,51.02,REST_RECOMMENDED,REST_RECOMMENDED
28.97,47.97,24.58,98.55,1485.37,78.6,REST_REQUIRED,REST_BEFORE_NEXT_VISIT
31.8,81.69,33.7,109.04,549.0,90.86,IMMEDIATE_REST,REST_BEFORE_NEXT_VISIT
24.84,46.63,6.54,107.24,706.41,38.0,CAUTION,MOVABLE
21.38,65.53,36.01,41.7,346.46,42.79,CAUTION,REST_RECOMMENDED
27.86,109.42,32.95,60.3,1065.74,81.91,REST_REQUIRED,REST_BEFORE_NEXT_VISIT
24.76,42.26,26.26,86.12,707.49,51.2,REST_RECOMMENDED,REST_RECOMMENDED
30.93,50.94,21.8,70.72,687.16,78.98,REST_REQUIRED,REST_BEFORE_NEXT_VISIT
27.55,117.92,30.6,10.66,2256.51,73.49,REST_REQUIRED,REST_BEFORE_NEXT_VISIT
32.18,47.54,35.94,47.04,486.34,73.98,REST_REQUIRED,REST_BEFORE_NEXT_VISIT
27.78,46.83,17.63,68.25,1494.83,57.1,REST_RECOMMENDED,REST_RECOMMENDED
27.54,40.69,46.34,43.48,576.47,56.0,REST_RECOMMENDED,REST_RECOMMENDED
30.64,126.8,15.39,53.32,1990.32,83.56,REST_REQUIRED,REST_BEFORE_NEXT_VISIT
31.38,85.19,44.33,127.99,328.98,91.18,IMMEDIATE_REST,REST_BEFORE_NEXT_VISIT
29.08,50.29,30.14,74.73,1206.76,77.39,REST_REQUIRED,REST_BEFORE_NEXT_VISIT
19.9,21.41,45.19,100.25,691.7,21.55,LOW,MOVABLE
27.82,61.67,16.43,153.3,872.83,70.73,REST_REQUIRED,REST_BEFORE_NEXT_VISIT
19.37,112.1,23.93,70.18,960.49,39.0,CAUTION,MOVABLE
30.59,27.76,8.12,151.61,535.5,67.48,REST_RECOMMENDED,REST_RECOMMENDED
27.76,101.66,4.34,20.51,906.5,62.97,REST_RECOMMENDED,REST_RECOMMENDED
30.22,93.89,10.71,80.83,1055.74,91.79,IMMEDIATE_REST,REST_BEFORE_NEXT_VISIT
16.09,18.18,18.45,114.11,248.27,13.11,LOW,MOVABLE
24.05,40.4,37.8,44.79,1845.6,45.9,CAUTION,REST_RECOMMENDED
25.74,114.73,23.6,94.29,1259.21,86.12,IMMEDIATE_REST,REST_BEFORE_NEXT_VISIT
32.0,57.97,15.26,118.81,405.22,71.72,REST_REQUIRED,REST_BEFORE_NEXT_VISIT
31.46,22.97,47.38,52.61,2502.92,70.38,REST_REQUIRED,REST_BEFORE_NEXT_VISIT
26.99,25.5,32.06,48.46,1594.11,55.91,REST_RECOMMENDED,REST_RECOMMENDED
33.24,115.64,24.29,46.55,2116.95,89.93,IMMEDIATE_REST,REST_BEFORE_NEXT_VISIT
32.62,160.37,40.56,56.09,718.57,92.18,IMMEDIATE_REST,REST_BEFORE_NEXT_VISIT
29.92,50.58,20.29,88.77,809.26,79.49,REST_REQUIRED,REST_BEFORE_NEXT_VISIT
29.83,14.72,32.03,103.89,208.9,72.0,REST_REQUIRED,REST_BEFORE_NEXT_VISIT
30.26,80.07,49.5,13.03,1084.81,84.48,REST_REQUIRED,REST_BEFORE_NEXT_VISIT
17.36,33.07,33.8,95.48,426.5,32.56,CAUTION,MOVABLE
31.6,89.24,24.39,70.15,1235.03,84.74,REST_REQUIRED,REST_BEFORE_NEXT_VISIT
24.19,66.41,11.9,34.8,822.32,48.01,CAUTION,REST_RECOMMENDED
33.97,18.9,40.35,33.82,1125.63,69.36,REST_RECOMMENDED,REST_BEFORE_NEXT_VISIT
23.72,53.37,42.64,108.72,1244.08,53.82,REST_RECOMMENDED,REST_RECOMMENDED
25.44,54.15,40.1,7.5,893.03,53.0,REST_RECOMMENDED,REST_RECOMMENDED
28.13,64.62,17.56,36.35,664.83,75.54,REST_REQUIRED,REST_BEFORE_NEXT_VISIT
28.36,53.86,13.05,67.02,2015.76,75.24,REST_REQUIRED,REST_BEFORE_NEXT_VISIT
27.61,73.15,22.95,134.06,2668.89,72.06,REST_REQUIRED,REST_BEFORE_NEXT_VISIT
30.27,84.35,5.84,19.65,473.41,74.37,REST_REQUIRED,REST_BEFORE_NEXT_VISIT
21.06,128.97,21.37,121.36,1154.3,59.96,REST_RECOMMENDED,REST_RECOMMENDED
19.35,87.79,12.83,89.32,1284.13,29.42,LOW,MOVABLE
23.78,121.92,26.55,80.24,689.71,60.96,REST_RECOMMENDED,REST_RECOMMENDED
28.3,47.08,20.79,81.1,38.43,69.39,REST_RECOMMENDED,REST_BEFORE_NEXT_VISIT
19.5,19.35,11.31,84.42,196.9,9.5,LOW,MOVABLE
25.78,136.56,17.11,145.68,1528.97,81.11,REST_REQUIRED,REST_BEFORE_NEXT_VISIT
22.32,62.68,19.92,73.75,207.28,41.98,CAUTION,REST_RECOMMENDED
19.28,25.64,30.12,105.04,862.83,21.32,LOW,MOVABLE
34.76,30.85,21.45,129.05,1892.54,82.8,REST_REQUIRED,REST_BEFORE_NEXT_VISIT
29.23,30.52,19.45,58.94,1725.0,69.66,REST_RECOMMENDED,REST_BEFORE_NEXT_VISIT
26.84,81.24,16.22,174.74,981.73,69.39,REST_RECOMMENDED,REST_BEFORE_NEXT_VISIT
26.69,61.28,40.14,125.09,1578.66,78.28,REST_REQUIRED,REST_BEFORE_NEXT_VISIT
16.18,115.42,17.8,156.23,805.19,38.51,CAUTION,MOVABLE
17.18,107.83,16.59,81.25,1716.66,41.52,CAUTION,REST_RECOMMENDED
29.67,86.05,18.65,99.34,2418.3,87.57,IMMEDIATE_REST,REST_BEFORE_NEXT_VISIT
30.35,113.49,25.66,120.18,2159.24,94.03,IMMEDIATE_REST,REST_BEFORE_NEXT_VISIT
32.16,98.34,21.32,55.16,603.71,86.11,IMMEDIATE_REST,REST_BEFORE_NEXT_VISIT
28.25,65.45,35.45,55.44,448.75,81.38,REST_REQUIRED,REST_BEFORE_NEXT_VISIT
25.08,37.78,9.42,145.69,863.43,58.06,REST_RECOMMENDED,REST_RECOMMENDED
27.99,66.26,46.8,56.01,183.53,68.22,REST_RECOMMENDED,REST_RECOMMENDED
19.47,83.51,22.79,57.55,441.44,28.6,LOW,MOVABLE
26.72,92.57,16.67,120.26,1923.69,82.77,REST_REQUIRED,REST_BEFORE_NEXT_VISIT
32.28,33.51,21.62,115.11,873.94,76.26,REST_REQUIRED,REST_BEFORE_NEXT_VISIT
26.98,55.86,38.45,68.29,253.48,57.0,REST_RECOMMENDED,REST_RECOMMENDED
24.99,52.6,36.44,53.08,707.46,41.0,CAUTION,REST_RECOMMENDED
24.56,78.03,23.33,104.7,390.84,53.44,REST_RECOMMENDED,REST_RECOMMENDED
34.31,71.95,12.35,29.52,793.23,71.23,REST_REQUIRED,REST_BEFORE_NEXT_VISIT
23.69,119.72,13.41,39.17,436.33,57.17,REST_RECOMMENDED,REST_RECOMMENDED
25.65,68.7,19.16,116.05,1405.02,70.23,REST_REQUIRED,REST_BEFORE_NEXT_VISIT
25.14,87.27,29.72,100.15,1017.43,73.69,REST_REQUIRED,REST_BEFORE_NEXT_VISIT
30.04,115.04,42.51,97.87,1413.25,100.0,IMMEDIATE_REST,REST_BEFORE_NEXT_VISIT
21.73,139.1,23.62,113.87,1944.38,54.0,REST_RECOMMENDED,REST_RECOMMENDED
22.99,106.97,10.41,70.83,216.8,45.96,CAUTION,REST_RECOMMENDED
28.28,42.11,13.48,144.18,185.54,74.31,REST_REQUIRED,REST_BEFORE_NEXT_VISIT
32.84,91.58,7.59,101.53,972.16,91.01,IMMEDIATE_REST,REST_BEFORE_NEXT_VISIT
33.5,108.43,32.84,144.16,1066.71,98.33,IMMEDIATE_REST,REST_BEFORE_NEXT_VISIT
28.47,113.38,13.06,57.41,1351.03,87.18,IMMEDIATE_REST,REST_BEFORE_NEXT_VISIT
17.52,72.62,21.7,117.37,286.3,31.0,CAUTION,MOVABLE
22.53,88.07,18.72,59.18,167.55,30.0,CAUTION,MOVABLE
29.91,87.09,29.6,109.69,1034.27,91.57,IMMEDIATE_REST,REST_BEFORE_NEXT_VISIT
31.76,67.28,5.66,136.53,525.03,79.82,REST_REQUIRED,REST_BEFORE_NEXT_VISIT
24.15,174.93,32.55,20.5,1563.42,57.0,REST_RECOMMENDED,REST_RECOMMENDED
24.54,31.96,21.31,58.4,705.74,42.38,CAUTION,REST_RECOMMENDED
30.78,67.51,25.96,146.07,1621.7,95.04,IMMEDIATE_REST,REST_BEFORE_NEXT_VISIT
18.69,51.93,29.41,103.83,363.96,24.0,LOW,MOVABLE
15.8,71.19,6.76,47.14,687.94,28.09,LOW,MOVABLE
19.11,57.66,37.14,15.4,170.12,15.0,LOW,MOVABLE
21.19,89.76,14.31,63.17,490.28,42.1,CAUTION,REST_RECOMMENDED
20.52,32.96,22.64,161.52,417.81,24.0,LOW,MOVABLE
17.74,88.9,32.59,29.85,1171.22,32.63,CAUTION,MOVABLE
25.17,50.73,3.42,108.81,281.73,52.95,REST_RECOMMENDED,REST_RECOMMENDED
24.84,124.15,25.47,54.29,607.54,58.54,REST_RECOMMENDED,REST_RECOMMENDED
25.85,33.78,22.1,30.17,1358.59,61.12,REST_RECOMMENDED,REST_RECOMMENDED
22.87,50.96,45.31,121.94,569.08,46.61,CAUTION,REST_RECOMMENDED
25.23,65.98,24.73,46.01,1874.96,65.23,REST_RECOMMENDED,REST_RECOMMENDED
18.59,146.06,19.28,115.53,620.62,45.73,CAUTION,REST_RECOMMENDED
27.68,79.09,29.05,38.65,1170.14,66.16,REST_RECOMMENDED,REST_RECOMMENDED
28.39,139.87,11.23,113.1,2084.43,98.69,IMMEDIATE_REST,REST_BEFORE_NEXT_VISIT
29.77,99.51,22.56,90.09,603.76,93.3,IMMEDIATE_REST,REST_BEFORE_NEXT_VISIT
23.81,77.08,13.57,55.99,2187.62,45.45,CAUTION,REST_RECOMMENDED
31.98,47.03,18.4,125.22,1507.63,80.68,REST_REQUIRED,REST_BEFORE_NEXT_VISIT
28.66,58.28,17.81,71.99,1456.52,70.0,REST_REQUIRED,REST_BEFORE_NEXT_VISIT
28.88,82.45,12.73,98.79,1052.1,84.69,REST_REQUIRED,REST_BEFORE_NEXT_VISIT
27.03,70.24,37.48,59.23,1353.33,71.82,REST_REQUIRED,REST_BEFORE_NEXT_VISIT
24.5,66.2,38.31,107.78,628.5,62.91,REST_RECOMMENDED,REST_RECOMMENDED
30.78,104.58,20.18,83.64,1229.76,92.87,IMMEDIATE_REST,REST_BEFORE_NEXT_VISIT
22.51,72.47,3.93,16.28,562.89,30.21,CAUTION,MOVABLE
21.65,33.4,14.75,128.88,321.19,37.13,CAUTION,MOVABLE
18.03,45.98,11.14,31.66,432.43,19.54,LOW,MOVABLE
27.67,79.32,7.42,51.28,321.33,54.08,REST_RECOMMENDED,REST_RECOMMENDED
30.09,17.42,10.17,81.72,402.76,60.21,REST_RECOMMENDED,REST_RECOMMENDED
30.65,104.4,35.13,108.81,1210.23,97.78,IMMEDIATE_REST,REST_BEFORE_NEXT_VISIT
19.69,15.54,18.66,78.85,1473.74,14.07,LOW,MOVABLE
26.55,97.45,23.72,55.6,295.6,70.11,REST_REQUIRED,REST_BEFORE_NEXT_VISIT
32.09,30.55,31.72,90.43,1082.91,80.13,REST_REQUIRED,REST_BEFORE_NEXT_VISIT
27.07,123.16,16.74,109.9,846.38,79.62,REST_REQUIRED,REST_BEFORE_NEXT_VISIT
26.46,100.51,33.3,30.04,775.76,75.8,REST_REQUIRED,REST_BEFORE_NEXT_VISIT
31.08,37.21,24.44,61.51,1062.24,80.47,REST_REQUIRED,REST_BEFORE_NEXT_VISIT
24.0,118.75,42.49,123.69,1476.31,70.1,REST_REQUIRED,REST_BEFORE_NEXT_VISIT
21.63,115.67,3.26,35.66,900.56,38.0,CAUTION,MOVABLE
30.49,158.12,6.66,30.02,837.39,78.0,REST_REQUIRED,REST_BEFORE_NEXT_VISIT
31.35,46.62,22.72,52.91,1598.76,71.06,REST_REQUIRED,REST_BEFORE_NEXT_VISIT
27.08,67.78,5.28,64.88,1573.04,64.01,REST_RECOMMENDED,REST_RECOMMENDED
20.55,85.78,29.78,79.87,1099.82,37.21,CAUTION,MOVABLE
28.24,17.47,25.82,44.07,198.81,59.77,REST_RECOMMENDED,REST_RECOMMENDED
24.18,91.42,18.24,142.39,923.2,62.28,REST_RECOMMENDED,REST_RECOMMENDED
28.8,58.81,23.86,132.21,906.4,77.88,REST_REQUIRED,REST_BEFORE_NEXT_VISIT
21.25,124.87,11.52,44.77,1382.99,43.21,CAUTION,REST_RECOMMENDED
25.11,80.42,2.59,117.87,415.06,61.84,REST_RECOMMENDED,REST_RECOMMENDED
26.16,26.3,47.95,82.26,723.31,54.2,REST_RECOMMENDED,REST_RECOMMENDED
32.28,94.46,37.81,57.74,1928.58,93.27,IMMEDIATE_REST,REST_BEFORE_NEXT_VISIT
32.44,14.77,5.71,137.29,688.95,60.24,REST_RECOMMENDED,REST_RECOMMENDED
23.54,62.49,11.09,89.9,708.62,50.97,REST_RECOMMENDED,REST_RECOMMENDED
33.63,43.78,50.05,96.94,181.56,75.0,REST_REQUIRED,REST_BEFORE_NEXT_VISIT
20.39,78.0,16.26,90.17,1361.92,32.94,CAUTION,MOVABLE
31.58,38.39,34.92,103.35,1633.39,80.0,REST_REQUIRED,REST_BEFORE_NEXT_VISIT
22.38,137.72,41.44,101.89,915.92,63.38,REST_RECOMMENDED,REST_RECOMMENDED
22.17,19.96,7.07,22.26,531.03,14.48,LOW,MOVABLE
26.56,64.47,23.36,153.99,359.5,71.45,REST_REQUIRED,REST_BEFORE_NEXT_VISIT
22.95,75.9,52.45,108.83,699.18,52.18,REST_RECOMMENDED,REST_RECOMMENDED
31.86,88.26,19.19,53.92,646.78,77.02,REST_REQUIRED,REST_BEFORE_NEXT_VISIT
25.66,57.95,10.67,100.22,171.82,53.0,REST_RECOMMENDED,REST_RECOMMENDED
29.06,104.88,29.28,58.78,796.3,87.76,IMMEDIATE_REST,REST_BEFORE_NEXT_VISIT
24.83,63.08,3.52,155.99,1775.27,53.39,REST_RECOMMENDED,REST_RECOMMENDED
28.65,108.15,28.54,66.98,526.3,95.61,IMMEDIATE_REST,REST_BEFORE_NEXT_VISIT
28.13,144.9,13.95,91.15,585.83,88.0,IMMEDIATE_REST,REST_BEFORE_NEXT_VISIT
24.52,114.95,38.86,75.18,266.1,61.19,REST_RECOMMENDED,REST_RECOMMENDED
21.98,57.04,36.98,52.26,1784.81,37.35,CAUTION,MOVABLE
22.4,28.13,13.41,121.82,1079.89,27.17,LOW,MOVABLE
19.91,168.07,13.34,124.88,937.02,40.67,CAUTION,REST_RECOMMENDED
32.91,95.84,16.95,93.2,679.19,91.93,IMMEDIATE_REST,REST_BEFORE_NEXT_VISIT
24.42,42.18,22.36,59.41,2173.62,45.54,CAUTION,REST_RECOMMENDED
19.42,105.19,5.2,12.15,846.03,26.44,LOW,MOVABLE
18.6,155.81,10.86,112.1,628.56,43.08,CAUTION,REST_RECOMMENDED
28.1,89.29,12.42,114.5,2055.3,82.0,REST_REQUIRED,REST_BEFORE_NEXT_VISIT
21.9,54.02,21.72,33.9,1265.01,30.0,CAUTION,MOVABLE
30.53,47.11,43.7,63.63,1644.08,77.0,REST_REQUIRED,REST_BEFORE_NEXT_VISIT
21.68,129.03,27.69,70.51,1061.02,53.99,REST_RECOMMENDED,REST_RECOMMENDED
23.67,32.15,29.67,112.96,1455.16,55.71,REST_RECOMMENDED,REST_RECOMMENDED
25.7,50.23,50.0,154.39,817.58,66.38,REST_RECOMMENDED,REST_RECOMMENDED
23.1,119.73,51.44,70.64,583.81,70.61,REST_REQUIRED,REST_BEFORE_NEXT_VISIT
29.66,87.61,12.83,112.65,638.41,80.55,REST_REQUIRED,REST_BEFORE_NEXT_VISIT
30.21,122.61,18.72,77.17,76.09,82.0,REST_REQUIRED,REST_BEFORE_NEXT_VISIT
31.4,71.21,29.54,114.26,1529.5,88.04,IMMEDIATE_REST,REST_BEFORE_NEXT_VISIT
28.05,124.22,14.12,80.53,1388.97,90.3,IMMEDIATE_REST,REST_BEFORE_NEXT_VISIT
27.98,55.59,41.97,57.71,368.34,60.55,REST_RECOMMENDED,REST_RECOMMENDED
30.66,73.66,26.69,31.73,227.26,78.0,REST_REQUIRED,REST_BEFORE_NEXT_VISIT
21.39,79.81,39.21,67.37,1093.34,50.2,REST_RECOMMENDED,REST_RECOMMENDED
33.6,71.02,13.46,38.76,1552.79,84.28,REST_REQUIRED,REST_BEFORE_NEXT_VISIT
25.15,99.15,21.76,56.95,1717.9,72.0,REST_REQUIRED,REST_BEFORE_NEXT_VISIT
32.13,103.71,9.06,161.78,678.51,89.66,IMMEDIATE_REST,REST_BEFORE_NEXT_VISIT
20.0,54.16,15.3,17.31,562.93,12.02,LOW,MOVABLE
28.16,148.35,9.73,84.05,320.26,87.33,IMMEDIATE_REST,REST_BEFORE_NEXT_VISIT
31.04,110.07,48.89,82.29,104.09,93.01,IMMEDIATE_REST,REST_BEFORE_NEXT_VISIT
24.41,70.96,40.27,16.5,1733.93,51.16,REST_RECOMMENDED,REST_RECOMMENDED
19.33,135.63,36.03,88.15,803.19,46.28,CAUTION,REST_RECOMMENDED
17.76,154.38,16.88,76.74,1190.72,41.05,CAUTION,REST_RECOMMENDED
20.64,35.43,21.89,35.05,1156.75,23.8,LOW,MOVABLE
27.73,131.71,14.45,34.03,356.6,65.0,REST_RECOMMENDED,REST_RECOMMENDED
32.8,13.2,28.33,79.64,1256.71,71.53,REST_REQUIRED,REST_BEFORE_NEXT_VISIT
20.9,64.87,8.45,151.63,861.95,27.0,LOW,MOVABLE
17.16,75.73,27.13,71.01,2582.76,37.46,CAUTION,MOVABLE
24.44,126.89,22.72,156.81,305.65,65.59,REST_RECOMMENDED,REST_RECOMMENDED
21.8,19.32,21.22,90.68,1029.71,30.8,CAUTION,MOVABLE
19.59,67.72,33.05,75.13,645.62,40.02,CAUTION,REST_RECOMMENDED
20.24,132.89,8.46,94.6,1133.92,41.65,CAUTION,REST_RECOMMENDED
31.85,74.45,19.78,20.55,986.31,72.9,REST_REQUIRED,REST_BEFORE_NEXT_VISIT
19.93,16.68,21.44,84.75,775.73,20.56,LOW,MOVABLE
32.45,66.34,17.12,53.12,1076.77,75.0,REST_REQUIRED,REST_BEFORE_NEXT_VISIT
23.96,125.13,28.39,86.46,1197.63,63.77,REST_RECOMMENDED,REST_RECOMMENDED
27.92,72.32,43.84,59.14,776.7,65.0,REST_RECOMMENDED,REST_RECOMMENDED
21.95,71.92,21.01,76.29,655.49,42.4,CAUTION,REST_RECOMMENDED
29.44,110.05,8.86,116.87,1608.61,88.86,IMMEDIATE_REST,REST_BEFORE_NEXT_VISIT
21.13,131.95,11.17,103.59,487.58,52.61,REST_RECOMMENDED,REST_RECOMMENDED
26.09,42.59,20.81,19.07,1471.46,55.1,REST_RECOMMENDED,REST_RECOMMENDED
20.74,48.82,21.26,113.68,767.42,27.73,LOW,MOVABLE
24.17,33.56,14.19,66.7,922.06,41.5,CAUTION,REST_RECOMMENDED
25.42,92.36,4.08,20.07,704.95,63.25,REST_RECOMMENDED,REST_RECOMMENDED
31.46,48.79,7.94,33.43,1213.4,63.0,REST_RECOMMENDED,REST_RECOMMENDED
25.24,8.4,36.27,79.62,962.98,52.0,REST_RECOMMENDED,REST_RECOMMENDED
29.33,9.22,17.13,28.61,430.02,54.97,REST_RECOMMENDED,REST_RECOMMENDED
28.02,132.99,5.28,117.85,1859.04,87.0,IMMEDIATE_REST,REST_BEFORE_NEXT_VISIT
22.23,69.37,9.32,79.2,1579.69,40.89,CAUTION,REST_RECOMMENDED
27.14,40.05,27.53,65.37,1246.57,66.07,REST_RECOMMENDED,REST_RECOMMENDED
26.76,65.72,12.0,118.0,1077.53,71.21,REST_REQUIRED,REST_BEFORE_NEXT_VISIT
29.83,98.15,19.39,87.03,117.34,84.55,REST_REQUIRED,REST_BEFORE_NEXT_VISIT
23.37,53.16,11.08,99.65,704.58,47.22,CAUTION,REST_RECOMMENDED
23.62,106.66,28.58,56.5,1659.84,57.0,REST_RECOMMENDED,REST_RECOMMENDED
30.37,97.28,17.43,59.41,754.53,84.49,REST_REQUIRED,REST_BEFORE_NEXT_VISIT
31.7,87.12,43.65,45.38,1434.42,82.0,REST_REQUIRED,REST_BEFORE_NEXT_VISIT
20.96,62.03,30.96,40.9,1332.93,38.36,CAUTION,MOVABLE
26.87,45.94,29.88,88.49,767.01,59.46,REST_RECOMMENDED,REST_RECOMMENDED
33.01,53.99,21.91,46.09,257.49,65.53,REST_RECOMMENDED,REST_RECOMMENDED
31.72,86.33,25.42,52.54,1161.25,79.36,REST_REQUIRED,REST_BEFORE_NEXT_VISIT
27.63,151.94,45.69,37.87,874.65,74.88,REST_REQUIRED,REST_BEFORE_NEXT_VISIT
24.83,96.87,7.93,72.79,683.69,57.5,REST_RECOMMENDED,REST_RECOMMENDED
26.33,70.0,22.83,116.27,485.66,73.68,REST_REQUIRED,REST_BEFORE_NEXT_VISIT
16.92,104.61,7.0,108.9,314.89,39.26,CAUTION,REST_RECOMMENDED
21.78,89.38,21.8,61.73,1300.83,45.69,CAUTION,REST_RECOMMENDED
30.85,33.39,6.32,94.6,1775.47,72.03,REST_REQUIRED,REST_BEFORE_NEXT_VISIT
22.31,43.03,23.81,119.54,1728.08,39.46,CAUTION,REST_RECOMMENDED
24.45,10.41,20.86,21.45,345.35,32.74,CAUTION,MOVABLE
22.97,109.67,30.45,73.04,1390.29,60.16,REST_RECOMMENDED,REST_RECOMMENDED
19.97,50.34,26.61,70.31,2198.18,31.96,CAUTION,MOVABLE
21.79,67.27,8.3,71.91,989.91,37.59,CAUTION,MOVABLE
26.5,49.0,10.57,108.74,443.2,58.64,REST_RECOMMENDED,REST_RECOMMENDED
27.29,62.49,40.82,73.92,2273.62,71.97,REST_REQUIRED,REST_BEFORE_NEXT_VISIT
22.17,74.84,32.93,146.26,880.79,52.6,REST_RECOMMENDED,REST_RECOMMENDED
21.95,80.51,31.17,58.85,1912.58,44.12,CAUTION,REST_RECOMMENDED
20.55,62.11,27.25,31.05,321.15,26.0,LOW,MOVABLE
21.06,76.12,26.32,11.4,1948.62,36.33,CAUTION,MOVABLE
22.74,39.64,38.65,40.02,381.26,31.68,CAUTION,MOVABLE
28.44,14.32,31.07,40.74,767.88,65.99,REST_RECOMMENDED,REST_RECOMMENDED
26.17,75.07,26.25,66.96,1476.09,77.23,REST_REQUIRED,REST_BEFORE_NEXT_VISIT
23.56,52.41,47.29,77.73,181.51,42.78,CAUTION,REST_RECOMMENDED
25.7,38.66,13.23,76.78,813.49,56.35,REST_RECOMMENDED,REST_RECOMMENDED
29.3,55.01,20.41,104.36,446.88,77.98,REST_REQUIRED,REST_BEFORE_NEXT_VISIT
26.51,35.71,24.62,130.28,1358.0,70.97,REST_REQUIRED,REST_BEFORE_NEXT_VISIT
29.49,77.35,23.48,43.76,194.84,75.71,REST_REQUIRED,REST_BEFORE_NEXT_VISIT
21.67,95.06,26.49,71.97,1051.79,51.0,REST_RECOMMENDED,REST_RECOMMENDED
32.85,112.42,36.77,49.13,489.99,94.84,IMMEDIATE_REST,REST_BEFORE_NEXT_VISIT
26.43,100.99,21.45,104.44,529.79,79.58,REST_REQUIRED,REST_BEFORE_NEXT_VISIT
31.84,58.03,23.03,87.11,1493.98,76.8,REST_REQUIRED,REST_BEFORE_NEXT_VISIT
21.23,62.26,10.53,20.6,916.41,32.4,CAUTION,MOVABLE
31.1,37.14,25.77,138.09,418.83,74.0,REST_REQUIRED,REST_BEFORE_NEXT_VISIT
27.69,61.41,13.42,72.88,419.44,67.07,REST_RECOMMENDED,REST_RECOMMENDED
29.31,78.52,31.78,10.27,356.42,81.09,REST_REQUIRED,REST_BEFORE_NEXT_VISIT
22.61,100.95,13.72,65.25,1448.29,48.23,CAUTION,REST_RECOMMENDED
24.16,54.95,37.98,166.42,912.99,50.65,REST_RECOMMENDED,REST_RECOMMENDED
19.75,112.98,23.5,24.01,1164.76,35.49,CAUTION,MOVABLE
22.54,31.55,36.72,26.91,721.95,33.61,CAUTION,MOVABLE
23.84,98.94,6.48,44.84,1103.11,54.65,REST_RECOMMENDED,REST_RECOMMENDED
25.77,58.97,44.57,48.86,1100.61,60.9,REST_RECOMMENDED,REST_RECOMMENDED
27.04,87.71,38.46,137.45,990.39,74.91,REST_REQUIRED,REST_BEFORE_NEXT_VISIT
25.68,24.33,33.26,75.48,148.34,49.75,CAUTION,REST_RECOMMENDED
25.98,115.57,29.33,104.79,1503.9,79.0,REST_REQUIRED,REST_BEFORE_NEXT_VISIT
20.57,134.62,13.24,91.96,1616.41,45.87,CAUTION,REST_RECOMMENDED
17.39,100.38,35.59,109.3,689.94,52.37,REST_RECOMMENDED,REST_RECOMMENDED
24.57,94.62,18.94,104.5,1098.12,61.83,REST_RECOMMENDED,REST_RECOMMENDED
17.44,27.14,3.52,4.26,60.55,2.16,LOW,MOVABLE
24.6,115.34,39.93,96.25,1894.38,72.54,REST_REQUIRED,REST_BEFORE_NEXT_VISIT
31.51,22.08,47.22,41.03,942.6,67.07,REST_RECOMMENDED,REST_RECOMMENDED
27.58,40.52,46.91,31.72,819.06,61.36,REST_RECOMMENDED,REST_RECOMMENDED
26.12,79.67,21.02,111.29,652.32,71.2,REST_REQUIRED,REST_BEFORE_NEXT_VISIT
26.74,89.73,28.16,137.98,844.93,69.15,REST_RECOMMENDED,REST_BEFORE_NEXT_VISIT
22.08,121.65,27.49,45.44,1640.56,49.31,CAUTION,REST_RECOMMENDED
31.14,50.98,13.41,98.79,160.49,71.11,REST_REQUIRED,REST_BEFORE_NEXT_VISIT
32.93,24.87,23.34,85.13,201.08,61.0,REST_RECOMMENDED,REST_RECOMMENDED
22.34,53.23,27.78,79.55,805.43,33.7,CAUTION,MOVABLE
27.22,72.78,30.87,89.66,1528.74,73.81,REST_REQUIRED,REST_BEFORE_NEXT_VISIT
24.21,28.24,45.3,80.41,1080.19,39.05,CAUTION,REST_RECOMMENDED
26.51,105.25,16.79,85.75,975.19,74.76,REST_REQUIRED,REST_BEFORE_NEXT_VISIT
19.3,41.51,27.9,75.16,490.9,24.51,LOW,MOVABLE
16.55,100.54,49.49,9.34,64.01,32.0,CAUTION,MOVABLE
28.85,156.77,33.01,97.57,671.11,98.37,IMMEDIATE_REST,REST_BEFORE_NEXT_VISIT
22.66,91.14,35.14,38.87,372.27,47.0,CAUTION,REST_RECOMMENDED
23.89,102.82,38.98,105.91,1117.95,70.27,REST_REQUIRED,REST_BEFORE_NEXT_VISIT
18.6,43.21,18.4,109.74,1238.71,27.9,LOW,MOVABLE
32.38,69.69,22.49,99.06,975.57,84.37,REST_REQUIRED,REST_BEFORE_NEXT_VISIT
27.23,65.53,38.09,71.47,274.93,68.17,REST_RECOMMENDED,REST_RECOMMENDED
31.6,147.16,34.83,71.69,1274.31,98.24,IMMEDIATE_REST,REST_BEFORE_NEXT_VISIT
23.12,88.06,50.85,79.05,218.59,57.74,REST_RECOMMENDED,REST_RECOMMENDED
22.92,51.71,4.72,112.61,932.29,30.36,CAUTION,MOVABLE
18.9,20.95,16.67,138.19,254.05,12.39,LOW,MOVABLE
31.04,112.76,29.96,54.13,2125.25,88.41,IMMEDIATE_REST,REST_BEFORE_NEXT_VISIT
20.92,58.11,15.67,105.82,818.6,21.0,LOW,MOVABLE
24.01,85.02,32.27,101.98,143.17,55.23,REST_RECOMMENDED,REST_RECOMMENDED
24.05,133.86,9.08,59.99,762.51,48.0,CAUTION,REST_RECOMMENDED
23.71,60.46,4.19,99.27,902.73,51.93,REST_RECOMMENDED,REST_RECOMMENDED
21.59,89.59,50.67,99.01,441.1,46.0,CAUTION,REST_RECOMMENDED
25.55,97.43,15.9,59.03,1941.22,69.32,REST_RECOMMENDED,REST_BEFORE_NEXT_VISIT
29.93,23.25,16.54,95.49,527.36,64.76,REST_RECOMMENDED,REST_RECOMMENDED
29.56,20.07,10.35,91.23,959.54,63.17,REST_RECOMMENDED,REST_RECOMMENDED
29.18,34.71,19.91,26.81,417.77,65.43,REST_RECOMMENDED,REST_RECOMMENDED
15.52,74.0,44.89,125.5,299.26,38.48,CAUTION,MOVABLE
28.15,54.1,21.37,71.79,108.62,70.41,REST_REQUIRED,REST_BEFORE_NEXT_VISIT
17.09,17.28,37.71,45.08,527.02,15.34,LOW,MOVABLE
20.48,89.51,21.29,48.49,1283.53,31.97,CAUTION,MOVABLE
25.08,75.96,41.92,125.05,1959.37,74.0,REST_REQUIRED,REST_BEFORE_NEXT_VISIT
25.7,88.31,20.88,84.15,597.95,72.05,REST_REQUIRED,REST_BEFORE_NEXT_VISIT
29.42,91.67,46.61,94.56,1605.99,100.0,IMMEDIATE_REST,REST_BEFORE_NEXT_VISIT
26.35,26.46,15.98,77.83,429.57,52.84,REST_RECOMMENDED,REST_RECOMMENDED
24.71,45.5,28.36,109.38,1001.64,51.4,REST_RECOMMENDED,REST_RECOMMENDED
30.62,66.43,19.73,127.69,974.6,80.0,REST_REQUIRED,REST_BEFORE_NEXT_VISIT
28.11,77.57,23.93,126.38,239.5,81.0,REST_REQUIRED,REST_BEFORE_NEXT_VISIT
24.67,76.49,27.55,110.07,1312.66,59.79,REST_RECOMMENDED,REST_RECOMMENDED
20.61,25.18,18.6,90.97,825.52,16.84,LOW,MOVABLE
33.14,90.5,32.23,107.13,514.88,97.52,IMMEDIATE_REST,REST_BEFORE_NEXT_VISIT
17.85,34.44,39.41,67.31,638.89,25.0,LOW,MOVABLE
32.08,86.11,53.16,102.17,655.51,90.25,IMMEDIATE_REST,REST_BEFORE_NEXT_VISIT
23.41,66.79,24.09,128.63,1135.65,61.91,REST_RECOMMENDED,REST_RECOMMENDED
24.8,28.73,9.69,38.71,201.0,20.4,LOW,MOVABLE
23.38,32.94,34.61,66.79,1195.85,50.96,REST_RECOMMENDED,REST_RECOMMENDED
25.72,91.08,22.67,105.94,100.32,74.0,REST_REQUIRED,REST_BEFORE_NEXT_VISIT
21.84,108.64,5.02,41.68,313.38,41.27,CAUTION,REST_RECOMMENDED
24.37,59.59,27.4,26.07,1433.94,40.58,CAUTION,REST_RECOMMENDED
26.0,71.46,35.53,83.07,810.9,75.72,REST_REQUIRED,REST_BEFORE_NEXT_VISIT
27.39,39.95,33.11,46.45,752.11,61.13,REST_RECOMMENDED,REST_RECOMMENDED
21.49,83.45,38.62,114.55,34.37,49.4,CAUTION,REST_RECOMMENDED
29.6,156.57,3.04,138.27,1467.84,90.1,IMMEDIATE_REST,REST_BEFORE_NEXT_VISIT
28.86,90.2,22.07,34.81,596.44,87.38,IMMEDIATE_REST,REST_BEFORE_NEXT_VISIT
23.64,113.08,26.29,83.53,1221.31,67.04,REST_RECOMMENDED,REST_RECOMMENDED
23.49,29.31,35.96,151.95,124.0,39.81,CAUTION,REST_RECOMMENDED
27.94,74.83,7.26,27.13,171.63,50.44,REST_RECOMMENDED,REST_RECOMMENDED
26.99,33.4,16.12,28.8,416.44,48.46,CAUTION,REST_RECOMMENDED
23.01,21.03,43.74,61.64,449.74,39.34,CAUTION,REST_RECOMMENDED
16.55,38.92,34.92,37.41,1240.45,23.0,LOW,MOVABLE
24.6,127.73,13.64,71.06,282.36,54.14,REST_RECOMMENDED,REST_RECOMMENDED
22.33,49.58,23.59,86.5,2089.77,34.0,CAUTION,MOVABLE
27.58,48.82,48.52,77.5,286.26,64.4,REST_RECOMMENDED,REST_RECOMMENDED
30.09,61.42,35.1,55.92,926.59,80.0,REST_REQUIRED,REST_BEFORE_NEXT_VISIT
32.13,70.4,19.04,107.33,2224.64,82.0,REST_REQUIRED,REST_BEFORE_NEXT_VISIT
19.2,54.81,18.03,130.17,876.68,27.61,LOW,MOVABLE
24.8,67.73,44.68,45.89,1214.18,54.8,REST_RECOMMENDED,REST_RECOMMENDED
19.88,53.44,30.27,72.38,45.65,23.1,LOW,MOVABLE
23.53,83.92,40.33,123.09,1058.08,66.69,REST_RECOMMENDED,REST_RECOMMENDED
32.95,26.3,14.53,58.37,1518.1,58.11,REST_RECOMMENDED,REST_RECOMMENDED
30.83,16.82,22.31,140.12,928.81,70.01,REST_REQUIRED,REST_BEFORE_NEXT_VISIT
17.16,91.94,14.67,5.68,1988.94,40.16,CAUTION,REST_RECOMMENDED
30.79,39.61,20.05,108.03,193.0,76.15,REST_REQUIRED,REST_BEFORE_NEXT_VISIT
23.79,26.44,26.83,89.35,1668.58,37.15,CAUTION,MOVABLE
28.68,19.49,27.86,16.83,1035.29,60.36,REST_RECOMMENDED,REST_RECOMMENDED
27.1,80.94,50.26,133.33,2609.35,79.9,REST_REQUIRED,REST_BEFORE_NEXT_VISIT
20.22,65.93,52.18,37.91,2021.75,39.87,CAUTION,REST_RECOMMENDED
30.1,40.01,12.52,76.12,1730.77,70.0,REST_REQUIRED,REST_BEFORE_NEXT_VISIT
28.07,69.31,27.27,105.96,2167.05,92.87,IMMEDIATE_REST,REST_BEFORE_NEXT_VISIT
25.88,132.35,3.61,103.78,816.96,78.27,REST_REQUIRED,REST_BEFORE_NEXT_VISIT
24.29,41.71,8.74,124.96,618.2,39.94,CAUTION,REST_RECOMMENDED
22.66,23.14,9.12,96.21,1665.17,27.8,LOW,MOVABLE
27.32,82.11,6.1,69.29,70.16,59.61,REST_RECOMMENDED,REST_RECOMMENDED
19.67,11.04,19.59,68.41,1255.21,17.68,LOW,MOVABLE
22.87,59.64,14.2,21.1,324.68,28.86,LOW,MOVABLE
25.45,74.86,4.91,58.4,1618.08,57.0,REST_RECOMMENDED,REST_RECOMMENDED
23.26,63.11,14.68,6.36,2113.77,47.14,CAUTION,REST_RECOMMENDED
26.74,94.08,48.94,152.01,299.5,77.0,REST_REQUIRED,REST_BEFORE_NEXT_VISIT
22.88,54.67,35.5,123.57,144.31,36.37,CAUTION,MOVABLE
26.37,93.73,25.06,63.79,946.87,75.47,REST_REQUIRED,REST_BEFORE_NEXT_VISIT
26.36,63.45,26.29,55.25,500.31,62.0,REST_RECOMMENDED,REST_RECOMMENDED
22.48,155.29,37.0,13.35,501.56,46.8,CAUTION,REST_RECOMMENDED
29.28,134.15,18.55,50.22,219.93,85.08,IMMEDIATE_REST,REST_BEFORE_NEXT_VISIT
26.25,113.6,9.62,50.03,1008.65,68.73,REST_RECOMMENDED,REST_RECOMMENDED
27.71,33.39,8.63,88.79,226.2,50.37,REST_RECOMMENDED,REST_RECOMMENDED
28.58,124.63,34.55,107.58,816.51,100.0,IMMEDIATE_REST,REST_BEFORE_NEXT_VISIT
28.05,112.18,18.57,55.31,831.01,81.0,REST_REQUIRED,REST_BEFORE_NEXT_VISIT
24.16,43.8,34.55,79.3,491.49,50.01,REST_RECOMMENDED,REST_RECOMMENDED
23.03,26.48,35.96,40.69,692.46,33.0,CAUTION,MOVABLE
19.53,109.78,12.54,54.14,979.64,36.51,CAUTION,MOVABLE
21.61,102.3,28.84,76.79,896.92,52.92,REST_RECOMMENDED,REST_RECOMMENDED
24.7,70.86,18.34,66.24,462.9,50.98,REST_RECOMMENDED,REST_RECOMMENDED
27.33,62.57,23.99,96.44,80.17,68.37,REST_RECOMMENDED,REST_RECOMMENDED
31.82,14.79,4.03,36.9,635.32,53.0,REST_RECOMMENDED,REST_RECOMMENDED
16.16,79.26,16.74,54.18,1857.12,30.03,CAUTION,MOVABLE
16.92,44.88,19.89,49.72,976.74,18.0,LOW,MOVABLE
17.97,78.28,26.14,23.14,846.8,26.49,LOW,MOVABLE
31.42,33.36,22.53,155.13,1751.51,82.07,REST_REQUIRED,REST_BEFORE_NEXT_VISIT
28.98,144.49,16.76,99.99,1142.58,90.0,IMMEDIATE_REST,REST_BEFORE_NEXT_VISIT
25.53,52.02,18.48,84.12,852.46,58.21,REST_RECOMMENDED,REST_RECOMMENDED
24.22,23.77,25.69,102.84,1536.1,41.39,CAUTION,REST_RECOMMENDED
30.37,83.18,25.4,79.5,1253.63,89.87,IMMEDIATE_REST,REST_BEFORE_NEXT_VISIT
21.59,48.98,24.42,48.49,461.94,30.27,CAUTION,MOVABLE
18.21,140.47,13.9,53.49,503.88,33.22,CAUTION,MOVABLE
31.96,80.97,6.93,104.9,1347.18,83.91,REST_REQUIRED,REST_BEFORE_NEXT_VISIT
26.42,130.78,45.92,98.43,918.08,87.47,IMMEDIATE_REST,REST_BEFORE_NEXT_VISIT
21.98,60.95,43.6,82.92,243.34,43.2,CAUTION,REST_RECOMMENDED
24.05,66.95,2.45,87.31,871.37,49.61,CAUTION,REST_RECOMMENDED
30.54,53.18,11.83,61.54,2088.62,72.96,REST_REQUIRED,REST_BEFORE_NEXT_VISIT
28.34,145.42,12.83,75.67,579.11,91.63,IMMEDIATE_REST,REST_BEFORE_NEXT_VISIT
22.53,81.9,37.56,87.48,101.4,47.09,CAUTION,REST_RECOMMENDED
21.3,36.3,26.1,33.66,1624.27,33.21,CAUTION,MOVABLE
31.02,87.54,36.49,62.4,873.64,89.37,IMMEDIATE_REST,REST_BEFORE_NEXT_VISIT
28.32,76.84,20.33,42.21,964.38,80.1,REST_REQUIRED,REST_BEFORE_NEXT_VISIT
28.45,39.07,26.17,52.1,1272.26,75.76,REST_REQUIRED,REST_BEFORE_NEXT_VISIT
21.46,117.28,8.6,123.95,942.96,47.65,CAUTION,REST_RECOMMENDED
17.92,50.97,37.38,22.6,240.81,15.28,LOW,MOVABLE
22.73,97.67,30.96,33.4,1149.15,50.01,REST_RECOMMENDED,REST_RECOMMENDED
24.83,79.21,15.81,26.89,734.65,43.72,CAUTION,REST_RECOMMENDED
29.74,38.3,16.38,99.24,542.23,78.12,REST_REQUIRED,REST_BEFORE_NEXT_VISIT
26.53,87.76,30.49,92.35,477.54,72.92,REST_REQUIRED,REST_BEFORE_NEXT_VISIT
16.6,139.57,28.09,25.53,32.6,31.96,CAUTION,MOVABLE
28.67,110.12,32.55,93.63,811.48,100.0,IMMEDIATE_REST,REST_BEFORE_NEXT_VISIT
24.01,110.5,46.32,123.77,679.27,65.35,REST_RECOMMENDED,REST_RECOMMENDED
21.18,38.78,35.24,51.04,668.3,38.35,CAUTION,MOVABLE
28.33,96.87,16.03,138.85,315.81,93.53,IMMEDIATE_REST,REST_BEFORE_NEXT_VISIT
33.8,124.48,10.16,132.25,647.9,94.6,IMMEDIATE_REST,REST_BEFORE_NEXT_VISIT
30.06,51.2,5.72,49.96,1623.47,66.3,REST_RECOMMENDED,REST_RECOMMENDED
30.71,58.26,23.78,38.12,1063.55,72.01,REST_REQUIRED,REST_BEFORE_NEXT_VISIT
21.02,113.55,26.3,70.53,573.2,49.26,CAUTION,REST_RECOMMENDED
25.84,60.47,26.98,39.35,594.69,64.16,REST_RECOMMENDED,REST_RECOMMENDED
16.89,62.41,8.49,48.04,2166.87,22.0,LOW,MOVABLE
24.78,97.76,23.34,97.99,530.42,62.0,REST_RECOMMENDED,REST_RECOMMENDED
26.64,99.65,18.37,56.43,320.3,67.98,REST_RECOMMENDED,REST_RECOMMENDED
28.72,38.83,24.61,112.56,1783.93,79.86,REST_REQUIRED,REST_BEFORE_NEXT_VISIT
27.39,71.68,21.68,78.01,168.68,71.84,REST_REQUIRED,REST_BEFORE_NEXT_VISIT
27.79,64.46,28.44,73.76,1455.13,68.0,REST_RECOMMENDED,REST_RECOMMENDED
21.95,53.64,32.83,100.6,1555.15,46.84,CAUTION,REST_RECOMMENDED
22.66,79.68,25.08,29.71,262.02,36.77,CAUTION,MOVABLE
26.09,90.9,8.42,152.59,1413.68,74.35,REST_REQUIRED,REST_BEFORE_NEXT_VISIT
24.74,42.61,18.21,47.44,1517.61,41.39,CAUTION,REST_RECOMMENDED
34.17,43.29,23.88,114.5,271.45,79.71,REST_REQUIRED,REST_BEFORE_NEXT_VISIT
29.28,17.36,18.3,15.1,1990.07,55.0,REST_RECOMMENDED,REST_RECOMMENDED
22.17,139.25,47.36,143.65,1026.86,57.0,REST_RECOMMENDED,REST_RECOMMENDED
28.65,128.67,17.54,166.33,492.07,91.93,IMMEDIATE_REST,REST_BEFORE_NEXT_VISIT
16.86,80.54,30.03,123.54,151.67,38.7,CAUTION,MOVABLE
26.41,158.68,21.92,122.49,944.76,82.49,REST_REQUIRED,REST_BEFORE_NEXT_VISIT
20.61,80.72,16.54,22.79,2248.18,23.26,LOW,MOVABLE
26.74,11.51,35.36,127.49,1174.16,61.28,REST_RECOMMENDED,REST_RECOMMENDED
26.01,96.69,19.97,132.11,354.34,73.47,REST_REQUIRED,REST_BEFORE_NEXT_VISIT
30.47,70.35,31.11,61.84,475.79,83.08,REST_REQUIRED,REST_BEFORE_NEXT_VISIT
27.23,46.51,11.88,53.15,819.94,50.96,REST_RECOMMENDED,REST_RECOMMENDED
16.22,113.04,15.66,60.41,955.11,35.0,CAUTION,MOVABLE
20.1,35.78,23.85,71.77,1664.89,24.0,LOW,MOVABLE
25.04,86.98,18.61,116.7,1804.71,68.14,REST_RECOMMENDED,REST_RECOMMENDED
28.59,27.53,25.45,85.0,1099.58,66.0,REST_RECOMMENDED,REST_RECOMMENDED
22.81,69.39,19.72,109.61,1127.07,43.22,CAUTION,REST_RECOMMENDED
24.93,123.75,23.54,98.31,1286.49,64.0,REST_RECOMMENDED,REST_RECOMMENDED
23.99,112.4,13.53,61.45,2001.99,57.12,REST_RECOMMENDED,REST_RECOMMENDED
24.41,78.39,35.15,53.05,835.05,53.32,REST_RECOMMENDED,REST_RECOMMENDED
26.28,26.38,40.95,88.0,361.53,54.53,REST_RECOMMENDED,REST_RECOMMENDED
15.69,138.7,35.39,94.67,1415.28,55.08,REST_RECOMMENDED,REST_RECOMMENDED
30.7,42.13,22.26,105.82,1842.44,78.15,REST_REQUIRED,REST_BEFORE_NEXT_VISIT
20.79,59.85,30.04,79.8,1013.0,34.65,CAUTION,MOVABLE
24.36,54.22,27.12,51.15,1809.31,44.03,CAUTION,REST_RECOMMENDED
30.93,44.43,22.49,29.1,940.97,65.0,REST_RECOMMENDED,REST_RECOMMENDED
20.21,57.58,39.74,52.61,1771.79,28.46,LOW,MOVABLE
19.19,63.23,41.46,87.74,2231.98,38.77,CAUTION,MOVABLE
28.37,126.61,16.41,33.43,595.19,88.75,IMMEDIATE_REST,REST_BEFORE_NEXT_VISIT
21.98,79.21,33.24,41.28,229.41,45.15,CAUTION,REST_RECOMMENDED
26.13,77.58,20.4,103.81,950.64,70.61,REST_REQUIRED,REST_BEFORE_NEXT_VISIT
23.03,88.29,25.65,121.91,1299.15,59.23,REST_RECOMMENDED,REST_RECOMMENDED
30.14,84.78,18.1,88.27,1360.4,79.0,REST_REQUIRED,REST_BEFORE_NEXT_VISIT
19.44,123.16,19.95,32.34,891.65,31.0,CAUTION,MOVABLE
28.98,19.74,41.22,48.17,1490.82,70.13,REST_REQUIRED,REST_BEFORE_NEXT_VISIT
27.65,31.0,28.4,51.7,1838.77,55.63,REST_RECOMMENDED,REST_RECOMMENDED
23.77,4.7,35.13,27.64,719.77,33.92,CAUTION,MOVABLE
15.77,19.38,30.3,77.44,1117.15,22.3,LOW,MOVABLE
20.36,108.49,15.84,137.78,1696.18,42.03,CAUTION,REST_RECOMMENDED
16.8,36.06,17.28,160.63,1644.72,23.28,LOW,MOVABLE
28.14,35.41,8.19,90.24,574.84,70.2,REST_REQUIRED,REST_BEFORE_NEXT_VISIT
27.96,53.69,9.95,64.87,125.99,50.36,REST_RECOMMENDED,REST_RECOMMENDED
33.2,113.57,41.42,35.3,1247.99,92.5,IMMEDIATE_REST,REST_BEFORE_NEXT_VISIT
27.12,73.4,44.99,48.85,214.14,64.75,REST_RECOMMENDED,REST_RECOMMENDED
19.26,64.74,11.0,62.8,582.37,28.37,LOW,MOVABLE
27.78,80.46,21.18,24.42,1595.25,62.98,REST_RECOMMENDED,REST_RECOMMENDED
25.81,114.72,26.89,104.35,1096.6,83.4,REST_REQUIRED,REST_BEFORE_NEXT_VISIT
26.86,94.15,35.99,112.76,1362.56,83.45,REST_REQUIRED,REST_BEFORE_NEXT_VISIT
25.33,36.37,23.09,20.03,567.39,52.76,REST_RECOMMENDED,REST_RECOMMENDED
30.28,108.61,20.67,37.86,1174.09,89.56,IMMEDIATE_REST,REST_BEFORE_NEXT_VISIT
21.41,88.01,7.52,138.81,982.19,37.0,CAUTION,MOVABLE
27.21,127.81,33.4,64.44,420.64,80.93,REST_REQUIRED,REST_BEFORE_NEXT_VISIT
22.95,63.18,14.82,39.54,1670.93,42.22,CAUTION,REST_RECOMMENDED
23.86,49.64,38.79,47.05,1153.25,52.49,REST_RECOMMENDED,REST_RECOMMENDED
23.96,98.6,23.12,119.0,1655.75,67.71,REST_RECOMMENDED,REST_RECOMMENDED
25.16,71.06,13.69,75.32,1037.81,72.02,REST_REQUIRED,REST_BEFORE_NEXT_VISIT
26.08,60.52,31.14,68.38,1701.63,79.44,REST_REQUIRED,REST_BEFORE_NEXT_VISIT
27.19,82.99,37.34,84.58,49.45,69.64,REST_RECOMMENDED,REST_BEFORE_NEXT_VISIT
25.52,135.2,24.54,82.52,894.4,76.36,REST_REQUIRED,REST_BEFORE_NEXT_VISIT
25.39,43.09,49.06,91.06,714.47,68.71,REST_RECOMMENDED,REST_RECOMMENDED
25.51,40.26,28.28,122.17,344.91,62.24,REST_RECOMMENDED,REST_RECOMMENDED
19.27,89.45,12.48,112.49,1513.72,40.85,CAUTION,REST_RECOMMENDED
23.14,53.37,50.61,165.0,156.94,47.36,CAUTION,REST_RECOMMENDED
26.06,72.92,43.63,95.94,830.83,75.35,REST_REQUIRED,REST_BEFORE_NEXT_VISIT
32.77,127.55,48.8,68.35,815.66,94.91,IMMEDIATE_REST,REST_BEFORE_NEXT_VISIT
19.54,31.52,17.47,78.21,1284.05,21.47,LOW,MOVABLE
25.94,75.68,4.21,83.65,849.06,60.97,REST_RECOMMENDED,REST_RECOMMENDED
30.13,13.55,22.45,119.6,2688.33,75.74,REST_REQUIRED,REST_BEFORE_NEXT_VISIT
22.79,63.19,21.64,45.31,319.78,42.68,CAUTION,REST_RECOMMENDED
22.46,41.77,20.65,64.83,1114.72,34.0,CAUTION,MOVABLE
28.41,79.47,27.06,17.16,983.25,76.43,REST_REQUIRED,REST_BEFORE_NEXT_VISIT
28.13,96.46,33.7,48.32,61.26,92.37,IMMEDIATE_REST,REST_BEFORE_NEXT_VISIT
33.16,38.49,46.07,21.54,1562.1,70.65,REST_REQUIRED,REST_BEFORE_NEXT_VISIT
26.28,65.39,17.09,120.2,1404.09,67.0,REST_RECOMMENDED,REST_RECOMMENDED
27.89,58.24,35.47,32.62,370.7,58.03,REST_RECOMMENDED,REST_RECOMMENDED
23.08,107.52,37.28,43.23,944.15,60.87,REST_RECOMMENDED,REST_RECOMMENDED
25.82,113.95,7.13,156.06,1090.02,75.44,REST_REQUIRED,REST_BEFORE_NEXT_VISIT
17.03,54.5,20.76,83.27,1364.79,30.18,CAUTION,MOVABLE
29.92,121.13,4.7,6.73,931.07,80.38,REST_REQUIRED,REST_BEFORE_NEXT_VISIT
23.8,73.81,12.78,1.32,1600.13,46.19,CAUTION,REST_RECOMMENDED
30.89,53.02,32.0,149.95,1148.74,81.32,REST_REQUIRED,REST_BEFORE_NEXT_VISIT
22.7,32.38,27.49,43.6,1886.96,34.6,CAUTION,MOVABLE
22.79,71.66,46.97,72.5,1484.26,51.08,REST_RECOMMENDED,REST_RECOMMENDED
29.65,70.73,34.71,77.3,359.36,85.34,IMMEDIATE_REST,REST_BEFORE_NEXT_VISIT
27.88,150.94,1.5,52.57,1515.8,72.65,REST_REQUIRED,REST_BEFORE_NEXT_VISIT
31.43,124.12,17.42,15.16,1964.03,80.1,REST_REQUIRED,REST_BEFORE_NEXT_VISIT
24.55,109.75,18.18,72.08,583.86,55.0,REST_RECOMMENDED,REST_RECOMMENDED
30.29,104.18,29.25,9.85,750.08,83.22,REST_REQUIRED,REST_BEFORE_NEXT_VISIT
23.29,103.92,23.32,5.86,1010.58,56.03,REST_RECOMMENDED,REST_RECOMMENDED
33.05,30.71,19.33,47.37,861.02,65.71,REST_RECOMMENDED,REST_RECOMMENDED
31.01,88.7,32.13,53.89,68.42,85.59,IMMEDIATE_REST,REST_BEFORE_NEXT_VISIT
24.58,95.17,11.74,84.97,1201.15,63.68,REST_RECOMMENDED,REST_RECOMMENDED
26.69,121.12,19.69,85.61,289.46,74.54,REST_REQUIRED,REST_BEFORE_NEXT_VISIT
23.87,61.44,22.14,116.85,335.23,59.75,REST_RECOMMENDED,REST_RECOMMENDED
20.2,32.65,40.01,88.94,1122.69,32.04,CAUTION,MOVABLE
28.64,113.03,25.72,91.46,291.44,89.0,IMMEDIATE_REST,REST_BEFORE_NEXT_VISIT
23.62,70.76,23.67,22.29,581.24,44.0,CAUTION,REST_RECOMMENDED
26.89,4.69,29.66,97.93,1161.41,61.88,REST_RECOMMENDED,REST_RECOMMENDED
21.82,58.24,36.54,101.62,2668.58,42.05,CAUTION,REST_RECOMMENDED
17.99,99.1,21.98,126.41,1130.09,48.89,CAUTION,REST_RECOMMENDED
27.2,143.59,30.15,29.21,2112.02,77.15,REST_REQUIRED,REST_BEFORE_NEXT_VISIT
25.41,94.9,13.89,27.34,1914.15,74.02,REST_REQUIRED,REST_BEFORE_NEXT_VISIT
25.12,88.05,13.61,65.76,392.02,65.13,REST_RECOMMENDED,REST_RECOMMENDED
29.79,86.12,5.91,56.12,1121.97,73.79,REST_REQUIRED,REST_BEFORE_NEXT_VISIT
28.36,67.42,12.66,92.53,2135.34,89.01,IMMEDIATE_REST,REST_BEFORE_NEXT_VISIT
17.66,84.46,37.32,89.91,1390.15,37.32,CAUTION,MOVABLE
20.39,62.31,21.32,60.39,1681.4,36.35,CAUTION,MOVABLE
21.11,105.28,18.83,67.39,2554.87,50.11,REST_RECOMMENDED,REST_RECOMMENDED
17.6,25.06,25.05,91.91,573.91,19.05,LOW,MOVABLE
23.31,85.1,20.24,162.18,2431.36,61.18,REST_RECOMMENDED,REST_RECOMMENDED
29.14,89.19,57.14,50.88,1658.05,90.26,IMMEDIATE_REST,REST_BEFORE_NEXT_VISIT
23.73,55.8,20.0,115.6,1042.08,50.02,REST_RECOMMENDED,REST_RECOMMENDED
22.69,55.04,10.85,88.53,146.08,28.62,LOW,MOVABLE
23.35,148.2,7.75,101.81,468.13,54.76,REST_RECOMMENDED,REST_RECOMMENDED
26.35,71.86,14.72,65.42,662.38,64.45,REST_RECOMMENDED,REST_RECOMMENDED
30.93,61.77,9.02,141.55,332.57,76.29,REST_REQUIRED,REST_BEFORE_NEXT_VISIT
24.83,9.84,17.0,23.01,1738.83,25.0,LOW,MOVABLE
26.88,120.44,31.13,30.21,576.61,73.0,REST_REQUIRED,REST_BEFORE_NEXT_VISIT
30.7,76.37,6.69,11.2,1158.27,74.01,REST_REQUIRED,REST_BEFORE_NEXT_VISIT
24.16,91.5,20.68,112.12,9.86,60.27,REST_RECOMMENDED,REST_RECOMMENDED
32.57,36.13,49.01,103.12,1255.3,84.59,REST_REQUIRED,REST_BEFORE_NEXT_VISIT
24.23,119.45,43.84,84.25,714.88,64.54,REST_RECOMMENDED,REST_RECOMMENDED
19.12,94.87,9.37,71.78,640.03,36.4,CAUTION,MOVABLE
25.83,115.05,16.82,143.94,331.58,75.47,REST_REQUIRED,REST_BEFORE_NEXT_VISIT
20.87,17.14,36.6,8.28,1346.68,17.6,LOW,MOVABLE
20.27,31.66,22.88,119.12,2010.61,32.33,CAUTION,MOVABLE
28.58,12.23,7.97,57.57,1453.67,57.14,REST_RECOMMENDED,REST_RECOMMENDED
24.9,77.22,16.54,84.01,517.67,48.67,CAUTION,REST_RECOMMENDED
33.74,79.02,12.91,48.9,647.41,77.98,REST_REQUIRED,REST_BEFORE_NEXT_VISIT
19.11,55.48,7.84,77.46,1677.19,18.94,LOW,MOVABLE
20.48,120.91,11.73,33.22,350.6,35.33,CAUTION,MOVABLE
27.17,124.14,17.19,80.83,283.4,68.01,REST_RECOMMENDED,REST_RECOMMENDED
19.29,97.9,8.88,89.23,1111.53,36.71,CAUTION,MOVABLE
26.2,38.03,26.74,105.36,262.44,60.52,REST_RECOMMENDED,REST_RECOMMENDED
20.25,132.28,23.78,97.71,908.17,47.77,CAUTION,REST_RECOMMENDED
31.22,33.73,28.45,39.48,462.15,70.16,REST_REQUIRED,REST_BEFORE_NEXT_VISIT
23.56,43.67,22.12,93.73,1387.18,49.5,CAUTION,REST_RECOMMENDED
22.77,89.46,8.52,125.51,1513.55,43.95,CAUTION,REST_RECOMMENDED
24.01,31.66,30.23,6.51,157.63,36.89,CAUTION,MOVABLE
23.13,61.82,28.88,52.17,1054.68,53.43,REST_RECOMMENDED,REST_RECOMMENDED
19.04,38.18,27.16,130.8,737.81,29.21,LOW,MOVABLE
22.31,87.35,27.62,46.53,1511.67,45.72,CAUTION,REST_RECOMMENDED
17.85,42.13,25.63,44.03,645.91,20.63,LOW,MOVABLE
19.66,45.65,32.4,57.43,1462.78,26.51,LOW,MOVABLE
27.55,95.13,30.81,18.06,487.85,71.15,REST_REQUIRED,REST_BEFORE_NEXT_VISIT
23.97,19.08,53.18,97.38,1642.16,44.44,CAUTION,REST_RECOMMENDED
30.68,128.93,12.16,135.86,219.31,90.69,IMMEDIATE_REST,REST_BEFORE_NEXT_VISIT
19.29,53.41,21.29,44.66,536.1,20.41,LOW,MOVABLE
31.97,58.71,12.42,8.85,825.49,63.12,REST_RECOMMENDED,REST_RECOMMENDED
24.43,106.11,11.08,119.28,388.63,63.09,REST_RECOMMENDED,REST_RECOMMENDED
30.39,44.5,16.13,107.74,1698.21,73.82,REST_REQUIRED,REST_BEFORE_NEXT_VISIT
24.86,97.7,32.11,93.31,853.13,67.29,REST_RECOMMENDED,REST_RECOMMENDED
30.94,166.03,26.72,141.02,939.86,92.0,IMMEDIATE_REST,REST_BEFORE_NEXT_VISIT
29.02,43.41,16.41,101.8,776.28,73.02,REST_REQUIRED,REST_BEFORE_NEXT_VISIT
24.03,66.73,45.3,141.25,394.47,57.43,REST_RECOMMENDED,REST_RECOMMENDED
24.57,97.38,24.83,98.77,975.75,63.4,REST_RECOMMENDED,REST_RECOMMENDED
17.61,107.3,18.73,86.62,1137.24,40.8,CAUTION,REST_RECOMMENDED
27.33,89.53,11.29,148.04,860.65,66.37,REST_RECOMMENDED,REST_RECOMMENDED
22.12,46.06,26.94,105.77,1752.55,39.52,CAUTION,REST_RECOMMENDED
29.6,24.48,7.26,91.79,460.7,63.53,REST_RECOMMENDED,REST_RECOMMENDED
31.39,35.23,7.8,20.9,1937.19,64.92,REST_RECOMMENDED,REST_RECOMMENDED
26.69,135.99,50.46,98.66,1828.97,84.28,REST_REQUIRED,REST_BEFORE_NEXT_VISIT
19.24,17.21,28.61,86.49,824.07,15.92,LOW,MOVABLE
21.88,97.44,23.74,30.49,712.43,45.26,CAUTION,REST_RECOMMENDED
25.17,59.21,23.13,130.06,143.13,57.0,REST_RECOMMENDED,REST_RECOMMENDED
29.73,52.48,4.39,78.79,2028.28,69.53,REST_RECOMMENDED,REST_BEFORE_NEXT_VISIT
25.34,51.07,22.74,106.29,75.26,60.96,REST_RECOMMENDED,REST_RECOMMENDED
27.93,40.19,5.93,81.75,218.32,48.6,CAUTION,REST_RECOMMENDED
21.31,109.79,31.6,142.82,449.72,58.14,REST_RECOMMENDED,REST_RECOMMENDED
21.26,80.01,25.03,44.17,1229.05,44.77,CAUTION,REST_RECOMMENDED
30.09,48.58,26.85,112.39,30.84,77.13,REST_REQUIRED,REST_BEFORE_NEXT_VISIT
23.99,113.99,15.84,86.01,1267.77,61.85,REST_RECOMMENDED,REST_RECOMMENDED
26.97,9.06,47.14,92.26,1546.7,60.57,REST_RECOMMENDED,REST_RECOMMENDED
30.36,55.0,24.28,47.88,652.79,71.54,REST_REQUIRED,REST_BEFORE_NEXT_VISIT
22.98,104.13,6.46,3.18,1841.13,42.77,CAUTION,REST_RECOMMENDED
22.43,121.89,10.68,56.75,1408.91,44.76,CAUTION,REST_RECOMMENDED
20.89,23.13,13.11,75.06,1213.22,15.81,LOW,MOVABLE
24.85,56.35,7.84,59.57,1238.87,33.0,CAUTION,MOVABLE
22.42,70.61,38.25,55.23,761.73,41.34,CAUTION,REST_RECOMMENDED
29.29,34.96,24.83,109.22,568.04,79.93,REST_REQUIRED,REST_BEFORE_NEXT_VISIT
26.82,106.94,25.73,11.42,902.04,69.33,REST_RECOMMENDED,REST_BEFORE_NEXT_VISIT
28.34,79.11,8.14,91.88,1383.87,83.54,REST_REQUIRED,REST_BEFORE_NEXT_VISIT
25.42,56.56,5.06,85.29,163.15,52.71,REST_RECOMMENDED,REST_RECOMMENDED
19.24,19.75,9.69,138.97,1009.26,17.71,LOW,MOVABLE
28.85,84.3,16.37,12.6,1450.26,73.96,REST_REQUIRED,REST_BEFORE_NEXT_VISIT
27.31,59.78,47.44,83.29,1101.31,64.7,REST_RECOMMENDED,REST_RECOMMENDED
23.35,89.06,28.95,63.53,1117.17,53.0,REST_RECOMMENDED,REST_RECOMMENDED
27.03,47.22,17.35,77.46,773.06,54.69,REST_RECOMMENDED,REST_RECOMMENDED
21.07,134.9,30.21,47.41,1624.39,54.54,REST_RECOMMENDED,REST_RECOMMENDED
29.14,33.78,3.55,101.88,1216.69,70.66,REST_REQUIRED,REST_BEFORE_NEXT_VISIT
32.32,31.46,46.37,108.46,1816.88,83.78,REST_REQUIRED,REST_BEFORE_NEXT_VISIT
25.25,26.04,34.79,90.35,627.51,57.52,REST_RECOMMENDED,REST_RECOMMENDED
25.14,32.89,18.78,80.48,825.91,53.0,REST_RECOMMENDED,REST_RECOMMENDED
22.31,146.03,17.83,64.58,820.56,50.44,REST_RECOMMENDED,REST_RECOMMENDED
27.98,75.83,10.91,149.33,1326.11,71.06,REST_REQUIRED,REST_BEFORE_NEXT_VISIT
27.31,43.26,8.32,86.49,1450.66,57.48,REST_RECOMMENDED,REST_RECOMMENDED
26.07,37.31,23.96,20.23,37.89,47.82,CAUTION,REST_RECOMMENDED
33.13,57.37,39.7,39.7,626.25,75.95,REST_REQUIRED,REST_BEFORE_NEXT_VISIT
26.07,48.25,24.5,92.75,1824.34,64.57,REST_RECOMMENDED,REST_RECOMMENDED
21.31,91.13,40.34,102.86,444.9,58.77,REST_RECOMMENDED,REST_RECOMMENDED
30.37,92.32,2.88,99.37,675.01,86.22,IMMEDIATE_REST,REST_BEFORE_NEXT_VISIT
26.59,27.53,28.39,28.9,972.35,44.73,CAUTION,REST_RECOMMENDED
28.88,68.08,28.61,107.72,701.25,88.28,IMMEDIATE_REST,REST_BEFORE_NEXT_VISIT
26.2,94.9,28.98,67.01,1970.89,77.57,REST_REQUIRED,REST_BEFORE_NEXT_VISIT
31.53,104.18,19.53,100.42,85.15,86.31,IMMEDIATE_REST,REST_BEFORE_NEXT_VISIT
27.74,86.92,42.45,76.91,649.26,69.62,REST_RECOMMENDED,REST_BEFORE_NEXT_VISIT
23.57,11.13,15.23,47.8,1807.09,29.72,LOW,MOVABLE
31.77,74.14,22.26,42.21,224.43,79.55,REST_REQUIRED,REST_BEFORE_NEXT_VISIT
27.04,108.35,27.79,11.42,91.31,66.48,REST_RECOMMENDED,REST_RECOMMENDED
26.33,104.73,17.69,39.77,2418.58,68.11,REST_RECOMMENDED,REST_RECOMMENDED
23.31,28.25,6.57,103.95,211.09,27.0,LOW,MOVABLE
18.73,38.04,20.55,56.16,2042.23,23.68,LOW,MOVABLE
22.59,161.41,10.25,47.44,652.55,41.0,CAUTION,REST_RECOMMENDED
21.56,92.5,40.52,98.24,115.07,56.15,REST_RECOMMENDED,REST_RECOMMENDED
24.07,63.62,29.78,54.57,240.94,45.06,CAUTION,REST_RECOMMENDED
26.39,47.49,21.67,104.57,1106.2,62.0,REST_RECOMMENDED,REST_RECOMMENDED
31.25,22.89,29.31,68.89,666.87,67.57,REST_RECOMMENDED,REST_RECOMMENDED
31.12,58.46,37.41,24.86,1610.22,70.0,REST_REQUIRED,REST_BEFORE_NEXT_VISIT
22.13,88.59,14.26,135.16,93.31,39.85,CAUTION,REST_RECOMMENDED
20.11,80.15,39.17,133.45,1125.81,46.97,CAUTION,REST_RECOMMENDED
29.98,66.9,3.07,52.0,1830.73,75.54,REST_REQUIRED,REST_BEFORE_NEXT_VISIT
26.0,67.16,30.23,59.46,467.79,68.64,REST_RECOMMENDED,REST_RECOMMENDED
17.35,57.45,13.64,51.28,1342.39,19.63,LOW,MOVABLE
23.2,56.74,26.87,12.47,561.47,38.25,CAUTION,MOVABLE
33.63,81.99,21.16,38.13,1047.88,85.98,IMMEDIATE_REST,REST_BEFORE_NEXT_VISIT
23.97,9.53,23.73,143.53,666.98,37.0,CAUTION,MOVABLE
28.8,54.48,21.87,47.64,1794.9,70.0,REST_REQUIRED,REST_BEFORE_NEXT_VISIT
16.33,52.32,13.53,98.58,1051.16,27.35,LOW,MOVABLE
24.4,55.5,26.81,62.41,995.09,44.2,CAUTION,REST_RECOMMENDED
17.27,111.75,10.56,82.04,1551.41,38.78,CAUTION,MOVABLE
26.75,94.67,18.51,53.46,1652.07,76.41,REST_REQUIRED,REST_BEFORE_NEXT_VISIT
32.76,107.24,29.8,88.26,1980.73,95.49,IMMEDIATE_REST,REST_BEFORE_NEXT_VISIT
29.56,114.94,34.69,101.57,1207.79,99.68,IMMEDIATE_REST,REST_BEFORE_NEXT_VISIT
24.6,30.69,17.92,81.79,1833.47,41.1,CAUTION,REST_RECOMMENDED
19.81,70.39,30.5,98.74,1349.55,46.69,CAUTION,REST_RECOMMENDED
20.06,59.49,18.88,63.03,776.23,21.85,LOW,MOVABLE
28.58,134.33,24.48,108.34,1016.22,95.0,IMMEDIATE_REST,REST_BEFORE_NEXT_VISIT
30.84,59.23,4.88,89.0,2107.25,73.08,REST_REQUIRED,REST_BEFORE_NEXT_VISIT
30.81,102.79,33.1,103.92,458.11,96.77,IMMEDIATE_REST,REST_BEFORE_NEXT_VISIT
20.69,105.72,17.31,81.79,71.03,33.63,CAUTION,MOVABLE
31.96,63.53,20.95,23.66,868.57,74.0,REST_REQUIRED,REST_BEFORE_NEXT_VISIT
24.42,140.54,12.38,108.49,691.21,64.64,REST_RECOMMENDED,REST_RECOMMENDED
25.86,65.28,5.82,162.13,553.14,62.07,REST_RECOMMENDED,REST_RECOMMENDED
25.81,46.21,24.02,107.49,932.26,64.69,REST_RECOMMENDED,REST_RECOMMENDED
24.46,76.56,20.53,98.64,608.23,57.47,REST_RECOMMENDED,REST_RECOMMENDED
21.91,78.5,37.09,104.52,662.7,50.51,REST_RECOMMENDED,REST_RECOMMENDED
23.77,64.28,42.35,160.14,1890.8,65.01,REST_RECOMMENDED,REST_RECOMMENDED
30.69,82.96,18.61,54.8,1015.93,77.99,REST_REQUIRED,REST_BEFORE_NEXT_VISIT
18.8,92.44,33.02,82.46,711.97,44.91,CAUTION,REST_RECOMMENDED
27.48,52.76,25.62,39.38,842.64,57.22,REST_RECOMMENDED,REST_RECOMMENDED
27.58,36.02,15.46,53.61,218.33,48.67,CAUTION,REST_RECOMMENDED
32.75,139.43,17.0,80.23,1147.63,91.37,IMMEDIATE_REST,REST_BEFORE_NEXT_VISIT
25.4,49.18,37.18,52.29,261.12,55.1,REST_RECOMMENDED,REST_RECOMMENDED
20.39,66.47,31.53,95.19,1721.9,42.08,CAUTION,REST_RECOMMENDED
16.44,42.13,11.08,29.33,1018.3,17.35,LOW,MOVABLE
30.3,90.5,22.03,79.6,110.0,90.27,IMMEDIATE_REST,REST_BEFORE_NEXT_VISIT
26.81,37.7,26.6,37.47,455.89,56.85,REST_RECOMMENDED,REST_RECOMMENDED
23.73,114.95,10.26,42.83,168.88,50.81,REST_RECOMMENDED,REST_RECOMMENDED
19.78,46.82,12.5,60.95,1398.3,24.5,LOW,MOVABLE
31.34,45.22,36.51,75.79,429.09,75.05,REST_REQUIRED,REST_BEFORE_NEXT_VISIT
17.97,120.08,11.98,85.15,335.91,43.35,CAUTION,REST_RECOMMENDED
25.08,55.69,4.69,92.52,826.69,59.02,REST_RECOMMENDED,REST_RECOMMENDED
24.58,130.46,14.48,29.24,2541.9,50.0,REST_RECOMMENDED,REST_RECOMMENDED
30.63,92.65,16.88,80.15,239.25,84.18,REST_REQUIRED,REST_BEFORE_NEXT_VISIT
32.57,124.15,2.6,35.54,1530.8,83.65,REST_REQUIRED,REST_BEFORE_NEXT_VISIT
30.04,101.83,48.38,28.4,556.02,86.87,IMMEDIATE_REST,REST_BEFORE_NEXT_VISIT
19.89,121.87,22.7,9.44,629.29,37.57,CAUTION,MOVABLE
25.14,102.64,14.61,158.21,2185.45,75.0,REST_REQUIRED,REST_BEFORE_NEXT_VISIT
26.46,154.68,35.22,63.33,1753.06,81.39,REST_REQUIRED,REST_BEFORE_NEXT_VISIT
24.91,24.32,35.84,67.77,908.39,39.93,CAUTION,REST_RECOMMENDED
27.21,123.67,4.18,94.53,1425.21,82.4,REST_REQUIRED,REST_BEFORE_NEXT_VISIT
26.84,90.33,49.25,35.93,998.85,73.42,REST_REQUIRED,REST_BEFORE_NEXT_VISIT
21.48,53.8,15.63,23.81,714.81,21.0,LOW,MOVABLE
23.11,70.74,24.63,79.86,795.4,51.01,REST_RECOMMENDED,REST_RECOMMENDED
23.64,46.02,22.37,47.05,1003.62,48.43,CAUTION,REST_RECOMMENDED
23.78,122.05,15.43,102.91,1321.41,65.51,REST_RECOMMENDED,REST_RECOMMENDED
22.24,67.26,27.64,32.35,185.7,38.49,CAUTION,MOVABLE
29.5,74.94,46.53,40.37,1269.81,83.08,REST_REQUIRED,REST_BEFORE_NEXT_VISIT
18.84,35.67,29.08,83.33,148.68,21.12,LOW,MOVABLE
32.33,42.85,36.64,73.97,1825.6,78.8,REST_REQUIRED,REST_BEFORE_NEXT_VISIT
19.95,58.72,10.43,70.72,691.45,18.61,LOW,MOVABLE
27.18,25.98,46.18,164.61,188.87,56.34,REST_RECOMMENDED,REST_RECOMMENDED
25.84,31.92,28.23,86.58,1545.28,63.8,REST_RECOMMENDED,REST_RECOMMENDED
31.06,47.11,13.73,116.33,1191.57,73.0,REST_REQUIRED,REST_BEFORE_NEXT_VISIT
27.04,61.97,10.2,81.61,847.9,62.35,REST_RECOMMENDED,REST_RECOMMENDED
27.16,46.25,3.01,88.04,1407.5,57.05,REST_RECOMMENDED,REST_RECOMMENDED
23.86,25.38,8.55,48.14,1055.62,33.04,CAUTION,MOVABLE
22.07,73.11,4.64,95.96,749.82,39.41,CAUTION,REST_RECOMMENDED
28.63,47.6,3.55,57.72,2085.86,69.85,REST_RECOMMENDED,REST_BEFORE_NEXT_VISIT
31.82,98.87,10.18,47.08,483.11,81.68,REST_REQUIRED,REST_BEFORE_NEXT_VISIT
31.11,96.11,25.02,30.98,2274.65,87.0,IMMEDIATE_REST,REST_BEFORE_NEXT_VISIT
24.12,62.71,15.64,77.38,531.96,52.65,REST_RECOMMENDED,REST_RECOMMENDED
32.41,86.16,16.2,78.98,2290.18,82.09,REST_REQUIRED,REST_BEFORE_NEXT_VISIT
29.12,83.03,34.79,29.75,1461.42,82.34,REST_REQUIRED,REST_BEFORE_NEXT_VISIT
23.07,28.84,12.3,165.32,326.86,34.54,CAUTION,MOVABLE
28.87,39.33,49.63,87.56,1170.12,77.0,REST_REQUIRED,REST_BEFORE_NEXT_VISIT
19.04,116.91,28.06,30.39,1543.75,38.01,CAUTION,MOVABLE
32.47,64.45,8.95,67.43,421.7,78.23,REST_REQUIRED,REST_BEFORE_NEXT_VISIT
33.81,84.71,9.75,37.63,901.65,75.63,REST_REQUIRED,REST_BEFORE_NEXT_VISIT
33.17,67.79,47.58,84.18,917.1,84.08,REST_REQUIRED,REST_BEFORE_NEXT_VISIT
24.77,13.67,26.5,157.11,821.69,41.11,CAUTION,REST_RECOMMENDED
19.99,63.33,19.39,161.41,890.28,34.2,CAUTION,MOVABLE
19.98,25.33,10.13,60.96,896.51,10.0,LOW,MOVABLE
26.16,70.25,19.51,21.77,295.05,55.99,REST_RECOMMENDED,REST_RECOMMENDED
28.24,67.99,7.51,61.58,1171.4,77.4,REST_REQUIRED,REST_BEFORE_NEXT_VISIT
23.78,58.62,18.52,100.09,799.38,45.37,CAUTION,REST_RECOMMENDED
23.87,80.66,25.0,33.98,386.69,49.81,CAUTION,REST_RECOMMENDED
23.49,118.64,18.7,92.71,664.48,59.62,REST_RECOMMENDED,REST_RECOMMENDED
25.15,118.97,12.8,74.55,806.28,71.12,REST_REQUIRED,REST_BEFORE_NEXT_VISIT
27.54,90.94,37.7,24.13,1668.96,78.81,REST_REQUIRED,REST_BEFORE_NEXT_VISIT
20.52,66.42,19.39,60.04,2107.51,29.0,LOW,MOVABLE
27.59,85.78,1.12,20.68,1606.72,54.22,REST_RECOMMENDED,REST_RECOMMENDED
29.8,90.38,25.0,12.46,904.77,82.88,REST_REQUIRED,REST_BEFORE_NEXT_VISIT
29.92,77.59,12.34,3.61,839.65,73.79,REST_REQUIRED,REST_BEFORE_NEXT_VISIT
22.46,50.95,22.37,103.65,485.42,37.12,CAUTION,MOVABLE
29.46,24.84,37.36,80.24,908.37,68.95,REST_RECOMMENDED,REST_RECOMMENDED
28.8,82.36,3.61,29.62,493.7,67.01,REST_RECOMMENDED,REST_RECOMMENDED
25.24,22.87,8.59,128.79,849.65,49.51,CAUTION,REST_RECOMMENDED
25.33,163.72,13.05,44.65,1834.32,75.96,REST_REQUIRED,REST_BEFORE_NEXT_VISIT
29.37,46.43,19.72,37.4,1023.04,73.01,REST_REQUIRED,REST_BEFORE_NEXT_VISIT
30.29,133.73,24.42,100.35,704.23,92.0,IMMEDIATE_REST,REST_BEFORE_NEXT_VISIT
16.46,91.69,34.05,65.45,192.25,42.05,CAUTION,REST_RECOMMENDED
28.04,37.43,40.38,56.3,1225.36,74.0,REST_REQUIRED,REST_BEFORE_NEXT_VISIT
27.17,101.37,3.96,76.46,1907.09,72.81,REST_REQUIRED,REST_BEFORE_NEXT_VISIT
28.79,55.86,15.69,138.41,611.67,76.03,REST_REQUIRED,REST_BEFORE_NEXT_VISIT
29.56,39.62,17.48,17.39,835.08,66.75,REST_RECOMMENDED,REST_RECOMMENDED
18.98,51.05,17.03,83.13,457.96,25.05,LOW,MOVABLE
17.14,58.55,39.96,81.15,1457.96,31.53,CAUTION,MOVABLE
16.66,39.18,40.84,28.96,1629.57,23.05,LOW,MOVABLE
18.57,87.6,17.28,21.56,1905.48,22.0,LOW,MOVABLE
32.78,76.02,42.11,24.32,1186.68,83.7,REST_REQUIRED,REST_BEFORE_NEXT_VISIT
28.91,4.51,39.99,41.23,505.53,67.87,REST_RECOMMENDED,REST_RECOMMENDED
29.65,14.03,24.98,42.69,1096.43,70.25,REST_REQUIRED,REST_BEFORE_NEXT_VISIT
27.3,69.49,19.36,92.46,212.93,69.45,REST_RECOMMENDED,REST_BEFORE_NEXT_VISIT
24.89,9.21,11.13,105.12,1248.72,38.14,CAUTION,MOVABLE
26.28,142.28,30.56,97.81,1929.96,82.77,REST_REQUIRED,REST_BEFORE_NEXT_VISIT
29.25,68.51,21.64,21.47,122.2,71.0,REST_REQUIRED,REST_BEFORE_NEXT_VISIT
20.3,29.08,28.12,45.12,262.79,13.73,LOW,MOVABLE
23.03,79.44,36.57,76.64,1323.86,56.98,REST_RECOMMENDED,REST_RECOMMENDED
21.67,9.32,15.8,103.02,389.59,23.51,LOW,MOVABLE
26.35,31.02,19.97,126.79,535.99,56.0,REST_RECOMMENDED,REST_RECOMMENDED
21.36,98.53,16.5,88.95,1273.75,57.03,REST_RECOMMENDED,REST_RECOMMENDED
15.94,15.58,16.45,137.37,229.65,14.48,LOW,MOVABLE
25.09,35.82,16.64,12.68,374.55,48.91,CAUTION,REST_RECOMMENDED
27.49,107.74,13.45,70.15,707.96,74.39,REST_REQUIRED,REST_BEFORE_NEXT_VISIT
25.61,147.11,16.2,111.28,2196.04,76.09,REST_REQUIRED,REST_BEFORE_NEXT_VISIT
19.93,72.08,48.21,10.33,2063.35,35.58,CAUTION,MOVABLE
27.16,53.46,23.92,71.55,1037.22,61.55,REST_RECOMMENDED,REST_RECOMMENDED
23.21,78.49,25.21,99.93,480.93,56.56,REST_RECOMMENDED,REST_RECOMMENDED
20.2,73.79,54.84,44.73,785.38,42.07,CAUTION,REST_RECOMMENDED
31.71,85.75,25.05,33.54,1233.08,80.04,REST_REQUIRED,REST_BEFORE_NEXT_VISIT
20.78,79.33,27.75,62.49,569.43,35.76,CAUTION,MOVABLE
22.84,105.83,20.53,64.24,831.46,58.89,REST_RECOMMENDED,REST_RECOMMENDED
25.19,94.69,21.84,153.4,623.45,79.1,REST_REQUIRED,REST_BEFORE_NEXT_VISIT
25.88,48.53,2.93,25.24,852.76,44.19,CAUTION,REST_RECOMMENDED
32.27,34.98,8.58,41.17,627.46,64.25,REST_RECOMMENDED,REST_RECOMMENDED
23.01,62.18,12.6,77.15,442.17,46.31,CAUTION,REST_RECOMMENDED
25.18,98.11,48.27,127.74,769.89,88.24,IMMEDIATE_REST,REST_BEFORE_NEXT_VISIT
23.87,35.89,23.47,87.01,541.18,45.74,CAUTION,REST_RECOMMENDED
28.14,71.02,5.85,120.65,1492.43,84.27,REST_REQUIRED,REST_BEFORE_NEXT_VISIT
27.48,36.38,24.7,85.22,1226.89,62.49,REST_RECOMMENDED,REST_RECOMMENDED
22.07,60.79,9.62,92.76,1254.12,42.39,CAUTION,REST_RECOMMENDED
27.0,48.73,15.81,60.37,858.72,54.7,REST_RECOMMENDED,REST_RECOMMENDED
30.92,37.82,21.06,88.62,1546.38,83.59,REST_REQUIRED,REST_BEFORE_NEXT_VISIT
25.57,89.64,27.9,116.29,1467.81,73.94,REST_REQUIRED,REST_BEFORE_NEXT_VISIT
16.43,26.96,36.09,30.53,561.76,13.0,LOW,MOVABLE
27.59,119.54,4.93,52.32,795.96,66.26,REST_RECOMMENDED,REST_RECOMMENDED
27.29,28.68,15.02,152.93,829.18,53.09,REST_RECOMMENDED,REST_RECOMMENDED
28.44,116.11,20.31,135.25,1792.37,97.51,IMMEDIATE_REST,REST_BEFORE_NEXT_VISIT
29.98,79.47,16.85,91.35,1282.81,90.05,IMMEDIATE_REST,REST_BEFORE_NEXT_VISIT
27.94,79.31,43.63,102.64,710.6,72.0,REST_REQUIRED,REST_BEFORE_NEXT_VISIT
26.33,80.45,17.95,50.28,1066.35,60.0,REST_RECOMMENDED,REST_RECOMMENDED
20.36,49.29,32.33,27.23,1019.78,22.3,LOW,MOVABLE
21.64,17.17,40.68,33.92,247.57,20.0,LOW,MOVABLE
25.09,88.84,9.31,112.98,156.17,65.64,REST_RECOMMENDED,REST_RECOMMENDED
17.78,56.28,20.72,23.08,1044.99,20.74,LOW,MOVABLE
30.16,71.53,15.84,20.64,1373.86,72.0,REST_REQUIRED,REST_BEFORE_NEXT_VISIT
20.84,109.72,22.38,111.03,792.17,48.0,CAUTION,REST_RECOMMENDED
16.94,98.71,46.24,47.18,315.15,43.31,CAUTION,REST_RECOMMENDED
30.67,111.2,53.8,40.81,441.11,91.17,IMMEDIATE_REST,REST_BEFORE_NEXT_VISIT
20.07,121.41,12.9,100.24,1295.23,40.0,CAUTION,REST_RECOMMENDED
21.98,71.69,27.39,61.38,136.46,38.89,CAUTION,MOVABLE
29.63,37.96,10.93,116.18,1373.94,73.0,REST_REQUIRED,REST_BEFORE_NEXT_VISIT
30.69,26.87,28.52,72.82,372.63,66.54,REST_RECOMMENDED,REST_RECOMMENDED
28.01,73.51,11.06,81.09,417.61,81.22,REST_REQUIRED,REST_BEFORE_NEXT_VISIT
25.76,92.71,18.92,74.48,400.0,73.22,REST_REQUIRED,REST_BEFORE_NEXT_VISIT
19.87,59.82,15.28,98.3,212.37,19.64,LOW,MOVABLE
31.14,100.93,21.36,47.46,1579.61,95.2,IMMEDIATE_REST,REST_BEFORE_NEXT_VISIT
22.08,42.48,21.3,67.77,1744.25,37.84,CAUTION,MOVABLE
27.86,31.87,2.83,50.15,1286.93,48.68,CAUTION,REST_RECOMMENDED
27.32,21.68,33.62,73.44,1921.63,54.75,REST_RECOMMENDED,REST_RECOMMENDED
25.81,31.96,37.41,100.6,1769.33,70.68,REST_REQUIRED,REST_BEFORE_NEXT_VISIT
32.64,74.74,32.61,45.8,1525.19,86.14,IMMEDIATE_REST,REST_BEFORE_NEXT_VISIT
29.76,43.21,9.39,130.16,225.5,67.19,REST_RECOMMENDED,REST_RECOMMENDED
31.32,76.3,22.51,116.56,858.24,89.65,IMMEDIATE_REST,REST_BEFORE_NEXT_VISIT
32.77,105.44,26.0,11.1,103.79,82.88,REST_REQUIRED,REST_BEFORE_NEXT_VISIT
21.87,96.05,25.08,126.4,840.61,53.45,REST_RECOMMENDED,REST_RECOMMENDED
26.9,34.26,51.57,129.41,1488.0,65.14,REST_RECOMMENDED,REST_RECOMMENDED
22.7,29.45,38.82,42.89,609.48,25.58,LOW,MOVABLE
21.48,71.96,19.08,89.66,525.42,38.76,CAUTION,MOVABLE
20.81,82.49,40.92,75.71,416.54,34.8,CAUTION,MOVABLE
26.43,68.99,18.3,91.08,789.69,65.0,REST_RECOMMENDED,REST_RECOMMENDED
27.48,111.04,11.37,114.35,2243.59,79.09,REST_REQUIRED,REST_BEFORE_NEXT_VISIT
28.04,66.99,29.96,129.41,371.49,87.99,IMMEDIATE_REST,REST_BEFORE_NEXT_VISIT
28.73,121.54,15.49,54.56,1542.71,85.05,IMMEDIATE_REST,REST_BEFORE_NEXT_VISIT
30.8,122.73,15.73,110.48,225.4,92.54,IMMEDIATE_REST,REST_BEFORE_NEXT_VISIT
19.7,76.84,23.62,106.67,1605.26,37.79,CAUTION,MOVABLE
33.45,98.75,18.17,150.57,1837.31,95.64,IMMEDIATE_REST,REST_BEFORE_NEXT_VISIT
21.63,61.51,28.19,65.11,1457.95,46.37,CAUTION,REST_RECOMMENDED
28.34,98.93,49.71,107.16,1934.38,97.0,IMMEDIATE_REST,REST_BEFORE_NEXT_VISIT
24.97,109.95,35.92,151.15,1153.57,67.68,REST_RECOMMENDED,REST_RECOMMENDED
17.02,82.36,13.61,95.52,1437.34,32.07,CAUTION,MOVABLE
31.66,74.3,38.21,143.69,1994.53,90.67,IMMEDIATE_REST,REST_BEFORE_NEXT_VISIT
30.88,36.07,18.7,84.57,340.33,71.33,REST_REQUIRED,REST_BEFORE_NEXT_VISIT
25.86,51.62,28.43,114.11,1278.49,62.0,REST_RECOMMENDED,REST_RECOMMENDED
32.93,104.91,33.71,154.22,134.98,98.67,IMMEDIATE_REST,REST_BEFORE_NEXT_VISIT
25.1,54.16,16.8,114.94,20.16,57.25,REST_RECOMMENDED,REST_RECOMMENDED
27.66,54.89,42.82,55.45,946.78,59.79,REST_RECOMMENDED,REST_RECOMMENDED
24.71,62.78,39.53,48.47,883.81,50.0,REST_RECOMMENDED,REST_RECOMMENDED
28.59,122.8,15.94,126.5,1322.76,97.57,IMMEDIATE_REST,REST_BEFORE_NEXT_VISIT
29.53,65.66,27.46,94.4,178.36,87.96,IMMEDIATE_REST,REST_BEFORE_NEXT_VISIT
30.87,97.21,7.39,99.47,1486.22,87.08,IMMEDIATE_REST,REST_BEFORE_NEXT_VISIT
25.94,96.11,19.92,143.7,1132.62,81.69,REST_REQUIRED,REST_BEFORE_NEXT_VISIT
22.41,134.6,39.21,50.91,751.08,51.29,REST_RECOMMENDED,REST_RECOMMENDED
34.37,88.54,18.29,108.94,1717.51,87.01,IMMEDIATE_REST,REST_BEFORE_NEXT_VISIT
31.67,82.85,14.03,1.23,965.47,70.0,REST_REQUIRED,REST_BEFORE_NEXT_VISIT
33.73,23.6,26.09,95.05,1549.49,72.79,REST_REQUIRED,REST_BEFORE_NEXT_VISIT
17.18,88.87,13.43,147.6,1212.75,32.0,CAUTION,MOVABLE
25.9,85.72,25.53,50.1,203.79,63.34,REST_RECOMMENDED,REST_RECOMMENDED
25.06,91.75,26.65,89.73,127.59,71.0,REST_REQUIRED,REST_BEFORE_NEXT_VISIT
31.7,77.48,24.23,100.55,579.98,90.01,IMMEDIATE_REST,REST_BEFORE_NEXT_VISIT
29.31,110.78,8.31,41.39,1136.02,86.11,IMMEDIATE_REST,REST_BEFORE_NEXT_VISIT
27.71,32.98,5.64,73.19,38.1,52.68,REST_RECOMMENDED,REST_RECOMMENDED
25.02,93.07,6.86,47.14,1331.24,66.4,REST_RECOMMENDED,REST_RECOMMENDED
23.43,123.35,21.32,83.63,1044.33,63.88,REST_RECOMMENDED,REST_RECOMMENDED
20.67,52.04,54.67,66.86,440.82,26.41,LOW,MOVABLE
21.82,16.07,28.42,26.39,1381.36,22.28,LOW,MOVABLE
25.58,22.62,15.35,89.89,1476.37,47.0,CAUTION,REST_RECOMMENDED
27.58,44.55,29.63,80.33,1233.31,60.25,REST_RECOMMENDED,REST_RECOMMENDED
23.72,65.59,19.05,83.6,146.38,50.83,REST_RECOMMENDED,REST_RECOMMENDED
32.37,97.88,37.11,74.12,1479.48,100.0,IMMEDIATE_REST,REST_BEFORE_NEXT_VISIT
27.52,28.3,10.94,36.27,297.12,40.22,CAUTION,REST_RECOMMENDED
18.45,81.18,31.51,83.98,1198.47,42.04,CAUTION,REST_RECOMMENDED
30.81,69.85,6.14,21.2,2486.62,70.81,REST_REQUIRED,REST_BEFORE_NEXT_VISIT
28.27,34.43,49.11,103.02,482.08,84.16,REST_REQUIRED,REST_BEFORE_NEXT_VISIT
27.73,61.97,18.88,103.43,1402.62,72.36,REST_REQUIRED,REST_BEFORE_NEXT_VISIT
26.42,83.69,45.67,124.36,655.96,72.0,REST_REQUIRED,REST_BEFORE_NEXT_VISIT
25.18,24.83,18.67,71.15,1711.78,47.81,CAUTION,REST_RECOMMENDED
24.35,44.54,8.59,137.68,490.45,42.51,CAUTION,REST_RECOMMENDED
30.34,44.95,15.53,92.62,916.38,75.64,REST_REQUIRED,REST_BEFORE_NEXT_VISIT
21.27,39.12,14.04,71.75,273.26,30.27,CAUTION,MOVABLE
26.92,53.9,20.95,73.62,810.82,62.98,REST_RECOMMENDED,REST_RECOMMENDED
26.21,45.96,32.98,14.58,896.47,59.67,REST_RECOMMENDED,REST_RECOMMENDED
25.21,78.21,35.95,16.63,391.21,61.0,REST_RECOMMENDED,REST_RECOMMENDED
29.2,47.81,10.37,106.85,879.62,74.26,REST_REQUIRED,REST_BEFORE_NEXT_VISIT
32.48,85.56,26.91,35.11,491.16,76.43,REST_REQUIRED,REST_BEFORE_NEXT_VISIT
22.0,75.91,9.36,135.6,1644.18,42.61,CAUTION,REST_RECOMMENDED
21.99,90.68,11.55,102.48,1226.9,50.29,REST_RECOMMENDED,REST_RECOMMENDED
22.28,25.22,42.41,31.7,533.97,25.33,LOW,MOVABLE
18.09,69.46,19.38,101.93,1019.99,37.59,CAUTION,MOVABLE
25.95,11.14,19.71,131.65,65.73,45.0,CAUTION,REST_RECOMMENDED
24.74,110.35,22.47,71.61,1546.21,65.45,REST_RECOMMENDED,REST_RECOMMENDED
28.65,93.42,38.4,84.48,1150.9,98.4,IMMEDIATE_REST,REST_BEFORE_NEXT_VISIT
29.38,53.13,7.7,173.29,1074.65,73.76,REST_REQUIRED,REST_BEFORE_NEXT_VISIT
23.01,104.57,35.78,166.05,860.02,70.58,REST_REQUIRED,REST_BEFORE_NEXT_VISIT
25.56,81.61,32.24,63.68,324.03,69.01,REST_RECOMMENDED,REST_BEFORE_NEXT_VISIT
26.16,83.63,10.72,78.15,441.54,61.02,REST_RECOMMENDED,REST_RECOMMENDED
29.99,87.46,18.73,120.44,156.49,82.2,REST_REQUIRED,REST_BEFORE_NEXT_VISIT
21.57,129.12,49.1,95.47,1217.01,61.3,REST_RECOMMENDED,REST_RECOMMENDED
26.12,50.57,25.09,10.24,1233.1,54.57,REST_RECOMMENDED,REST_RECOMMENDED
18.06,111.94,8.41,63.86,2049.97,39.36,CAUTION,REST_RECOMMENDED
18.43,39.7,33.21,125.25,652.44,28.0,LOW,MOVABLE
18.69,71.57,5.71,52.2,923.84,27.25,LOW,MOVABLE
26.0,92.23,4.33,91.4,684.78,70.15,REST_REQUIRED,REST_BEFORE_NEXT_VISIT
20.48,15.65,23.78,35.52,412.62,9.0,LOW,MOVABLE
19.52,138.45,39.19,65.67,2391.11,46.89,CAUTION,REST_RECOMMENDED
22.18,88.76,21.97,126.86,1683.37,46.0,CAUTION,REST_RECOMMENDED
26.21,16.91,33.54,35.13,1607.45,50.5,REST_RECOMMENDED,REST_RECOMMENDED
31.81,87.52,18.72,81.19,765.64,79.54,REST_REQUIRED,REST_BEFORE_NEXT_VISIT
27.57,104.69,7.77,115.81,1520.43,72.0,REST_REQUIRED,REST_BEFORE_NEXT_VISIT
20.69,28.7,45.82,23.42,482.32,11.61,LOW,MOVABLE
18.45,164.37,45.49,103.21,2324.44,49.1,CAUTION,REST_RECOMMENDED
15.91,44.54,20.04,40.38,719.21,26.34,LOW,MOVABLE
27.64,65.76,13.65,112.88,1742.95,72.9,REST_REQUIRED,REST_BEFORE_NEXT_VISIT
19.87,61.01,24.05,86.07,1816.01,37.78,CAUTION,MOVABLE
28.61,49.34,19.16,57.79,789.61,64.0,REST_RECOMMENDED,REST_RECOMMENDED
32.21,24.67,26.6,70.03,137.38,62.06,REST_RECOMMENDED,REST_RECOMMENDED
33.48,5.45,41.73,145.72,458.89,75.64,REST_REQUIRED,REST_BEFORE_NEXT_VISIT
26.3,40.41,43.62,96.91,1795.07,68.3,REST_RECOMMENDED,REST_RECOMMENDED
31.08,104.11,17.31,75.41,527.23,88.61,IMMEDIATE_REST,REST_BEFORE_NEXT_VISIT
20.03,123.9,16.33,16.15,904.51,31.51,CAUTION,MOVABLE
29.18,18.36,29.0,72.4,908.13,65.79,REST_RECOMMENDED,REST_RECOMMENDED
24.88,9.36,7.61,30.85,759.72,26.77,LOW,MOVABLE
18.0,9.03,36.81,35.58,222.51,13.42,LOW,MOVABLE
24.24,50.41,17.21,66.33,747.6,38.0,CAUTION,MOVABLE
29.16,89.67,50.44,135.09,2347.34,90.79,IMMEDIATE_REST,REST_BEFORE_NEXT_VISIT
21.04,33.66,1.0,97.8,309.91,27.44,LOW,MOVABLE
25.81,96.28,34.97,65.27,398.55,78.11,REST_REQUIRED,REST_BEFORE_NEXT_VISIT
27.21,80.07,26.05,118.07,1244.91,81.31,REST_REQUIRED,REST_BEFORE_NEXT_VISIT
19.76,54.27,25.59,16.08,1609.3,19.68,LOW,MOVABLE
18.54,117.59,33.26,133.3,467.05,52.9,REST_RECOMMENDED,REST_RECOMMENDED
27.39,110.56,20.66,116.45,349.1,76.24,REST_REQUIRED,REST_BEFORE_NEXT_VISIT
22.84,50.42,41.69,39.65,2203.06,34.36,CAUTION,MOVABLE
27.95,112.78,13.95,82.17,671.59,70.0,REST_REQUIRED,REST_BEFORE_NEXT_VISIT
27.44,62.42,31.48,119.88,1422.04,76.06,REST_REQUIRED,REST_BEFORE_NEXT_VISIT
27.08,64.97,23.38,84.49,1520.12,72.67,REST_REQUIRED,REST_BEFORE_NEXT_VISIT
20.14,98.3,51.68,51.75,582.78,39.06,CAUTION,REST_RECOMMENDED
19.81,83.62,42.5,106.47,460.3,36.0,CAUTION,MOVABLE
29.28,42.0,32.55,114.04,1969.93,82.79,REST_REQUIRED,REST_BEFORE_NEXT_VISIT
31.44,87.44,42.04,74.39,858.38,87.24,IMMEDIATE_REST,REST_BEFORE_NEXT_VISIT
29.22,57.24,2.27,39.95,1886.17,72.19,REST_REQUIRED,REST_BEFORE_NEXT_VISIT
29.96,83.7,14.01,25.07,1581.95,72.0,REST_REQUIRED,REST_BEFORE_NEXT_VISIT
30.76,98.66,13.81,68.97,637.12,85.0,IMMEDIATE_REST,REST_BEFORE_NEXT_VISIT
21.83,16.56,20.51,155.64,1217.58,31.41,CAUTION,MOVABLE
31.03,106.15,36.66,111.79,622.07,96.37,IMMEDIATE_REST,REST_BEFORE_NEXT_VISIT
24.57,77.4,46.61,9.92,110.03,46.52,CAUTION,REST_RECOMMENDED
25.75,49.98,9.11,131.15,720.26,57.37,REST_RECOMMENDED,REST_RECOMMENDED
22.96,5.56,9.98,39.17,1081.34,15.24,LOW,MOVABLE
26.49,7.61,14.97,26.8,612.77,38.51,CAUTION,MOVABLE
27.93,138.42,24.17,50.8,699.56,70.1,REST_REQUIRED,REST_BEFORE_NEXT_VISIT
30.28,36.72,22.83,59.95,485.53,67.0,REST_RECOMMENDED,REST_RECOMMENDED
23.26,87.37,2.07,170.17,1669.8,49.0,CAUTION,REST_RECOMMENDED
29.62,121.07,29.48,68.65,1526.26,91.0,IMMEDIATE_REST,REST_BEFORE_NEXT_VISIT
28.13,132.04,8.61,8.94,203.1,78.03,REST_REQUIRED,REST_BEFORE_NEXT_VISIT
33.6,132.6,10.82,138.59,152.84,92.43,IMMEDIATE_REST,REST_BEFORE_NEXT_VISIT
27.27,114.23,5.6,90.88,724.51,73.44,REST_REQUIRED,REST_BEFORE_NEXT_VISIT
32.5,38.99,45.32,94.94,675.96,84.92,REST_REQUIRED,REST_BEFORE_NEXT_VISIT
18.8,26.55,43.18,24.9,977.46,10.0,LOW,MOVABLE
18.99,40.35,19.61,30.99,1069.4,20.21,LOW,MOVABLE
31.8,19.97,35.33,15.1,421.16,60.68,REST_RECOMMENDED,REST_RECOMMENDED
21.91,12.45,31.19,13.38,881.45,20.13,LOW,MOVABLE
27.45,118.34,35.4,98.02,894.78,81.14,REST_REQUIRED,REST_BEFORE_NEXT_VISIT
29.61,29.63,21.37,77.56,412.89,63.93,REST_RECOMMENDED,REST_RECOMMENDED
29.18,25.85,30.8,139.02,511.63,70.45,REST_REQUIRED,REST_BEFORE_NEXT_VISIT
29.3,114.47,43.43,56.56,541.09,88.0,IMMEDIATE_REST,REST_BEFORE_NEXT_VISIT
32.41,56.01,14.41,42.81,531.85,69.93,REST_RECOMMENDED,REST_BEFORE_NEXT_VISIT
23.45,120.36,32.41,75.41,1963.83,65.31,REST_RECOMMENDED,REST_RECOMMENDED
29.56,95.47,9.91,130.07,544.62,88.44,IMMEDIATE_REST,REST_BEFORE_NEXT_VISIT
21.35,96.71,15.61,138.69,1153.48,54.6,REST_RECOMMENDED,REST_RECOMMENDED
25.41,48.11,33.14,122.13,1761.51,66.91,REST_RECOMMENDED,REST_RECOMMENDED
27.57,62.83,17.5,116.16,656.54,69.13,REST_RECOMMENDED,REST_BEFORE_NEXT_VISIT
24.04,91.53,28.81,61.9,375.9,58.52,REST_RECOMMENDED,REST_RECOMMENDED
23.05,86.57,22.22,101.43,511.38,56.7,REST_RECOMMENDED,REST_RECOMMENDED
28.84,25.75,9.37,134.43,205.85,60.92,REST_RECOMMENDED,REST_RECOMMENDED
23.21,100.6,49.83,128.2,395.39,68.31,REST_RECOMMENDED,REST_RECOMMENDED
31.24,72.98,10.94,57.74,1173.62,77.41,REST_REQUIRED,REST_BEFORE_NEXT_VISIT
28.58,166.95,25.38,38.78,1030.13,91.71,IMMEDIATE_REST,REST_BEFORE_NEXT_VISIT
29.52,71.51,35.78,18.93,861.61,78.73,REST_REQUIRED,REST_BEFORE_NEXT_VISIT
23.05,42.12,23.13,64.9,2495.12,46.36,CAUTION,REST_RECOMMENDED
18.52,30.73,24.14,33.05,1148.6,21.79,LOW,MOVABLE
25.45,121.0,27.04,45.63,1300.99,77.25,REST_REQUIRED,REST_BEFORE_NEXT_VISIT
26.62,103.06,21.78,106.19,219.27,74.0,REST_REQUIRED,REST_BEFORE_NEXT_VISIT
23.07,132.1,33.62,131.1,1547.37,69.81,REST_RECOMMENDED,REST_BEFORE_NEXT_VISIT
27.08,44.8,29.95,49.06,911.73,57.66,REST_RECOMMENDED,REST_RECOMMENDED
29.72,123.12,26.16,19.61,216.72,79.0,REST_REQUIRED,REST_BEFORE_NEXT_VISIT
30.11,43.71,29.84,120.42,409.32,79.89,REST_REQUIRED,REST_BEFORE_NEXT_VISIT
34.28,82.82,5.27,28.1,1404.94,74.2,REST_REQUIRED,REST_BEFORE_NEXT_VISIT
24.04,33.46,9.38,17.09,672.73,30.78,CAUTION,MOVABLE
26.71,80.02,15.27,95.96,1139.09,77.41,REST_REQUIRED,REST_BEFORE_NEXT_VISIT
25.01,74.21,29.34,126.04,46.5,66.17,REST_RECOMMENDED,REST_RECOMMENDED
20.52,173.9,33.12,50.02,868.53,42.29,CAUTION,REST_RECOMMENDED
25.0,70.59,37.91,105.15,1430.01,77.37,REST_REQUIRED,REST_BEFORE_NEXT_VISIT
16.43,39.68,22.74,109.44,762.45,26.3,LOW,MOVABLE
31.41,84.86,33.55,71.48,841.61,87.11,IMMEDIATE_REST,REST_BEFORE_NEXT_VISIT
22.03,80.05,29.72,137.24,850.67,53.91,REST_RECOMMENDED,REST_RECOMMENDED
26.76,93.76,39.09,161.4,1051.44,84.52,REST_REQUIRED,REST_BEFORE_NEXT_VISIT
21.48,117.98,17.69,97.37,1044.19,52.15,REST_RECOMMENDED,REST_RECOMMENDED
25.41,35.08,7.62,8.24,1270.62,45.32,CAUTION,REST_RECOMMENDED
25.56,10.43,55.5,98.92,918.14,58.78,REST_RECOMMENDED,REST_RECOMMENDED
25.73,69.58,41.65,160.54,2172.03,75.77,REST_REQUIRED,REST_BEFORE_NEXT_VISIT
19.61,125.8,19.84,152.04,497.57,37.23,CAUTION,MOVABLE
19.63,61.04,3.29,133.41,1008.41,30.66,CAUTION,MOVABLE
29.96,45.32,29.04,52.79,2073.09,76.36,REST_REQUIRED,REST_BEFORE_NEXT_VISIT
22.47,43.03,2.7,127.16,1307.66,30.0,CAUTION,MOVABLE
25.31,123.45,43.43,46.95,895.14,76.65,REST_REQUIRED,REST_BEFORE_NEXT_VISIT
30.32,75.75,4.9,53.99,343.61,69.0,REST_RECOMMENDED,REST_RECOMMENDED
30.78,95.26,18.22,82.02,475.02,84.0,REST_REQUIRED,REST_BEFORE_NEXT_VISIT
26.56,75.45,15.25,74.94,148.01,60.17,REST_RECOMMENDED,REST_RECOMMENDED
21.94,47.44,49.51,92.7,1524.9,41.42,CAUTION,REST_RECOMMENDED
30.83,31.92,27.31,112.45,911.14,83.23,REST_REQUIRED,REST_BEFORE_NEXT_VISIT
23.04,65.45,45.07,21.43,48.22,44.0,CAUTION,REST_RECOMMENDED
15.92,36.61,26.27,101.88,1378.22,31.43,CAUTION,MOVABLE
26.58,78.37,40.66,113.7,260.37,73.94,REST_REQUIRED,REST_BEFORE_NEXT_VISIT
27.57,93.28,5.83,71.57,1437.69,71.5,REST_REQUIRED,REST_BEFORE_NEXT_VISIT
31.95,87.44,16.99,64.5,659.59,83.86,REST_REQUIRED,REST_BEFORE_NEXT_VISIT
20.71,66.37,35.15,18.41,730.01,30.19,CAUTION,MOVABLE
24.03,61.72,8.72,82.92,764.53,49.16,CAUTION,REST_RECOMMENDED
31.97,48.91,9.72,27.28,235.22,56.31,REST_RECOMMENDED,REST_RECOMMENDED
18.89,59.42,34.1,29.04,1106.68,20.97,LOW,MOVABLE
24.09,109.17,28.02,83.46,872.98,68.37,REST_RECOMMENDED,REST_RECOMMENDED
27.45,91.95,25.25,26.82,454.03,73.82,REST_REQUIRED,REST_BEFORE_NEXT_VISIT
30.6,121.68,27.08,32.25,432.1,89.91,IMMEDIATE_REST,REST_BEFORE_NEXT_VISIT
25.59,49.1,9.36,84.14,1821.3,57.84,REST_RECOMMENDED,REST_RECOMMENDED
24.67,123.72,3.15,161.38,1942.99,62.66,REST_RECOMMENDED,REST_RECOMMENDED
27.98,81.03,38.1,154.27,500.12,72.0,REST_REQUIRED,REST_BEFORE_NEXT_VISIT
32.99,116.48,15.66,147.73,736.6,90.85,IMMEDIATE_REST,REST_BEFORE_NEXT_VISIT
25.17,68.93,20.05,102.0,788.36,78.5,REST_REQUIRED,REST_BEFORE_NEXT_VISIT
33.51,88.51,24.41,49.53,962.13,82.41,REST_REQUIRED,REST_BEFORE_NEXT_VISIT
24.05,134.54,36.2,35.08,632.33,58.0,REST_RECOMMENDED,REST_RECOMMENDED
25.25,71.88,1.44,42.52,439.05,58.3,REST_RECOMMENDED,REST_RECOMMENDED
20.19,127.92,34.99,16.95,590.6,40.26,CAUTION,REST_RECOMMENDED
26.09,107.17,27.22,57.62,648.03,71.33,REST_REQUIRED,REST_BEFORE_NEXT_VISIT
31.34,39.73,5.88,33.02,548.66,62.96,REST_RECOMMENDED,REST_RECOMMENDED
28.0,9.98,7.5,160.45,248.53,57.37,REST_RECOMMENDED,REST_RECOMMENDED
32.61,112.34,38.97,107.52,577.81,98.77,IMMEDIATE_REST,REST_BEFORE_NEXT_VISIT
28.31,59.94,24.63,38.01,357.87,68.17,REST_RECOMMENDED,REST_RECOMMENDED
24.23,75.76,5.58,117.53,545.37,50.95,REST_RECOMMENDED,REST_RECOMMENDED
30.85,52.29,8.83,83.38,2573.48,67.63,REST_RECOMMENDED,REST_RECOMMENDED
28.12,27.18,20.18,92.22,1169.61,71.75,REST_REQUIRED,REST_BEFORE_NEXT_VISIT
18.08,116.2,31.38,76.77,944.2,47.12,CAUTION,REST_RECOMMENDED
20.49,32.34,17.7,141.5,485.16,20.0,LOW,MOVABLE
20.84,58.35,37.27,125.36,1015.92,39.44,CAUTION,REST_RECOMMENDED
18.03,67.72,35.71,107.38,450.47,36.0,CAUTION,MOVABLE
25.48,95.67,33.01,134.15,432.22,79.0,REST_REQUIRED,REST_BEFORE_NEXT_VISIT
22.79,85.97,13.63,69.67,1587.5,42.77,CAUTION,REST_RECOMMENDED
22.61,61.15,21.69,29.82,1108.07,44.09,CAUTION,REST_RECOMMENDED
25.73,112.03,5.79,136.4,786.73,70.0,REST_REQUIRED,REST_BEFORE_NEXT_VISIT
30.59,24.86,45.96,54.81,975.79,63.83,REST_RECOMMENDED,REST_RECOMMENDED
31.07,120.29,20.72,85.67,2118.44,91.04,IMMEDIATE_REST,REST_BEFORE_NEXT_VISIT
27.22,57.64,36.8,12.2,692.62,53.0,REST_RECOMMENDED,REST_RECOMMENDED
32.78,67.01,13.04,133.69,322.15,82.47,REST_REQUIRED,REST_BEFORE_NEXT_VISIT
28.72,34.73,39.92,72.75,884.23,85.71,IMMEDIATE_REST,REST_BEFORE_NEXT_VISIT
29.9,19.53,16.67,82.02,410.68,63.33,REST_RECOMMENDED,REST_RECOMMENDED
26.34,16.41,25.52,83.45,657.3,50.0,REST_RECOMMENDED,REST_RECOMMENDED
33.72,82.95,13.76,125.09,241.97,81.67,REST_REQUIRED,REST_BEFORE_NEXT_VISIT
25.28,47.87,35.88,49.41,773.04,58.32,REST_RECOMMENDED,REST_RECOMMENDED
27.73,80.05,34.03,19.71,2058.12,64.0,REST_RECOMMENDED,REST_RECOMMENDED
17.22,37.52,21.2,50.41,1613.74,25.15,LOW,MOVABLE
27.21,76.16,18.42,64.98,1132.59,74.0,REST_REQUIRED,REST_BEFORE_NEXT_VISIT
22.05,81.14,31.65,44.46,1159.98,48.16,CAUTION,REST_RECOMMENDED
31.7,117.06,34.28,114.88,1186.85,98.74,IMMEDIATE_REST,REST_BEFORE_NEXT_VISIT
25.03,136.5,27.04,30.99,1624.98,73.6,REST_REQUIRED,REST_BEFORE_NEXT_VISIT
21.09,91.26,31.39,28.2,882.87,47.72,CAUTION,REST_RECOMMENDED
24.36,98.65,41.74,40.98,678.33,61.58,REST_RECOMMENDED,REST_RECOMMENDED
32.56,35.12,48.48,56.67,251.95,73.7,REST_REQUIRED,REST_BEFORE_NEXT_VISIT
27.43,51.15,5.29,33.99,2117.94,51.38,REST_RECOMMENDED,REST_RECOMMENDED
34.38,66.96,11.58,62.95,313.17,80.32,REST_REQUIRED,REST_BEFORE_NEXT_VISIT
15.31,84.36,43.51,51.92,1440.66,32.0,CAUTION,MOVABLE
23.12,27.36,23.14,117.0,236.66,40.5,CAUTION,REST_RECOMMENDED
20.43,69.85,17.77,99.51,771.54,32.36,CAUTION,MOVABLE
27.67,32.24,25.29,80.16,882.28,62.99,REST_RECOMMENDED,REST_RECOMMENDED
34.43,86.5,3.76,63.63,1618.66,79.73,REST_REQUIRED,REST_BEFORE_NEXT_VISIT
28.93,62.13,14.46,79.74,867.43,77.0,REST_REQUIRED,REST_BEFORE_NEXT_VISIT
25.25,57.37,18.24,121.41,294.2,53.48,REST_RECOMMENDED,REST_RECOMMENDED
27.84,111.51,15.06,70.19,460.63,75.7,REST_REQUIRED,REST_BEFORE_NEXT_VISIT
29.64,73.93,14.05,100.96,405.46,80.17,REST_REQUIRED,REST_BEFORE_NEXT_VISIT
29.89,34.49,20.71,81.23,508.82,73.65,REST_REQUIRED,REST_BEFORE_NEXT_VISIT
25.54,46.43,36.39,24.81,535.86,61.73,REST_RECOMMENDED,REST_RECOMMENDED
21.32,86.89,27.21,62.65,2015.11,43.0,CAUTION,REST_RECOMMENDED
27.4,37.97,22.02,82.12,309.84,61.42,REST_RECOMMENDED,REST_RECOMMENDED
26.62,81.56,37.04,97.6,2210.53,78.83,REST_REQUIRED,REST_BEFORE_NEXT_VISIT
24.3,66.11,16.03,38.91,197.58,40.3,CAUTION,REST_RECOMMENDED
20.56,106.32,11.21,162.96,712.74,39.13,CAUTION,REST_RECOMMENDED
22.62,143.86,14.91,31.53,992.48,46.73,CAUTION,REST_RECOMMENDED
28.51,122.2,20.03,119.4,1894.71,97.75,IMMEDIATE_REST,REST_BEFORE_NEXT_VISIT
31.45,79.89,33.18,122.4,419.55,92.01,IMMEDIATE_REST,REST_BEFORE_NEXT_VISIT
31.22,92.76,12.1,85.59,191.18,84.01,REST_REQUIRED,REST_BEFORE_NEXT_VISIT
32.06,65.94,10.76,6.35,1113.56,73.15,REST_REQUIRED,REST_BEFORE_NEXT_VISIT
29.76,69.6,31.62,120.21,212.97,87.81,IMMEDIATE_REST,REST_BEFORE_NEXT_VISIT
25.47,62.89,26.57,54.84,1157.04,68.71,REST_RECOMMENDED,REST_RECOMMENDED
25.57,139.35,48.12,35.58,520.33,76.57,REST_REQUIRED,REST_BEFORE_NEXT_VISIT
26.09,63.17,8.46,108.22,1181.04,67.96,REST_RECOMMENDED,REST_RECOMMENDED
31.63,76.88,29.84,113.73,836.78,90.08,IMMEDIATE_REST,REST_BEFORE_NEXT_VISIT
28.19,60.87,14.87,91.54,691.11,83.52,REST_REQUIRED,REST_BEFORE_NEXT_VISIT
33.09,37.08,45.48,62.78,1236.84,78.79,REST_REQUIRED,REST_BEFORE_NEXT_VISIT
30.29,76.59,38.78,73.23,1620.23,90.18,IMMEDIATE_REST,REST_BEFORE_NEXT_VISIT
30.32,129.51,50.99,98.89,584.68,95.72,IMMEDIATE_REST,REST_BEFORE_NEXT_VISIT
17.3,63.36,32.84,58.99,943.39,30.0,CAUTION,MOVABLE
31.47,68.52,39.72,38.15,766.02,80.96,REST_REQUIRED,REST_BEFORE_NEXT_VISIT
25.91,45.14,28.07,37.15,303.45,59.58,REST_RECOMMENDED,REST_RECOMMENDED
30.74,106.2,20.89,43.01,986.54,89.7,IMMEDIATE_REST,REST_BEFORE_NEXT_VISIT
20.33,71.49,34.19,62.26,1676.91,43.42,CAUTION,REST_RECOMMENDED
18.2,7.64,9.21,29.22,1145.92,4.44,LOW,MOVABLE
25.53,65.32,3.87,55.63,1484.79,63.68,REST_RECOMMENDED,REST_RECOMMENDED
18.8,84.72,26.92,36.74,2129.97,31.21,CAUTION,MOVABLE
29.04,69.3,39.87,48.66,1884.15,82.0,REST_REQUIRED,REST_BEFORE_NEXT_VISIT
25.97,126.17,40.35,59.29,257.26,70.62,REST_REQUIRED,REST_BEFORE_NEXT_VISIT
24.48,6.11,26.88,137.59,376.46,36.76,CAUTION,MOVABLE
21.01,85.19,25.76,31.94,572.09,40.29,CAUTION,REST_RECOMMENDED
26.28,121.43,37.03,76.35,1953.63,85.95,IMMEDIATE_REST,REST_BEFORE_NEXT_VISIT
23.32,52.59,19.54,117.94,1742.31,44.83,CAUTION,REST_RECOMMENDED
21.75,62.59,30.57,1.4,936.87,38.63,CAUTION,MOVABLE
23.02,58.92,2.64,71.42,432.87,39.3,CAUTION,REST_RECOMMENDED
20.35,35.44,4.04,92.11,1866.54,25.55,LOW,MOVABLE
26.8,28.99,27.91,41.45,838.47,48.57,CAUTION,REST_RECOMMENDED
33.33,79.05,20.93,75.39,1206.05,86.27,IMMEDIATE_REST,REST_BEFORE_NEXT_VISIT
30.32,66.74,18.54,137.94,707.02,81.85,REST_REQUIRED,REST_BEFORE_NEXT_VISIT
33.43,74.0,20.49,16.08,239.14,74.96,REST_REQUIRED,REST_BEFORE_NEXT_VISIT
30.51,103.84,50.25,83.62,874.63,92.0,IMMEDIATE_REST,REST_BEFORE_NEXT_VISIT
33.4,38.34,37.52,24.57,576.92,73.2,REST_REQUIRED,REST_BEFORE_NEXT_VISIT
23.19,29.51,46.48,20.83,350.63,30.41,CAUTION,MOVABLE
25.53,65.57,51.0,92.64,1984.32,74.99,REST_REQUIRED,REST_BEFORE_NEXT_VISIT
26.31,57.61,16.88,90.39,1390.73,61.39,REST_RECOMMENDED,REST_RECOMMENDED
26.11,64.06,21.3,86.2,2082.28,71.25,REST_REQUIRED,REST_BEFORE_NEXT_VISIT
26.15,22.04,16.48,86.74,338.05,52.0,REST_RECOMMENDED,REST_RECOMMENDED
26.75,93.36,12.95,81.22,186.81,73.47,REST_REQUIRED,REST_BEFORE_NEXT_VISIT
26.89,77.68,35.81,27.67,625.17,62.0,REST_RECOMMENDED,REST_RECOMMENDED
23.44,62.31,44.75,110.63,306.38,58.31,REST_RECOMMENDED,REST_RECOMMENDED
25.12,129.34,18.56,36.65,1486.94,70.24,REST_REQUIRED,REST_BEFORE_NEXT_VISIT
29.03,63.38,18.56,38.65,1939.3,80.89,REST_REQUIRED,REST_BEFORE_NEXT_VISIT
30.46,93.93,31.65,47.76,949.57,94.39,IMMEDIATE_REST,REST_BEFORE_NEXT_VISIT
27.12,102.8,21.56,57.47,168.45,69.3,REST_RECOMMENDED,REST_BEFORE_NEXT_VISIT
26.63,74.36,15.47,22.67,1263.26,57.0,REST_RECOMMENDED,REST_RECOMMENDED
31.34,72.18,10.9,105.06,406.92,82.77,REST_REQUIRED,REST_BEFORE_NEXT_VISIT
17.21,17.96,12.06,104.84,753.76,13.0,LOW,MOVABLE
31.5,71.97,10.6,3.82,2292.39,72.0,REST_REQUIRED,REST_BEFORE_NEXT_VISIT
31.28,123.91,8.58,27.67,1232.29,79.86,REST_REQUIRED,REST_BEFORE_NEXT_VISIT
21.27,85.27,38.53,127.83,1009.74,50.71,REST_RECOMMENDED,REST_RECOMMENDED
24.09,27.51,41.28,118.15,312.69,40.73,CAUTION,REST_RECOMMENDED
26.2,117.22,37.98,90.83,1271.11,86.03,IMMEDIATE_REST,REST_BEFORE_NEXT_VISIT
32.15,61.28,14.48,163.57,475.36,79.91,REST_REQUIRED,REST_BEFORE_NEXT_VISIT
31.72,76.36,30.82,100.85,197.13,85.34,IMMEDIATE_REST,REST_BEFORE_NEXT_VISIT
27.66,43.98,46.43,106.05,899.3,63.0,REST_RECOMMENDED,REST_RECOMMENDED
20.44,142.37,45.93,132.95,390.23,44.4,CAUTION,REST_RECOMMENDED
28.52,46.14,8.71,45.24,873.14,66.45,REST_RECOMMENDED,REST_RECOMMENDED
19.49,95.84,8.98,129.0,1069.03,39.75,CAUTION,REST_RECOMMENDED
29.53,89.97,35.49,83.19,619.54,90.68,IMMEDIATE_REST,REST_BEFORE_NEXT_VISIT
23.5,47.75,39.97,65.28,1125.75,47.12,CAUTION,REST_RECOMMENDED
26.63,20.95,32.56,68.1,783.55,52.02,REST_RECOMMENDED,REST_RECOMMENDED
26.15,50.62,28.48,142.7,1159.22,62.0,REST_RECOMMENDED,REST_RECOMMENDED
30.4,151.84,30.62,87.65,2143.37,99.72,IMMEDIATE_REST,REST_BEFORE_NEXT_VISIT
20.22,112.22,41.85,133.57,1785.38,48.93,CAUTION,REST_RECOMMENDED
22.23,19.17,3.16,96.45,1694.64,24.97,LOW,MOVABLE
23.65,99.61,27.97,51.79,1784.9,57.0,REST_RECOMMENDED,REST_RECOMMENDED
33.32,104.25,22.29,126.62,430.79,91.0,IMMEDIATE_REST,REST_BEFORE_NEXT_VISIT
24.67,33.84,40.05,75.08,831.34,46.77,CAUTION,REST_RECOMMENDED
27.19,36.47,22.71,64.72,467.15,57.75,REST_RECOMMENDED,REST_RECOMMENDED
26.2,111.45,33.36,50.65,538.25,79.26,REST_REQUIRED,REST_BEFORE_NEXT_VISIT
27.08,82.46,21.19,120.37,808.79,69.0,REST_RECOMMENDED,REST_RECOMMENDED
21.77,38.52,10.08,47.65,511.46,26.42,LOW,MOVABLE
18.39,13.72,21.41,43.19,959.23,16.53,LOW,MOVABLE
22.91,86.18,13.5,128.19,1783.2,42.0,CAUTION,REST_RECOMMENDED
24.99,94.47,49.38,78.76,396.6,61.44,REST_RECOMMENDED,REST_RECOMMENDED
23.94,75.1,25.78,45.57,2396.4,51.65,REST_RECOMMENDED,REST_RECOMMENDED
19.55,89.72,14.57,97.41,917.71,34.72,CAUTION,MOVABLE
28.37,99.39,17.64,47.52,1374.31,86.87,IMMEDIATE_REST,REST_BEFORE_NEXT_VISIT
29.82,95.72,9.57,144.57,2337.83,91.7,IMMEDIATE_REST,REST_BEFORE_NEXT_VISIT
24.97,72.64,13.87,90.39,1692.38,52.62,REST_RECOMMENDED,REST_RECOMMENDED
22.79,88.05,36.59,30.65,1020.83,45.82,CAUTION,REST_RECOMMENDED
29.18,23.79,13.6,93.18,477.55,66.86,REST_RECOMMENDED,REST_RECOMMENDED
32.81,102.26,53.7,88.49,521.31,92.0,IMMEDIATE_REST,REST_BEFORE_NEXT_VISIT
23.99,53.9,3.76,42.48,1286.27,41.34,CAUTION,REST_RECOMMENDED
25.41,101.09,51.11,95.94,2017.19,84.01,REST_REQUIRED,REST_BEFORE_NEXT_VISIT
33.03,45.81,15.55,158.21,1034.95,73.0,REST_REQUIRED,REST_BEFORE_NEXT_VISIT
31.84,121.86,13.74,32.06,1417.04,88.9,IMMEDIATE_REST,REST_BEFORE_NEXT_VISIT
21.01,137.23,38.43,63.2,752.41,54.49,REST_RECOMMENDED,REST_RECOMMENDED
25.75,24.86,16.05,138.03,321.36,51.91,REST_RECOMMENDED,REST_RECOMMENDED
19.24,38.57,18.74,95.08,297.67,23.0,LOW,MOVABLE
31.91,133.76,12.67,79.67,341.0,87.92,IMMEDIATE_REST,REST_BEFORE_NEXT_VISIT
31.2,72.2,38.89,59.69,578.93,86.59,IMMEDIATE_REST,REST_BEFORE_NEXT_VISIT
21.79,69.23,12.37,147.81,256.3,37.46,CAUTION,MOVABLE
29.95,21.65,20.58,16.63,334.73,63.35,REST_RECOMMENDED,REST_RECOMMENDED
29.55,43.46,6.04,34.99,775.18,61.0,REST_RECOMMENDED,REST_RECOMMENDED
30.53,34.18,14.96,92.14,568.81,76.23,REST_REQUIRED,REST_BEFORE_NEXT_VISIT
29.04,74.08,4.77,85.14,263.72,74.81,REST_REQUIRED,REST_BEFORE_NEXT_VISIT
19.29,106.1,23.56,71.16,2163.76,47.79,CAUTION,REST_RECOMMENDED
29.32,117.13,33.17,73.73,772.18,92.0,IMMEDIATE_REST,REST_BEFORE_NEXT_VISIT
25.5,55.39,23.53,123.5,649.68,63.5,REST_RECOMMENDED,REST_RECOMMENDED
23.92,49.47,41.1,95.18,1485.08,58.61,REST_RECOMMENDED,REST_RECOMMENDED
21.6,122.41,23.79,141.4,681.44,52.5,REST_RECOMMENDED,REST_RECOMMENDED
30.67,92.91,12.61,111.33,1054.51,90.71,IMMEDIATE_REST,REST_BEFORE_NEXT_VISIT
27.54,95.37,25.41,84.08,531.76,81.85,REST_REQUIRED,REST_BEFORE_NEXT_VISIT
31.64,82.24,12.16,61.23,930.25,85.24,IMMEDIATE_REST,REST_BEFORE_NEXT_VISIT
21.62,102.16,17.14,142.51,857.31,51.17,REST_RECOMMENDED,REST_RECOMMENDED
18.21,89.1,24.62,31.44,360.58,26.0,LOW,MOVABLE
26.26,20.89,24.85,98.97,893.1,52.58,REST_RECOMMENDED,REST_RECOMMENDED
25.81,64.65,8.33,75.45,11.79,56.0,REST_RECOMMENDED,REST_RECOMMENDED
32.55,100.4,4.93,71.39,806.32,90.76,IMMEDIATE_REST,REST_BEFORE_NEXT_VISIT
28.31,16.09,36.41,67.26,249.27,66.53,REST_RECOMMENDED,REST_RECOMMENDED
20.31,116.9,21.08,106.49,1129.21,44.51,CAUTION,REST_RECOMMENDED
27.97,70.43,25.12,124.57,1118.76,74.36,REST_REQUIRED,REST_BEFORE_NEXT_VISIT
27.38,62.61,1.58,142.17,736.53,62.1,REST_RECOMMENDED,REST_RECOMMENDED
30.57,102.42,7.55,86.59,1717.93,85.84,IMMEDIATE_REST,REST_BEFORE_NEXT_VISIT
29.85,137.07,31.87,20.75,256.41,84.99,REST_REQUIRED,REST_BEFORE_NEXT_VISIT
27.69,26.49,31.1,84.34,971.86,52.09,REST_RECOMMENDED,REST_RECOMMENDED
25.8,91.34,23.67,150.84,1633.16,79.0,REST_REQUIRED,REST_BEFORE_NEXT_VISIT
24.84,109.65,16.16,73.41,881.56,58.87,REST_RECOMMENDED,REST_RECOMMENDED
27.88,32.13,10.01,132.37,79.23,59.27,REST_RECOMMENDED,REST_RECOMMENDED
29.47,58.46,22.52,132.07,1718.37,77.0,REST_REQUIRED,REST_BEFORE_NEXT_VISIT
21.19,77.88,6.14,23.75,236.05,30.41,CAUTION,MOVABLE
28.05,112.6,5.14,32.0,698.41,78.29,REST_REQUIRED,REST_BEFORE_NEXT_VISIT
26.87,28.01,8.75,54.08,1457.2,43.53,CAUTION,REST_RECOMMENDED
17.08,18.58,36.68,54.06,642.23,16.49,LOW,MOVABLE
23.59,131.8,36.38,70.19,882.59,62.0,REST_RECOMMENDED,REST_RECOMMENDED
33.55,46.01,4.19,54.66,804.14,61.3,REST_RECOMMENDED,REST_RECOMMENDED
20.84,83.76,24.87,144.42,1056.12,36.92,CAUTION,MOVABLE
29.3,61.65,14.96,75.9,171.5,75.89,REST_REQUIRED,REST_BEFORE_NEXT_VISIT
30.0,77.57,38.69,34.65,1262.06,87.14,IMMEDIATE_REST,REST_BEFORE_NEXT_VISIT
15.64,50.41,15.49,26.78,702.53,16.84,LOW,MOVABLE
26.79,54.79,44.08,30.75,428.37,55.25,REST_RECOMMENDED,REST_RECOMMENDED
21.65,14.26,5.6,81.11,1003.64,27.3,LOW,MOVABLE
27.8,32.57,27.26,67.22,927.61,57.0,REST_RECOMMENDED,REST_RECOMMENDED
30.98,62.82,34.48,58.44,2423.32,83.46,REST_REQUIRED,REST_BEFORE_NEXT_VISIT
29.13,49.21,36.78,25.72,2076.34,71.99,REST_REQUIRED,REST_BEFORE_NEXT_VISIT
20.29,72.6,30.36,75.8,926.79,42.1,CAUTION,REST_RECOMMENDED
27.53,36.54,11.45,70.23,2089.45,56.76,REST_RECOMMENDED,REST_RECOMMENDED
23.09,78.93,40.14,74.67,1199.58,56.0,REST_RECOMMENDED,REST_RECOMMENDED
26.04,84.66,31.4,99.6,1553.79,75.74,REST_REQUIRED,REST_BEFORE_NEXT_VISIT
29.94,24.62,40.87,75.0,1102.6,74.71,REST_REQUIRED,REST_BEFORE_NEXT_VISIT
32.54,92.96,6.95,57.94,236.87,80.56,REST_REQUIRED,REST_BEFORE_NEXT_VISIT
30.71,66.18,11.27,140.1,1642.76,82.67,REST_REQUIRED,REST_BEFORE_NEXT_VISIT
21.32,48.98,33.77,132.63,552.77,39.62,CAUTION,REST_RECOMMENDED
22.64,60.73,23.65,72.39,1692.31,48.47,CAUTION,REST_RECOMMENDED
26.36,114.47,29.01,75.37,1970.43,80.47,REST_REQUIRED,REST_BEFORE_NEXT_VISIT
22.51,71.06,15.77,61.93,688.8,40.32,CAUTION,REST_RECOMMENDED
28.21,39.95,40.79,32.4,222.0,68.0,REST_RECOMMENDED,REST_RECOMMENDED
30.4,30.18,42.36,69.94,1343.19,78.81,REST_REQUIRED,REST_BEFORE_NEXT_VISIT
28.69,75.03,14.56,142.51,116.25,79.88,REST_REQUIRED,REST_BEFORE_NEXT_VISIT
30.0,50.23,1.27,89.07,1704.37,71.41,REST_REQUIRED,REST_BEFORE_NEXT_VISIT
19.89,90.22,27.52,126.6,1283.28,45.64,CAUTION,REST_RECOMMENDED
22.59,56.1,5.29,59.26,1430.64,23.0,LOW,MOVABLE
26.9,48.47,35.33,66.03,291.54,61.12,REST_RECOMMENDED,REST_RECOMMENDED
29.82,69.75,13.93,76.46,615.82,82.44,REST_REQUIRED,REST_BEFORE_NEXT_VISIT
26.8,55.49,38.99,71.39,2441.83,63.21,REST_RECOMMENDED,REST_RECOMMENDED
26.8,62.85,36.55,100.06,1334.62,74.0,REST_REQUIRED,REST_BEFORE_NEXT_VISIT
31.1,11.64,31.26,140.56,1018.55,72.0,REST_REQUIRED,REST_BEFORE_NEXT_VISIT
20.15,23.98,26.62,98.59,438.45,16.0,LOW,MOVABLE
25.77,62.47,27.65,59.49,1550.88,65.29,REST_RECOMMENDED,REST_RECOMMENDED
27.93,47.41,19.91,15.05,1012.46,50.9,REST_RECOMMENDED,REST_RECOMMENDED
24.83,59.26,25.0,100.45,1838.16,49.32,CAUTION,REST_RECOMMENDED
26.34,43.02,4.96,38.4,1974.82,56.8,REST_RECOMMENDED,REST_RECOMMENDED
31.6,14.07,22.72,80.23,751.78,67.88,REST_RECOMMENDED,REST_RECOMMENDED
21.09,76.96,20.55,5.96,279.83,33.63,CAUTION,MOVABLE
23.75,77.25,26.16,105.68,224.35,53.66,REST_RECOMMENDED,REST_RECOMMENDED
16.09,67.74,17.04,18.85,707.11,26.01,LOW,MOVABLE
24.34,41.75,30.55,97.01,2002.63,56.77,REST_RECOMMENDED,REST_RECOMMENDED
18.09,69.15,29.86,58.68,1334.87,34.25,CAUTION,MOVABLE
21.38,62.68,54.97,52.58,1105.1,51.5,REST_RECOMMENDED,REST_RECOMMENDED
23.99,63.36,35.45,120.34,765.79,61.19,REST_RECOMMENDED,REST_RECOMMENDED
28.82,39.22,38.66,29.28,959.13,72.35,REST_REQUIRED,REST_BEFORE_NEXT_VISIT
17.08,43.38,38.97,84.07,1359.1,33.64,CAUTION,MOVABLE
15.81,62.18,21.24,63.05,968.54,33.55,CAUTION,MOVABLE
33.01,78.89,27.0,158.82,1117.63,86.62,IMMEDIATE_REST,REST_BEFORE_NEXT_VISIT
30.29,105.92,17.66,105.57,1874.23,92.48,IMMEDIATE_REST,REST_BEFORE_NEXT_VISIT
19.95,139.09,33.55,91.27,52.92,46.99,CAUTION,REST_RECOMMENDED
25.92,66.96,13.71,65.9,690.23,68.38,REST_RECOMMENDED,REST_RECOMMENDED
33.53,65.29,38.97,30.77,668.14,84.66,REST_REQUIRED,REST_BEFORE_NEXT_VISIT
21.41,116.19,28.56,100.59,1148.7,59.64,REST_RECOMMENDED,REST_RECOMMENDED
18.95,130.46,13.78,81.95,474.63,39.2,CAUTION,REST_RECOMMENDED
29.19,46.31,44.04,132.06,1297.47,85.36,IMMEDIATE_REST,REST_BEFORE_NEXT_VISIT
17.46,35.46,37.13,32.07,914.28,26.0,LOW,MOVABLE
26.07,119.26,20.08,126.71,860.81,77.0,REST_REQUIRED,REST_BEFORE_NEXT_VISIT
31.58,70.21,25.12,148.51,155.32,84.06,REST_REQUIRED,REST_BEFORE_NEXT_VISIT
24.41,1.93,32.44,35.75,873.73,37.98,CAUTION,MOVABLE
25.15,32.76,20.74,120.57,1254.39,62.73,REST_RECOMMENDED,REST_RECOMMENDED
29.56,115.61,39.36,127.22,419.54,96.46,IMMEDIATE_REST,REST_BEFORE_NEXT_VISIT
19.27,92.18,51.49,80.97,507.61,42.0,CAUTION,REST_RECOMMENDED
32.2,64.61,22.68,86.56,493.01,82.1,REST_REQUIRED,REST_BEFORE_NEXT_VISIT
22.48,36.7,1.98,116.88,1694.61,35.33,CAUTION,MOVABLE
23.2,16.85,19.98,90.52,547.27,43.56,CAUTION,REST_RECOMMENDED
21.38,41.36,22.69,38.12,1006.29,30.77,CAUTION,MOVABLE
21.74,52.89,15.07,122.48,669.52,32.38,CAUTION,MOVABLE
22.65,135.1,29.2,49.03,422.01,53.51,REST_RECOMMENDED,REST_RECOMMENDED
19.54,93.05,33.45,80.23,461.16,50.08,REST_RECOMMENDED,REST_RECOMMENDED
32.42,41.51,18.47,94.25,397.68,78.52,REST_REQUIRED,REST_BEFORE_NEXT_VISIT
30.6,59.76,29.39,28.41,787.67,65.0,REST_RECOMMENDED,REST_RECOMMENDED
29.06,25.26,16.21,97.22,504.98,69.48,REST_RECOMMENDED,REST_BEFORE_NEXT_VISIT
26.99,107.34,13.36,97.43,849.44,77.66,REST_REQUIRED,REST_BEFORE_NEXT_VISIT
32.17,30.97,44.7,12.12,1268.65,77.66,REST_REQUIRED,REST_BEFORE_NEXT_VISIT
21.48,51.92,40.15,60.97,784.11,37.76,CAUTION,MOVABLE
28.17,95.43,13.4,108.37,152.07,91.35,IMMEDIATE_REST,REST_BEFORE_NEXT_VISIT
21.81,114.99,7.09,17.14,934.96,38.63,CAUTION,MOVABLE
29.37,87.07,15.19,108.95,2050.38,87.73,IMMEDIATE_REST,REST_BEFORE_NEXT_VISIT
23.36,87.48,35.04,53.8,1397.56,53.49,REST_RECOMMENDED,REST_RECOMMENDED
28.26,58.23,33.63,115.7,926.36,85.94,IMMEDIATE_REST,REST_BEFORE_NEXT_VISIT
28.76,65.38,22.61,65.71,1034.8,87.0,IMMEDIATE_REST,REST_BEFORE_NEXT_VISIT
28.44,87.04,50.94,134.96,1840.08,89.0,IMMEDIATE_REST,REST_BEFORE_NEXT_VISIT
16.19,51.96,34.64,28.95,868.42,21.74,LOW,MOVABLE
18.49,11.13,43.38,167.5,2040.32,22.0,LOW,MOVABLE
32.39,66.88,11.85,22.75,153.52,70.48,REST_REQUIRED,REST_BEFORE_NEXT_VISIT
26.46,21.33,35.52,97.1,493.44,57.81,REST_RECOMMENDED,REST_RECOMMENDED
18.6,104.17,32.65,24.79,845.15,38.39,CAUTION,MOVABLE
28.53,97.73,18.59,99.75,1574.47,98.39,IMMEDIATE_REST,REST_BEFORE_NEXT_VISIT
22.36,53.97,19.93,119.38,1182.78,35.29,CAUTION,MOVABLE
16.48,38.07,19.0,93.05,374.72,23.89,LOW,MOVABLE
24.12,34.63,1.56,117.76,1063.78,48.89,CAUTION,REST_RECOMMENDED
28.89,85.9,31.97,109.73,2398.42,95.59,IMMEDIATE_REST,REST_BEFORE_NEXT_VISIT
20.1,87.83,12.58,143.04,2340.39,37.71,CAUTION,MOVABLE
28.5,108.44,24.93,72.25,1392.38,92.14,IMMEDIATE_REST,REST_BEFORE_NEXT_VISIT
31.4,154.07,15.49,114.72,1048.06,98.42,IMMEDIATE_REST,REST_BEFORE_NEXT_VISIT
21.46,93.84,29.58,52.8,735.35,46.8,CAUTION,REST_RECOMMENDED
24.16,118.11,36.5,98.55,440.32,70.62,REST_REQUIRED,REST_BEFORE_NEXT_VISIT
22.11,69.17,24.43,20.29,784.28,39.43,CAUTION,REST_RECOMMENDED
29.06,96.35,14.57,89.99,703.81,91.01,IMMEDIATE_REST,REST_BEFORE_NEXT_VISIT
27.39,91.59,28.27,79.46,171.16,76.96,REST_REQUIRED,REST_BEFORE_NEXT_VISIT
17.89,30.08,36.6,82.09,660.1,28.68,LOW,MOVABLE
28.12,10.57,30.51,52.71,667.87,69.02,REST_RECOMMENDED,REST_BEFORE_NEXT_VISIT
19.21,129.17,6.49,61.91,649.75,34.81,CAUTION,MOVABLE
18.24,42.89,22.32,102.47,91.59,26.01,LOW,MOVABLE
22.79,52.96,11.06,44.82,415.16,24.2,LOW,MOVABLE
25.93,110.95,17.72,93.84,1888.87,78.16,REST_REQUIRED,REST_BEFORE_NEXT_VISIT
30.27,26.12,42.89,169.6,1581.52,72.1,REST_REQUIRED,REST_BEFORE_NEXT_VISIT
23.49,68.88,24.31,66.94,1196.99,56.33,REST_RECOMMENDED,REST_RECOMMENDED
27.5,39.24,8.55,95.43,200.21,53.47,REST_RECOMMENDED,REST_RECOMMENDED
29.79,31.77,15.15,29.17,1658.62,65.25,REST_RECOMMENDED,REST_RECOMMENDED
22.41,47.72,25.44,55.3,2157.31,30.0,CAUTION,MOVABLE
23.95,46.86,5.58,21.55,1267.25,32.99,CAUTION,MOVABLE
17.76,109.35,32.04,126.14,286.72,43.42,CAUTION,REST_RECOMMENDED
24.17,47.06,20.25,23.92,1405.66,41.24,CAUTION,REST_RECOMMENDED
32.01,75.28,37.41,98.76,1087.12,92.8,IMMEDIATE_REST,REST_BEFORE_NEXT_VISIT
30.41,97.96,16.05,53.74,1956.75,84.6,REST_REQUIRED,REST_BEFORE_NEXT_VISIT
19.11,94.05,34.71,3.12,453.01,34.94,CAUTION,MOVABLE
32.4,30.43,37.49,86.51,295.04,72.0,REST_REQUIRED,REST_BEFORE_NEXT_VISIT
20.48,53.47,35.74,53.51,1062.55,28.85,LOW,MOVABLE
22.25,68.88,22.65,25.56,1216.16,39.27,CAUTION,REST_RECOMMENDED
26.3,138.66,50.5,75.25,1112.17,83.41,REST_REQUIRED,REST_BEFORE_NEXT_VISIT
21.33,77.54,13.1,41.39,717.87,33.99,CAUTION,MOVABLE
24.28,18.49,28.79,107.0,1385.77,44.72,CAUTION,REST_RECOMMENDED
22.5,23.22,26.55,91.93,686.92,27.14,LOW,MOVABLE
23.15,72.28,49.35,134.4,40.46,54.0,REST_RECOMMENDED,REST_RECOMMENDED
25.13,97.86,34.91,99.97,837.42,81.19,REST_REQUIRED,REST_BEFORE_NEXT_VISIT
28.99,79.72,19.8,36.9,824.45,73.49,REST_REQUIRED,REST_BEFORE_NEXT_VISIT
21.56,71.18,24.42,97.21,343.87,43.0,CAUTION,REST_RECOMMENDED
26.22,58.95,20.26,99.17,685.87,60.0,REST_RECOMMENDED,REST_RECOMMENDED
29.17,38.09,26.22,84.73,241.3,69.0,REST_RECOMMENDED,REST_RECOMMENDED
28.88,72.18,4.0,42.92,1267.18,76.54,REST_REQUIRED,REST_BEFORE_NEXT_VISIT
23.51,98.12,4.67,138.81,969.57,56.41,REST_RECOMMENDED,REST_RECOMMENDED
22.79,61.94,4.69,79.54,1747.56,38.07,CAUTION,MOVABLE
32.61,46.67,21.98,35.83,469.75,76.44,REST_REQUIRED,REST_BEFORE_NEXT_VISIT
21.71,123.53,20.11,85.46,218.76,53.22,REST_RECOMMENDED,REST_RECOMMENDED
28.06,22.6,12.41,142.34,1177.38,67.63,REST_RECOMMENDED,REST_RECOMMENDED
25.94,114.28,46.59,23.92,1160.2,77.81,REST_REQUIRED,REST_BEFORE_NEXT_VISIT
20.54,37.36,8.67,33.4,243.14,9.93,LOW,MOVABLE
21.19,62.92,12.64,19.88,655.95,34.04,CAUTION,MOVABLE
17.16,58.43,13.39,99.8,1920.46,23.0,LOW,MOVABLE
31.61,44.18,10.96,56.2,1516.99,66.3,REST_RECOMMENDED,REST_RECOMMENDED
30.0,25.17,20.5,68.61,1722.18,66.04,REST_RECOMMENDED,REST_RECOMMENDED
17.06,37.68,20.33,60.26,1334.69,26.92,LOW,MOVABLE
27.89,26.1,8.36,89.1,1351.8,52.87,REST_RECOMMENDED,REST_RECOMMENDED
30.79,97.82,34.49,143.42,977.02,98.98,IMMEDIATE_REST,REST_BEFORE_NEXT_VISIT
19.81,14.32,5.84,64.73,934.6,7.0,LOW,MOVABLE
23.09,27.75,9.22,135.38,1057.32,35.16,CAUTION,MOVABLE
30.33,50.14,5.53,34.35,1158.82,68.09,REST_RECOMMENDED,REST_RECOMMENDED
20.35,107.4,46.33,94.9,135.37,42.02,CAUTION,REST_RECOMMENDED
24.08,148.92,41.98,53.45,1057.57,62.16,REST_RECOMMENDED,REST_RECOMMENDED
17.29,85.3,18.14,75.98,1006.26,33.14,CAUTION,MOVABLE
23.42,69.42,20.71,53.55,657.16,56.36,REST_RECOMMENDED,REST_RECOMMENDED
20.83,31.81,5.6,132.92,929.76,22.06,LOW,MOVABLE
21.28,89.93,4.96,37.94,546.22,31.94,CAUTION,MOVABLE
24.49,67.96,7.23,68.15,438.35,47.22,CAUTION,REST_RECOMMENDED
34.3,6.35,31.92,115.2,644.75,78.34,REST_REQUIRED,REST_BEFORE_NEXT_VISIT
27.3,24.16,33.92,153.95,1552.06,61.23,REST_RECOMMENDED,REST_RECOMMENDED
26.62,142.1,35.92,54.13,625.9,76.74,REST_REQUIRED,REST_BEFORE_NEXT_VISIT
27.41,100.79,10.77,103.58,1947.57,77.1,REST_REQUIRED,REST_BEFORE_NEXT_VISIT
31.45,3.27,27.9,43.03,590.83,64.32,REST_RECOMMENDED,REST_RECOMMENDED
28.31,101.31,14.58,35.41,1042.25,83.0,REST_REQUIRED,REST_BEFORE_NEXT_VISIT
31.73,70.25,7.41,49.93,924.27,73.92,REST_REQUIRED,REST_BEFORE_NEXT_VISIT
23.14,76.61,28.58,35.5,715.64,47.0,CAUTION,REST_RECOMMENDED
23.18,76.74,6.26,80.83,104.49,47.64,CAUTION,REST_RECOMMENDED
20.29,67.27,30.59,43.58,1790.66,36.66,CAUTION,MOVABLE
26.81,65.3,25.51,83.1,2528.07,72.93,REST_REQUIRED,REST_BEFORE_NEXT_VISIT
24.2,43.75,23.64,69.09,709.81,52.87,REST_RECOMMENDED,REST_RECOMMENDED
27.82,107.34,7.54,131.85,1356.37,74.43,REST_REQUIRED,REST_BEFORE_NEXT_VISIT
26.04,40.4,43.98,105.68,2679.98,70.79,REST_REQUIRED,REST_BEFORE_NEXT_VISIT
26.8,89.94,8.52,80.83,883.36,64.0,REST_RECOMMENDED,REST_RECOMMENDED
26.07,20.48,20.38,105.05,1064.26,54.81,REST_RECOMMENDED,REST_RECOMMENDED
27.15,55.65,36.62,107.8,565.47,63.45,REST_RECOMMENDED,REST_RECOMMENDED
23.58,27.74,21.67,83.16,611.57,39.0,CAUTION,MOVABLE
32.65,84.47,15.32,95.05,829.01,86.11,IMMEDIATE_REST,REST_BEFORE_NEXT_VISIT
25.63,88.81,10.65,57.98,1643.12,61.59,REST_RECOMMENDED,REST_RECOMMENDED
24.96,13.05,30.67,15.37,377.28,31.78,CAUTION,MOVABLE
22.88,132.77,29.35,105.94,208.14,51.99,REST_RECOMMENDED,REST_RECOMMENDED
19.48,102.91,25.16,59.81,81.9,40.7,CAUTION,REST_RECOMMENDED
18.92,87.63,32.59,51.16,1654.57,35.99,CAUTION,MOVABLE
31.09,45.75,23.27,50.44,2248.09,70.97,REST_REQUIRED,REST_BEFORE_NEXT_VISIT
19.68,62.15,17.37,37.33,268.72,23.45,LOW,MOVABLE
18.02,54.62,21.42,47.56,1464.0,21.29,LOW,MOVABLE
26.12,76.31,23.07,111.33,886.56,72.39,REST_REQUIRED,REST_BEFORE_NEXT_VISIT
28.26,105.83,26.67,21.99,294.0,80.29,REST_REQUIRED,REST_BEFORE_NEXT_VISIT
21.95,50.92,11.72,61.64,383.88,27.0,LOW,MOVABLE
24.84,89.89,43.7,73.64,1050.38,61.21,REST_RECOMMENDED,REST_RECOMMENDED
24.61,101.12,10.2,30.1,1680.88,56.86,REST_RECOMMENDED,REST_RECOMMENDED
30.32,66.96,11.17,48.42,404.42,72.0,REST_REQUIRED,REST_BEFORE_NEXT_VISIT
27.46,100.53,5.21,81.69,1430.52,74.76,REST_REQUIRED,REST_BEFORE_NEXT_VISIT
30.92,5.45,33.18,96.46,2152.31,74.23,REST_REQUIRED,REST_BEFORE_NEXT_VISIT
21.68,72.51,14.92,39.62,147.06,33.53,CAUTION,MOVABLE
29.91,29.1,39.95,46.19,2119.62,72.49,REST_REQUIRED,REST_BEFORE_NEXT_VISIT
24.71,7.69,40.5,28.93,92.94,29.81,LOW,MOVABLE
26.37,65.44,25.2,16.37,1004.1,65.08,REST_RECOMMENDED,REST_RECOMMENDED
17.49,111.61,20.29,44.32,1152.37,41.03,CAUTION,REST_RECOMMENDED
26.42,58.29,24.92,104.05,859.48,64.1,REST_RECOMMENDED,REST_RECOMMENDED
19.77,125.41,29.15,12.54,694.19,35.51,CAUTION,MOVABLE
18.86,31.72,23.2,59.08,77.37,17.07,LOW,MOVABLE
19.1,98.31,14.92,167.04,1040.35,40.02,CAUTION,REST_RECOMMENDED
19.36,24.18,35.35,166.71,611.41,20.24,LOW,MOVABLE
25.29,46.08,19.14,43.0,708.96,52.74,REST_RECOMMENDED,REST_RECOMMENDED
29.55,47.47,22.93,144.22,203.72,78.19,REST_REQUIRED,REST_BEFORE_NEXT_VISIT
23.8,80.98,39.19,107.11,2077.89,59.58,REST_RECOMMENDED,REST_RECOMMENDED
26.68,25.77,46.58,85.79,1147.4,57.12,REST_RECOMMENDED,REST_RECOMMENDED
32.28,45.47,19.99,159.21,219.11,68.65,REST_RECOMMENDED,REST_RECOMMENDED
30.5,105.74,23.13,90.13,636.45,96.23,IMMEDIATE_REST,REST_BEFORE_NEXT_VISIT
20.69,98.4,25.8,60.42,1835.98,46.84,CAUTION,REST_RECOMMENDED
23.24,35.49,36.58,64.92,1243.34,52.81,REST_RECOMMENDED,REST_RECOMMENDED
22.51,98.22,12.58,55.82,2207.65,45.97,CAUTION,REST_RECOMMENDED
26.98,76.89,19.96,31.44,991.34,65.57,REST_RECOMMENDED,REST_RECOMMENDED
28.32,106.56,39.93,100.8,1654.47,98.8,IMMEDIATE_REST,REST_BEFORE_NEXT_VISIT
16.88,51.93,29.67,44.61,430.04,22.62,LOW,MOVABLE
18.8,111.44,34.84,29.8,1165.22,37.28,CAUTION,MOVABLE
18.48,35.83,16.5,126.33,1010.76,26.04,LOW,MOVABLE
22.6,101.18,18.89,47.87,1087.01,50.25,REST_RECOMMENDED,REST_RECOMMENDED
28.15,37.54,15.98,158.62,237.74,68.89,REST_RECOMMENDED,REST_RECOMMENDED
17.28,27.38,11.08,101.68,2630.41,17.7,LOW,MOVABLE
24.99,24.13,15.34,61.52,492.75,32.86,CAUTION,MOVABLE
22.62,75.26,16.7,76.12,1676.7,41.59,CAUTION,REST_RECOMMENDED
24.78,7.64,42.43,57.83,1371.47,39.54,CAUTION,REST_RECOMMENDED
25.8,32.7,12.09,75.88,1364.43,57.2,REST_RECOMMENDED,REST_RECOMMENDED
25.46,65.38,32.55,54.39,86.1,65.02,REST_RECOMMENDED,REST_RECOMMENDED
16.27,102.71,32.21,60.82,462.12,44.72,CAUTION,REST_RECOMMENDED
29.57,154.53,28.73,132.43,1549.04,100.0,IMMEDIATE_REST,REST_BEFORE_NEXT_VISIT
33.64,42.74,20.18,112.53,1033.69,82.54,REST_REQUIRED,REST_BEFORE_NEXT_VISIT
18.82,94.39,20.75,132.88,1893.48,47.26,CAUTION,REST_RECOMMENDED
33.3,105.54,13.22,66.97,1519.39,91.64,IMMEDIATE_REST,REST_BEFORE_NEXT_VISIT
18.01,48.34,9.36,111.49,1684.45,20.0,LOW,MOVABLE
27.83,51.34,18.17,168.2,1224.54,67.38,REST_RECOMMENDED,REST_RECOMMENDED
31.34,16.19,4.61,109.3,136.25,61.59,REST_RECOMMENDED,REST_RECOMMENDED
16.59,49.24,25.75,94.86,695.61,30.56,CAUTION,MOVABLE
30.4,49.26,27.01,122.32,844.66,78.79,REST_REQUIRED,REST_BEFORE_NEXT_VISIT
30.85,69.63,2.76,157.96,383.42,82.81,REST_REQUIRED,REST_BEFORE_NEXT_VISIT
24.29,120.09,40.33,127.68,451.36,64.17,REST_RECOMMENDED,REST_RECOMMENDED
27.3,18.81,30.32,71.22,663.95,55.15,REST_RECOMMENDED,REST_RECOMMENDED
22.83,63.38,23.4,137.65,1645.74,48.65,CAUTION,REST_RECOMMENDED
27.71,67.5,34.55,41.28,444.19,71.28,REST_REQUIRED,REST_BEFORE_NEXT_VISIT
31.85,96.08,34.77,120.08,610.27,97.92,IMMEDIATE_REST,REST_BEFORE_NEXT_VISIT
26.25,76.77,20.61,87.79,979.64,67.75,REST_RECOMMENDED,REST_RECOMMENDED
20.91,124.88,20.49,64.88,854.0,39.0,CAUTION,MOVABLE
34.1,120.44,33.9,68.19,519.03,95.12,IMMEDIATE_REST,REST_BEFORE_NEXT_VISIT
24.8,74.13,3.06,38.35,240.3,37.98,CAUTION,MOVABLE
28.05,94.18,16.08,56.81,868.05,81.28,REST_REQUIRED,REST_BEFORE_NEXT_VISIT
19.82,38.72,29.51,50.32,983.28,21.0,LOW,MOVABLE
26.55,33.06,26.01,79.93,222.31,54.0,REST_RECOMMENDED,REST_RECOMMENDED
24.56,13.25,22.6,56.54,753.52,30.0,CAUTION,MOVABLE
27.45,80.3,31.49,73.31,2485.76,71.99,REST_REQUIRED,REST_BEFORE_NEXT_VISIT
24.3,71.12,41.16,18.58,1752.29,57.38,REST_RECOMMENDED,REST_RECOMMENDED
19.82,118.26,22.46,63.34,1303.96,46.64,CAUTION,REST_RECOMMENDED
26.83,88.12,29.45,76.29,1216.2,69.71,REST_RECOMMENDED,REST_BEFORE_NEXT_VISIT
25.65,103.08,11.53,53.75,1850.06,72.31,REST_REQUIRED,REST_BEFORE_NEXT_VISIT
25.5,88.11,36.36,82.91,711.65,74.5,REST_REQUIRED,REST_BEFORE_NEXT_VISIT
22.86,15.9,34.72,108.52,658.69,36.39,CAUTION,MOVABLE
26.47,36.49,44.74,53.8,511.43,56.0,REST_RECOMMENDED,REST_RECOMMENDED
30.57,43.51,33.0,18.45,427.49,71.22,REST_REQUIRED,REST_BEFORE_NEXT_VISIT
31.52,104.36,27.41,49.13,2567.86,89.44,IMMEDIATE_REST,REST_BEFORE_NEXT_VISIT
24.71,89.95,27.02,99.15,685.52,59.2,REST_RECOMMENDED,REST_RECOMMENDED
23.67,48.49,22.29,39.61,1323.23,40.52,CAUTION,REST_RECOMMENDED
23.52,101.0,20.18,120.1,1277.76,66.3,REST_RECOMMENDED,REST_RECOMMENDED
23.1,122.98,39.42,102.58,894.18,67.12,REST_RECOMMENDED,REST_RECOMMENDED
28.09,38.23,37.82,101.36,584.11,78.0,REST_REQUIRED,REST_BEFORE_NEXT_VISIT
28.17,105.46,18.32,57.95,1263.66,85.71,IMMEDIATE_REST,REST_BEFORE_NEXT_VISIT
20.17,105.23,39.38,94.34,562.48,47.16,CAUTION,REST_RECOMMENDED
27.3,102.45,38.42,161.68,459.91,80.35,REST_REQUIRED,REST_BEFORE_NEXT_VISIT
22.95,99.13,11.96,25.81,1950.52,40.85,CAUTION,REST_RECOMMENDED
26.75,30.9,2.22,72.15,563.73,50.0,REST_RECOMMENDED,REST_RECOMMENDED
27.95,71.22,12.1,69.75,522.37,66.02,REST_RECOMMENDED,REST_RECOMMENDED
24.94,131.42,13.82,156.33,279.33,58.83,REST_RECOMMENDED,REST_RECOMMENDED
32.82,42.7,10.78,174.91,1072.4,73.81,REST_REQUIRED,REST_BEFORE_NEXT_VISIT
29.39,52.49,28.76,74.6,1543.34,75.11,REST_REQUIRED,REST_BEFORE_NEXT_VISIT
27.93,130.27,28.28,15.41,1555.99,71.67,REST_REQUIRED,REST_BEFORE_NEXT_VISIT
20.56,86.15,21.62,21.62,201.34,25.84,LOW,MOVABLE
29.62,123.95,22.99,128.52,559.68,96.33,IMMEDIATE_REST,REST_BEFORE_NEXT_VISIT
26.55,97.74,47.38,114.99,1649.58,84.55,REST_REQUIRED,REST_BEFORE_NEXT_VISIT
29.8,102.23,18.77,73.3,1830.65,88.83,IMMEDIATE_REST,REST_BEFORE_NEXT_VISIT
29.37,110.76,44.69,80.79,1503.91,98.74,IMMEDIATE_REST,REST_BEFORE_NEXT_VISIT
18.53,59.17,26.19,82.14,1770.08,28.71,LOW,MOVABLE
30.22,122.82,20.28,99.32,263.65,89.21,IMMEDIATE_REST,REST_BEFORE_NEXT_VISIT
30.64,130.27,33.63,51.32,1022.64,95.96,IMMEDIATE_REST,REST_BEFORE_NEXT_VISIT
27.11,124.41,23.6,150.93,860.54,77.0,REST_REQUIRED,REST_BEFORE_NEXT_VISIT
26.97,60.7,2.58,33.05,1044.42,62.21,REST_RECOMMENDED,REST_RECOMMENDED
27.46,78.54,13.05,31.83,486.39,60.56,REST_RECOMMENDED,REST_RECOMMENDED
25.9,103.71,5.12,100.43,855.02,72.77,REST_REQUIRED,REST_BEFORE_NEXT_VISIT
31.39,6.62,15.54,73.19,1618.12,67.12,REST_RECOMMENDED,REST_RECOMMENDED
28.45,80.11,8.01,33.01,134.86,70.35,REST_REQUIRED,REST_BEFORE_NEXT_VISIT
17.36,91.52,10.92,44.28,754.79,33.13,CAUTION,MOVABLE
25.2,75.97,20.56,119.8,309.12,75.36,REST_REQUIRED,REST_BEFORE_NEXT_VISIT
24.99,63.14,39.1,5.81,977.74,56.57,REST_RECOMMENDED,REST_RECOMMENDED
23.17,72.62,31.35,41.68,2240.36,52.0,REST_RECOMMENDED,REST_RECOMMENDED
30.36,69.48,17.29,98.89,2040.98,85.84,IMMEDIATE_REST,REST_BEFORE_NEXT_VISIT
20.76,86.04,43.2,137.51,1199.09,42.59,CAUTION,REST_RECOMMENDED
21.38,16.41,2.1,64.25,284.57,14.59,LOW,MOVABLE
30.83,11.35,30.82,78.17,1503.26,82.54,REST_REQUIRED,REST_BEFORE_NEXT_VISIT
23.07,54.33,48.3,47.54,1989.89,46.17,CAUTION,REST_RECOMMENDED
26.39,155.1,14.03,108.78,1078.99,75.0,REST_REQUIRED,REST_BEFORE_NEXT_VISIT
18.87,61.63,10.65,35.98,441.4,24.91,LOW,MOVABLE
27.8,125.43,13.54,121.28,929.68,81.43,REST_REQUIRED,REST_BEFORE_NEXT_VISIT
28.01,67.11,13.02,62.78,1770.7,87.46,IMMEDIATE_REST,REST_BEFORE_NEXT_VISIT
20.97,93.74,32.9,69.38,658.4,53.83,REST_RECOMMENDED,REST_RECOMMENDED
22.54,56.55,39.51,166.61,669.52,44.01,CAUTION,REST_RECOMMENDED
21.78,88.67,25.84,60.29,1253.11,43.0,CAUTION,REST_RECOMMENDED
21.93,89.0,13.91,145.58,810.16,40.84,CAUTION,REST_RECOMMENDED
27.76,24.53,42.55,48.84,108.69,46.93,CAUTION,REST_RECOMMENDED
19.8,67.96,44.11,149.27,1408.09,41.95,CAUTION,REST_RECOMMENDED
25.28,44.15,27.76,69.02,912.67,57.0,REST_RECOMMENDED,REST_RECOMMENDED
16.71,57.02,9.27,74.55,394.29,14.0,LOW,MOVABLE
28.52,19.69,17.9,118.96,919.31,64.53,REST_RECOMMENDED,REST_RECOMMENDED
26.36,68.53,17.48,30.45,216.58,58.93,REST_RECOMMENDED,REST_RECOMMENDED
18.44,91.74,22.64,136.22,174.24,47.43,CAUTION,REST_RECOMMENDED
24.9,97.45,25.3,51.38,1902.51,63.82,REST_RECOMMENDED,REST_RECOMMENDED
22.87,82.73,20.84,36.92,571.02,41.39,CAUTION,REST_RECOMMENDED
25.66,81.74,8.71,87.88,1312.42,62.99,REST_RECOMMENDED,REST_RECOMMENDED
16.21,95.44,35.22,161.09,429.8,47.27,CAUTION,REST_RECOMMENDED
29.65,64.08,1.48,127.7,1786.64,83.19,REST_REQUIRED,REST_BEFORE_NEXT_VISIT
23.26,84.69,15.1,137.66,592.18,50.05,REST_RECOMMENDED,REST_RECOMMENDED
17.99,52.25,27.3,28.93,984.77,15.0,LOW,MOVABLE
23.08,173.07,44.41,83.31,298.93,60.64,REST_RECOMMENDED,REST_RECOMMENDED
22.89,64.54,46.64,97.04,1623.07,51.3,REST_RECOMMENDED,REST_RECOMMENDED
21.63,92.03,17.72,115.62,761.24,48.28,CAUTION,REST_RECOMMENDED
20.52,69.32,18.76,18.66,268.22,20.72,LOW,MOVABLE
18.06,93.56,38.0,74.63,1180.11,46.7,CAUTION,REST_RECOMMENDED
25.79,39.04,34.51,31.63,858.28,56.05,REST_RECOMMENDED,REST_RECOMMENDED
18.02,23.27,4.05,43.82,1221.62,5.61,LOW,MOVABLE
24.57,132.26,24.67,124.55,1221.24,71.93,REST_REQUIRED,REST_BEFORE_NEXT_VISIT
29.6,75.0,27.44,116.34,907.6,90.0,IMMEDIATE_REST,REST_BEFORE_NEXT_VISIT
23.85,30.31,7.98,84.91,1754.5,38.61,CAUTION,MOVABLE
27.12,57.72,24.86,26.1,1212.68,53.57,REST_RECOMMENDED,REST_RECOMMENDED
22.31,72.25,28.77,106.68,1504.25,51.44,REST_RECOMMENDED,REST_RECOMMENDED
27.77,19.02,20.46,50.66,2099.12,52.45,REST_RECOMMENDED,REST_RECOMMENDED
26.59,31.02,22.72,123.53,1163.27,62.0,REST_RECOMMENDED,REST_RECOMMENDED
28.43,14.08,26.02,38.01,115.0,57.03,REST_RECOMMENDED,REST_RECOMMENDED
30.06,61.34,13.97,169.19,1999.52,83.92,REST_REQUIRED,REST_BEFORE_NEXT_VISIT
19.83,116.9,43.3,24.38,302.51,37.55,CAUTION,MOVABLE
25.83,32.02,15.81,40.6,1057.46,52.61,REST_RECOMMENDED,REST_RECOMMENDED
29.01,14.37,38.5,122.16,419.94,75.5,REST_REQUIRED,REST_BEFORE_NEXT_VISIT
17.94,13.23,9.96,125.84,604.39,15.47,LOW,MOVABLE
23.4,91.89,22.8,57.05,747.62,55.0,REST_RECOMMENDED,REST_RECOMMENDED
23.56,29.4,27.36,137.86,973.32,43.71,CAUTION,REST_RECOMMENDED
32.79,59.67,24.02,22.13,748.54,70.84,REST_REQUIRED,REST_BEFORE_NEXT_VISIT
34.46,123.54,11.92,89.35,1271.21,93.36,IMMEDIATE_REST,REST_BEFORE_NEXT_VISIT
20.62,67.26,22.02,43.15,495.46,30.13,CAUTION,MOVABLE
28.32,86.31,31.24,123.38,933.13,91.51,IMMEDIATE_REST,REST_BEFORE_NEXT_VISIT
22.62,32.5,33.57,111.68,232.07,38.51,CAUTION,MOVABLE
32.43,81.09,9.34,48.3,1004.17,80.05,REST_REQUIRED,REST_BEFORE_NEXT_VISIT
27.24,22.63,26.05,100.75,383.28,55.3,REST_RECOMMENDED,REST_RECOMMENDED
26.73,97.0,25.26,89.37,1178.64,77.56,REST_REQUIRED,REST_BEFORE_NEXT_VISIT
23.98,81.64,17.37,139.81,2044.57,57.64,REST_RECOMMENDED,REST_RECOMMENDED
23.06,139.12,24.95,93.06,853.75,64.31,REST_RECOMMENDED,REST_RECOMMENDED
25.01,138.15,12.85,92.23,1799.01,75.0,REST_REQUIRED,REST_BEFORE_NEXT_VISIT
29.49,40.17,5.84,156.01,1020.95,71.68,REST_REQUIRED,REST_BEFORE_NEXT_VISIT
25.42,6.97,39.64,127.64,2705.19,57.0,REST_RECOMMENDED,REST_RECOMMENDED
29.27,52.12,48.76,155.05,2168.86,85.39,IMMEDIATE_REST,REST_BEFORE_NEXT_VISIT
30.92,61.18,25.61,82.79,713.72,87.02,IMMEDIATE_REST,REST_BEFORE_NEXT_VISIT
32.11,25.5,44.95,96.79,849.22,70.0,REST_REQUIRED,REST_BEFORE_NEXT_VISIT
26.2,119.31,12.77,17.15,1167.76,67.47,REST_RECOMMENDED,REST_RECOMMENDED
20.87,129.79,21.91,146.47,113.02,39.0,CAUTION,MOVABLE
33.58,85.53,23.81,154.69,1137.88,87.77,IMMEDIATE_REST,REST_BEFORE_NEXT_VISIT
26.13,89.29,13.37,53.56,390.74,57.0,REST_RECOMMENDED,REST_RECOMMENDED
22.92,119.57,18.59,111.7,45.25,49.11,CAUTION,REST_RECOMMENDED
20.57,143.04,32.21,21.77,663.7,38.38,CAUTION,MOVABLE
17.11,73.05,16.97,93.88,899.79,31.95,CAUTION,MOVABLE
27.53,33.55,16.56,5.66,1031.73,48.0,CAUTION,REST_RECOMMENDED
23.11,106.17,43.5,84.69,265.84,59.0,REST_RECOMMENDED,REST_RECOMMENDED
23.96,49.63,13.05,82.6,1376.33,41.53,CAUTION,REST_RECOMMENDED
23.53,29.46,30.02,42.02,2180.52,38.77,CAUTION,MOVABLE
31.52,59.41,38.94,127.68,786.25,82.17,REST_REQUIRED,REST_BEFORE_NEXT_VISIT
29.4,75.19,6.3,34.27,706.44,75.85,REST_REQUIRED,REST_BEFORE_NEXT_VISIT
27.46,38.84,25.38,22.16,703.28,54.11,REST_RECOMMENDED,REST_RECOMMENDED
30.88,66.29,25.26,4.11,910.88,78.64,REST_REQUIRED,REST_BEFORE_NEXT_VISIT
25.14,94.87,37.2,36.58,859.46,78.41,REST_REQUIRED,REST_BEFORE_NEXT_VISIT
23.11,139.49,43.96,84.65,2387.81,64.0,REST_RECOMMENDED,REST_RECOMMENDED
20.78,58.59,25.24,98.02,2884.89,34.59,CAUTION,MOVABLE
29.66,66.17,33.07,17.45,443.12,79.61,REST_REQUIRED,REST_BEFORE_NEXT_VISIT
27.16,100.83,11.0,112.86,691.2,75.5,REST_REQUIRED,REST_BEFORE_NEXT_VISIT
23.48,60.97,14.89,57.97,864.43,49.75,CAUTION,REST_RECOMMENDED
31.74,65.86,15.55,148.96,912.45,87.29,IMMEDIATE_REST,REST_BEFORE_NEXT_VISIT
30.25,58.61,26.33,41.73,481.97,77.75,REST_REQUIRED,REST_BEFORE_NEXT_VISIT
27.5,65.84,40.35,21.94,189.2,59.0,REST_RECOMMENDED,REST_RECOMMENDED
28.14,116.8,34.66,122.57,1438.82,100.0,IMMEDIATE_REST,REST_BEFORE_NEXT_VISIT
24.49,47.24,33.79,58.87,514.1,44.5,CAUTION,REST_RECOMMENDED
28.16,39.05,22.83,68.16,811.96,81.52,REST_REQUIRED,REST_BEFORE_NEXT_VISIT
24.4,33.01,20.87,56.82,364.29,37.0,CAUTION,MOVABLE
22.68,9.78,30.91,111.67,974.71,30.0,CAUTION,MOVABLE
17.87,133.31,6.51,83.55,1081.39,36.71,CAUTION,MOVABLE
32.64,104.71,35.43,52.05,688.95,88.0,IMMEDIATE_REST,REST_BEFORE_NEXT_VISIT
21.06,24.27,34.88,75.38,1192.84,33.85,CAUTION,MOVABLE
26.83,24.94,39.02,109.97,619.2,55.0,REST_RECOMMENDED,REST_RECOMMENDED
19.09,136.23,15.43,42.71,1217.18,36.68,CAUTION,MOVABLE
22.64,115.91,34.5,19.86,709.08,47.58,CAUTION,REST_RECOMMENDED
25.08,62.37,11.35,80.14,2030.92,69.3,REST_RECOMMENDED,REST_BEFORE_NEXT_VISIT
27.18,100.82,34.45,77.33,1195.53,82.62,REST_REQUIRED,REST_BEFORE_NEXT_VISIT
27.15,57.43,7.27,13.64,2042.81,47.73,CAUTION,REST_RECOMMENDED
22.99,50.52,13.11,125.88,1201.24,33.0,CAUTION,MOVABLE
32.22,96.03,22.9,115.98,714.87,96.87,IMMEDIATE_REST,REST_BEFORE_NEXT_VISIT
29.02,90.63,51.13,76.1,1426.24,95.86,IMMEDIATE_REST,REST_BEFORE_NEXT_VISIT
24.02,55.72,49.59,40.67,913.1,50.19,REST_RECOMMENDED,REST_RECOMMENDED
25.3,51.34,20.3,53.67,746.62,55.78,REST_RECOMMENDED,REST_RECOMMENDED
21.95,105.4,32.68,142.61,890.95,61.74,REST_RECOMMENDED,REST_RECOMMENDED
22.47,95.17,18.0,116.01,450.99,49.72,CAUTION,REST_RECOMMENDED
32.65,71.62,37.09,35.66,409.62,85.87,IMMEDIATE_REST,REST_BEFORE_NEXT_VISIT
28.07,18.79,33.13,81.76,1328.95,72.94,REST_REQUIRED,REST_BEFORE_NEXT_VISIT
20.49,125.62,49.07,33.42,308.52,39.33,CAUTION,REST_RECOMMENDED
26.89,33.95,14.99,19.45,1621.38,49.62,CAUTION,REST_RECOMMENDED
23.37,8.97,17.76,94.83,1559.78,38.0,CAUTION,MOVABLE
31.79,80.31,16.64,97.28,1429.71,85.42,IMMEDIATE_REST,REST_BEFORE_NEXT_VISIT
29.99,65.14,18.9,75.48,503.03,79.43,REST_REQUIRED,REST_BEFORE_NEXT_VISIT
22.78,44.0,15.91,62.12,447.47,31.09,CAUTION,MOVABLE
31.97,106.74,32.63,66.13,987.82,92.74,IMMEDIATE_REST,REST_BEFORE_NEXT_VISIT
30.52,39.48,24.61,121.14,2070.29,77.0,REST_REQUIRED,REST_BEFORE_NEXT_VISIT
31.67,60.82,19.09,52.36,1437.3,78.36,REST_REQUIRED,REST_BEFORE_NEXT_VISIT
22.91,101.29,13.0,96.26,2922.04,53.65,REST_RECOMMENDED,REST_RECOMMENDED
25.65,56.46,18.5,78.95,1142.41,63.99,REST_RECOMMENDED,REST_RECOMMENDED
29.77,68.09,22.77,99.51,416.5,85.04,IMMEDIATE_REST,REST_BEFORE_NEXT_VISIT
25.38,122.25,35.54,92.27,1014.38,91.81,IMMEDIATE_REST,REST_BEFORE_NEXT_VISIT
28.02,108.92,14.56,113.41,1951.35,90.0,IMMEDIATE_REST,REST_BEFORE_NEXT_VISIT
23.1,14.6,42.92,94.16,626.92,48.34,CAUTION,REST_RECOMMENDED
28.21,30.05,52.73,141.23,1064.77,80.0,REST_REQUIRED,REST_BEFORE_NEXT_VISIT
27.76,20.6,27.31,88.59,1688.12,58.21,REST_RECOMMENDED,REST_RECOMMENDED
24.53,63.62,3.39,80.15,553.57,46.92,CAUTION,REST_RECOMMENDED
28.94,64.13,25.03,63.04,610.26,81.0,REST_REQUIRED,REST_BEFORE_NEXT_VISIT
20.75,49.04,30.07,86.25,1097.64,27.0,LOW,MOVABLE
24.18,132.81,1.79,100.27,1576.95,59.95,REST_RECOMMENDED,REST_RECOMMENDED
26.58,53.87,8.61,116.48,1611.93,59.3,REST_RECOMMENDED,REST_RECOMMENDED
32.14,108.66,7.44,50.34,546.19,80.14,REST_REQUIRED,REST_BEFORE_NEXT_VISIT
29.79,48.97,2.12,55.61,1239.96,64.65,REST_RECOMMENDED,REST_RECOMMENDED
23.44,108.79,34.87,139.38,557.89,65.0,REST_RECOMMENDED,REST_RECOMMENDED
19.83,86.1,9.22,22.79,938.61,20.25,LOW,MOVABLE
24.75,49.02,4.4,61.51,1063.57,42.29,CAUTION,REST_RECOMMENDED
23.81,73.75,34.63,63.17,1035.8,59.1,REST_RECOMMENDED,REST_RECOMMENDED
23.73,57.11,15.76,98.26,397.88,46.25,CAUTION,REST_RECOMMENDED
22.74,33.98,19.69,57.32,29.68,28.85,LOW,MOVABLE
32.69,79.91,24.47,83.17,1388.17,83.0,REST_REQUIRED,REST_BEFORE_NEXT_VISIT
31.53,88.19,12.49,155.29,720.82,83.14,REST_REQUIRED,REST_BEFORE_NEXT_VISIT
31.35,39.57,44.77,108.86,2047.92,80.0,REST_REQUIRED,REST_BEFORE_NEXT_VISIT
15.93,90.82,27.7,126.19,201.34,43.36,CAUTION,REST_RECOMMENDED
26.38,123.54,26.11,134.71,310.48,81.06,REST_REQUIRED,REST_BEFORE_NEXT_VISIT
27.27,46.51,21.18,106.43,1999.54,67.66,REST_RECOMMENDED,REST_RECOMMENDED
27.34,45.81,20.74,139.48,260.61,62.22,REST_RECOMMENDED,REST_RECOMMENDED
30.21,148.06,3.99,44.57,1582.49,83.66,REST_REQUIRED,REST_BEFORE_NEXT_VISIT
18.03,101.53,8.72,145.23,283.08,40.02,CAUTION,REST_RECOMMENDED
30.81,81.94,22.06,43.84,726.81,78.55,REST_REQUIRED,REST_BEFORE_NEXT_VISIT
20.82,42.86,16.02,38.41,1903.08,17.62,LOW,MOVABLE
30.5,50.89,20.15,85.87,585.22,72.82,REST_REQUIRED,REST_BEFORE_NEXT_VISIT
27.65,71.74,14.17,27.17,1701.08,59.62,REST_RECOMMENDED,REST_RECOMMENDED
28.36,137.48,7.1,16.82,298.55,73.27,REST_REQUIRED,REST_BEFORE_NEXT_VISIT
30.32,39.11,18.47,21.45,645.36,69.94,REST_RECOMMENDED,REST_BEFORE_NEXT_VISIT
23.16,98.96,20.16,28.19,1362.87,63.82,REST_RECOMMENDED,REST_RECOMMENDED
26.13,64.16,17.94,58.29,255.69,58.51,REST_RECOMMENDED,REST_RECOMMENDED
21.41,161.3,29.56,97.78,338.82,51.0,REST_RECOMMENDED,REST_RECOMMENDED
24.99,44.28,25.09,137.81,344.14,47.86,CAUTION,REST_RECOMMENDED
22.04,68.57,18.56,36.06,473.74,36.57,CAUTION,MOVABLE
21.39,78.84,35.51,83.31,1207.15,50.33,REST_RECOMMENDED,REST_RECOMMENDED
27.25,57.21,19.02,71.65,248.35,50.0,REST_RECOMMENDED,REST_RECOMMENDED
27.94,127.81,42.07,154.49,1180.29,86.99,IMMEDIATE_REST,REST_BEFORE_NEXT_VISIT
25.84,7.14,5.26,67.68,2227.25,49.79,CAUTION,REST_RECOMMENDED
19.3,21.23,46.46,81.12,1328.29,22.6,LOW,MOVABLE
27.15,63.64,8.92,7.27,896.46,60.85,REST_RECOMMENDED,REST_RECOMMENDED
17.53,19.1,20.89,23.88,834.73,7.0,LOW,MOVABLE
32.04,93.99,4.79,61.94,1610.79,87.95,IMMEDIATE_REST,REST_BEFORE_NEXT_VISIT
24.27,58.52,4.92,125.09,1363.12,41.11,CAUTION,REST_RECOMMENDED
19.06,99.82,24.76,40.83,941.64,37.83,CAUTION,MOVABLE
17.0,50.9,46.13,66.05,2212.6,31.92,CAUTION,MOVABLE
17.43,72.61,32.55,74.37,829.3,35.74,CAUTION,MOVABLE
29.34,22.12,6.61,28.79,246.85,51.63,REST_RECOMMENDED,REST_RECOMMENDED
17.87,31.91,53.32,64.39,1059.91,31.2,CAUTION,MOVABLE
21.32,44.05,7.94,128.42,2503.17,33.24,CAUTION,MOVABLE
31.79,137.99,21.55,39.04,1800.91,90.29,IMMEDIATE_REST,REST_BEFORE_NEXT_VISIT
25.51,13.5,38.4,22.95,1697.59,53.29,REST_RECOMMENDED,REST_RECOMMENDED
27.68,42.15,4.3,47.11,830.03,48.99,CAUTION,REST_RECOMMENDED
18.5,117.84,17.35,87.79,1486.03,37.0,CAUTION,MOVABLE
24.69,67.57,18.98,54.2,466.39,44.99,CAUTION,REST_RECOMMENDED
21.4,115.02,16.12,40.99,651.39,44.6,CAUTION,REST_RECOMMENDED
20.17,122.64,37.01,58.27,1165.94,45.49,CAUTION,REST_RECOMMENDED
29.31,6.83,22.69,55.24,972.73,65.78,REST_RECOMMENDED,REST_RECOMMENDED
20.78,93.07,45.19,109.88,1198.15,50.85,REST_RECOMMENDED,REST_RECOMMENDED
19.4,115.83,19.61,79.19,1138.81,41.3,CAUTION,REST_RECOMMENDED
16.6,39.63,22.4,46.25,1166.5,28.1,LOW,MOVABLE
27.56,124.13,24.92,137.37,1468.76,82.23,REST_REQUIRED,REST_BEFORE_NEXT_VISIT
29.96,56.11,50.68,32.47,2340.96,77.6,REST_REQUIRED,REST_BEFORE_NEXT_VISIT
27.2,63.55,41.2,101.75,2013.83,78.8,REST_REQUIRED,REST_BEFORE_NEXT_VISIT
32.02,104.47,6.64,97.19,1194.86,87.64,IMMEDIATE_REST,REST_BEFORE_NEXT_VISIT
31.98,30.88,13.82,96.47,1024.48,74.36,REST_REQUIRED,REST_BEFORE_NEXT_VISIT
31.78,112.89,34.11,105.15,846.74,100.0,IMMEDIATE_REST,REST_BEFORE_NEXT_VISIT
28.15,26.57,27.25,118.75,274.06,69.64,REST_RECOMMENDED,REST_BEFORE_NEXT_VISIT
24.92,116.64,42.77,104.62,1492.42,73.14,REST_REQUIRED,REST_BEFORE_NEXT_VISIT
21.97,111.87,21.33,41.0,1288.44,48.42,CAUTION,REST_RECOMMENDED
32.43,27.86,31.12,134.26,432.86,69.0,REST_RECOMMENDED,REST_RECOMMENDED
27.11,47.39,13.3,81.03,431.59,59.25,REST_RECOMMENDED,REST_RECOMMENDED
26.72,65.31,14.64,76.41,1324.88,64.0,REST_RECOMMENDED,REST_RECOMMENDED
26.14,121.56,28.51,80.87,1727.09,79.75,REST_REQUIRED,REST_BEFORE_NEXT_VISIT
28.88,140.23,30.51,99.76,1346.29,100.0,IMMEDIATE_REST,REST_BEFORE_NEXT_VISIT
26.72,20.41,18.63,89.34,535.05,51.79,REST_RECOMMENDED,REST_RECOMMENDED
32.63,80.12,19.21,67.89,780.45,81.45,REST_REQUIRED,REST_BEFORE_NEXT_VISIT
24.0,115.67,28.47,50.96,781.54,56.77,REST_RECOMMENDED,REST_RECOMMENDED
23.21,27.93,33.43,59.82,624.56,38.83,CAUTION,MOVABLE
23.25,102.96,16.96,77.16,560.1,59.67,REST_RECOMMENDED,REST_RECOMMENDED
25.94,115.43,16.06,38.19,41.57,68.04,REST_RECOMMENDED,REST_RECOMMENDED
27.34,36.78,23.19,131.82,171.35,62.08,REST_RECOMMENDED,REST_RECOMMENDED
25.27,118.93,17.02,104.72,202.58,73.02,REST_REQUIRED,REST_BEFORE_NEXT_VISIT
22.08,18.74,26.29,75.73,1015.72,27.14,LOW,MOVABLE
29.22,79.19,10.91,152.33,1871.92,85.01,IMMEDIATE_REST,REST_BEFORE_NEXT_VISIT
23.56,78.75,14.93,42.57,2207.81,51.34,REST_RECOMMENDED,REST_RECOMMENDED
30.57,63.99,41.91,168.21,1395.62,100.0,IMMEDIATE_REST,REST_BEFORE_NEXT_VISIT
16.29,75.85,40.7,52.73,453.45,31.99,CAUTION,MOVABLE
22.92,17.58,24.18,75.88,1723.08,26.0,LOW,MOVABLE
30.73,123.72,36.08,49.43,872.19,88.0,IMMEDIATE_REST,REST_BEFORE_NEXT_VISIT
22.93,65.46,19.87,74.65,1629.36,42.64,CAUTION,REST_RECOMMENDED
22.44,71.94,33.5,145.62,1278.27,54.1,REST_RECOMMENDED,REST_RECOMMENDED
21.42,70.09,30.61,81.13,648.19,49.45,CAUTION,REST_RECOMMENDED
29.34,28.53,40.27,107.31,348.34,71.67,REST_REQUIRED,REST_BEFORE_NEXT_VISIT
18.31,120.93,43.52,117.3,998.48,60.27,REST_RECOMMENDED,REST_RECOMMENDED
21.9,28.47,17.11,40.83,565.17,19.34,LOW,MOVABLE
31.86,72.52,20.87,94.78,1217.7,87.28,IMMEDIATE_REST,REST_BEFORE_NEXT_VISIT
19.66,61.53,16.45,49.88,321.94,22.76,LOW,MOVABLE
31.93,94.27,22.25,62.43,410.67,94.03,IMMEDIATE_REST,REST_BEFORE_NEXT_VISIT
32.82,72.97,13.29,7.19,612.88,72.58,REST_REQUIRED,REST_BEFORE_NEXT_VISIT
30.06,40.38,30.71,93.77,115.46,80.61,REST_REQUIRED,REST_BEFORE_NEXT_VISIT
24.41,19.89,3.33,65.48,609.24,30.13,CAUTION,MOVABLE
23.95,7.35,15.71,105.77,1618.67,36.98,CAUTION,MOVABLE
30.99,16.32,39.55,151.65,417.91,69.0,REST_RECOMMENDED,REST_RECOMMENDED
25.47,95.6,40.44,41.05,79.97,72.79,REST_REQUIRED,REST_BEFORE_NEXT_VISIT
26.88,116.87,18.75,82.27,341.76,72.09,REST_REQUIRED,REST_BEFORE_NEXT_VISIT
17.91,26.59,5.51,68.61,548.93,14.76,LOW,MOVABLE
33.07,24.67,33.37,51.33,1076.56,70.67,REST_REQUIRED,REST_BEFORE_NEXT_VISIT
24.7,81.58,9.85,78.87,1201.29,52.06,REST_RECOMMENDED,REST_RECOMMENDED
22.19,88.48,11.94,62.7,1041.01,44.38,CAUTION,REST_RECOMMENDED
26.95,75.07,15.9,54.8,1930.66,60.0,REST_RECOMMENDED,REST_RECOMMENDED
33.7,82.28,35.71,35.76,394.76,81.5,REST_REQUIRED,REST_BEFORE_NEXT_VISIT
24.51,70.93,16.98,128.12,295.69,49.78,CAUTION,REST_RECOMMENDED
29.36,103.14,29.39,139.42,1240.56,99.69,IMMEDIATE_REST,REST_BEFORE_NEXT_VISIT
18.54,102.42,53.71,110.15,446.2,45.3,CAUTION,REST_RECOMMENDED
17.82,150.49,4.71,103.44,1186.03,39.9,CAUTION,REST_RECOMMENDED
29.31,43.13,38.11,105.71,703.11,78.0,REST_REQUIRED,REST_BEFORE_NEXT_VISIT
22.1,18.37,22.84,24.44,1287.36,20.25,LOW,MOVABLE
24.31,8.27,15.77,79.31,1092.7,36.87,CAUTION,MOVABLE
32.27,61.73,3.77,37.46,704.17,70.91,REST_REQUIRED,REST_BEFORE_NEXT_VISIT
22.36,22.7,3.76,166.58,326.24,25.0,LOW,MOVABLE
28.12,60.74,16.79,21.31,174.55,67.0,REST_RECOMMENDED,REST_RECOMMENDED
22.24,41.51,13.43,45.85,968.46,25.71,LOW,MOVABLE
24.87,142.57,9.04,39.8,305.84,51.15,REST_RECOMMENDED,REST_RECOMMENDED
17.55,151.23,23.32,168.04,778.28,50.28,REST_RECOMMENDED,REST_RECOMMENDED
29.9,74.59,24.14,77.32,855.02,83.88,REST_REQUIRED,REST_BEFORE_NEXT_VISIT
29.86,74.92,12.48,110.9,1567.31,86.21,IMMEDIATE_REST,REST_BEFORE_NEXT_VISIT
29.74,18.27,11.51,127.74,978.48,66.19,REST_RECOMMENDED,REST_RECOMMENDED
17.61,58.89,50.25,53.63,328.99,26.29,LOW,MOVABLE
28.84,142.76,30.59,66.32,314.77,92.0,IMMEDIATE_REST,REST_BEFORE_NEXT_VISIT
28.26,90.01,24.7,72.04,328.63,92.98,IMMEDIATE_REST,REST_BEFORE_NEXT_VISIT
19.51,92.33,37.54,54.61,128.42,38.14,CAUTION,MOVABLE
27.06,71.96,44.31,70.85,1569.9,71.0,REST_REQUIRED,REST_BEFORE_NEXT_VISIT
29.34,69.54,16.55,130.04,1789.54,88.19,IMMEDIATE_REST,REST_BEFORE_NEXT_VISIT
16.04,172.01,21.67,72.08,939.02,42.2,CAUTION,REST_RECOMMENDED
24.87,112.1,10.36,63.92,118.27,57.67,REST_RECOMMENDED,REST_RECOMMENDED
25.49,137.51,26.56,39.15,1215.88,74.03,REST_REQUIRED,REST_BEFORE_NEXT_VISIT
20.18,72.01,17.36,76.62,929.68,30.47,CAUTION,MOVABLE
17.6,94.13,45.4,19.69,1133.48,39.39,CAUTION,REST_RECOMMENDED
28.09,40.29,43.47,45.71,589.83,74.2,REST_REQUIRED,REST_BEFORE_NEXT_VISIT
18.82,93.82,15.7,31.22,2088.44,36.85,CAUTION,MOVABLE
26.65,46.87,7.02,53.27,957.59,49.68,CAUTION,REST_RECOMMENDED
33.25,137.92,16.62,43.01,2098.53,84.67,REST_REQUIRED,REST_BEFORE_NEXT_VISIT
17.69,119.08,36.01,112.63,1240.33,50.64,REST_RECOMMENDED,REST_RECOMMENDED
28.7,55.89,38.2,48.34,973.91,75.18,REST_REQUIRED,REST_BEFORE_NEXT_VISIT
24.65,46.55,5.2,111.6,411.06,39.59,CAUTION,REST_RECOMMENDED
21.74,65.36,24.48,152.49,2106.91,51.76,REST_RECOMMENDED,REST_RECOMMENDED
27.78,86.91,10.13,47.14,579.71,60.27,REST_RECOMMENDED,REST_RECOMMENDED
21.78,10.97,13.27,56.88,1612.59,28.5,LOW,MOVABLE
29.54,28.55,16.73,52.89,424.41,57.04,REST_RECOMMENDED,REST_RECOMMENDED
30.52,88.04,17.69,84.43,682.63,85.47,IMMEDIATE_REST,REST_BEFORE_NEXT_VISIT
31.92,61.46,8.58,29.56,1275.64,69.0,REST_RECOMMENDED,REST_RECOMMENDED
29.22,141.1,4.38,166.56,980.82,90.4,IMMEDIATE_REST,REST_BEFORE_NEXT_VISIT
27.78,129.66,8.71,116.06,398.63,69.84,REST_RECOMMENDED,REST_BEFORE_NEXT_VISIT
24.32,66.18,22.96,94.33,753.43,64.23,REST_RECOMMENDED,REST_RECOMMENDED
22.93,68.44,19.0,66.65,1446.17,39.0,CAUTION,MOVABLE
22.21,64.42,26.6,129.8,204.87,41.0,CAUTION,REST_RECOMMENDED
24.01,11.28,31.43,169.94,597.8,44.05,CAUTION,REST_RECOMMENDED
27.33,29.73,27.12,116.14,1571.23,54.0,REST_RECOMMENDED,REST_RECOMMENDED
19.64,34.77,39.33,118.81,2019.48,32.35,CAUTION,MOVABLE
26.3,107.02,25.96,5.35,1005.4,72.4,REST_REQUIRED,REST_BEFORE_NEXT_VISIT
25.24,44.83,11.62,55.17,944.12,54.05,REST_RECOMMENDED,REST_RECOMMENDED
20.2,40.56,32.27,122.29,819.86,28.0,LOW,MOVABLE
22.6,45.69,2.11,32.09,353.15,21.23,LOW,MOVABLE
22.12,19.2,25.48,74.56,424.97,26.12,LOW,MOVABLE
25.86,54.66,44.32,85.16,1403.71,68.75,REST_RECOMMENDED,REST_RECOMMENDED
29.83,111.49,10.28,64.45,510.94,92.89,IMMEDIATE_REST,REST_BEFORE_NEXT_VISIT
26.53,26.96,29.65,70.32,65.59,48.55,CAUTION,REST_RECOMMENDED
25.99,54.57,5.34,100.76,1480.38,59.18,REST_RECOMMENDED,REST_RECOMMENDED
26.86,41.31,22.0,46.83,443.54,59.47,REST_RECOMMENDED,REST_RECOMMENDED
18.23,93.48,20.05,64.45,223.18,40.05,CAUTION,REST_RECOMMENDED
29.26,101.28,4.74,77.49,2698.76,84.83,REST_REQUIRED,REST_BEFORE_NEXT_VISIT
19.32,107.57,21.64,47.76,1443.53,37.0,CAUTION,MOVABLE
17.73,122.38,37.08,107.68,867.8,48.66,CAUTION,REST_RECOMMENDED
25.37,109.14,30.97,109.6,846.94,83.6,REST_REQUIRED,REST_BEFORE_NEXT_VISIT
32.27,81.13,23.48,114.8,689.45,84.53,REST_REQUIRED,REST_BEFORE_NEXT_VISIT
23.76,93.88,6.49,108.2,659.14,57.76,REST_RECOMMENDED,REST_RECOMMENDED
23.93,71.05,7.5,75.23,1548.57,48.23,CAUTION,REST_RECOMMENDED
28.71,131.86,21.59,18.42,511.05,83.59,REST_REQUIRED,REST_BEFORE_NEXT_VISIT
23.98,113.58,42.57,53.89,438.79,62.21,REST_RECOMMENDED,REST_RECOMMENDED
21.43,28.78,34.13,27.99,598.95,21.61,LOW,MOVABLE
19.99,55.15,43.53,102.78,1514.57,33.87,CAUTION,MOVABLE
27.62,11.54,24.11,111.47,326.71,51.0,REST_RECOMMENDED,REST_RECOMMENDED
31.27,82.4,23.76,155.16,713.2,90.79,IMMEDIATE_REST,REST_BEFORE_NEXT_VISIT
33.64,111.21,26.97,28.61,530.36,87.81,IMMEDIATE_REST,REST_BEFORE_NEXT_VISIT
29.88,27.84,10.81,54.51,936.24,60.76,REST_RECOMMENDED,REST_RECOMMENDED
20.43,68.39,33.03,103.68,35.01,34.0,CAUTION,MOVABLE
26.08,117.72,50.28,69.73,268.85,75.12,REST_REQUIRED,REST_BEFORE_NEXT_VISIT
22.63,141.34,10.04,128.54,805.08,51.33,REST_RECOMMENDED,REST_RECOMMENDED
31.45,64.69,14.39,78.27,987.0,77.0,REST_REQUIRED,REST_BEFORE_NEXT_VISIT
25.58,21.18,4.51,40.7,1201.9,46.28,CAUTION,REST_RECOMMENDED
24.11,20.46,7.58,69.21,1497.95,29.0,LOW,MOVABLE
29.17,75.81,23.95,117.56,1253.82,93.27,IMMEDIATE_REST,REST_BEFORE_NEXT_VISIT
26.47,62.16,11.08,122.94,123.55,62.0,REST_RECOMMENDED,REST_RECOMMENDED
32.43,75.7,13.23,99.8,1814.82,85.14,IMMEDIATE_REST,REST_BEFORE_NEXT_VISIT
25.59,88.41,48.07,72.75,987.87,77.88,REST_REQUIRED,REST_BEFORE_NEXT_VISIT
32.01,87.55,24.22,146.88,339.52,84.72,REST_REQUIRED,REST_BEFORE_NEXT_VISIT
26.47,75.36,45.28,45.72,88.4,70.69,REST_REQUIRED,REST_BEFORE_NEXT_VISIT
25.97,79.29,46.35,18.94,1304.42,66.43,REST_RECOMMENDED,REST_RECOMMENDED
33.98,73.67,18.64,73.3,1442.46,79.51,REST_REQUIRED,REST_BEFORE_NEXT_VISIT
18.47,90.56,20.53,31.35,1799.21,40.0,CAUTION,REST_RECOMMENDED
20.17,58.86,34.8,27.06,188.16,16.02,LOW,MOVABLE
23.53,166.95,29.19,79.01,1174.31,61.0,REST_RECOMMENDED,REST_RECOMMENDED
27.32,59.05,36.67,86.27,841.38,67.85,REST_RECOMMENDED,REST_RECOMMENDED
26.3,100.75,31.28,23.58,1127.6,73.02,REST_REQUIRED,REST_BEFORE_NEXT_VISIT
17.04,83.09,28.59,77.9,1084.31,38.92,CAUTION,MOVABLE
23.61,108.7,8.56,63.56,289.95,55.26,REST_RECOMMENDED,REST_RECOMMENDED
26.16,129.57,19.67,109.68,645.16,76.76,REST_REQUIRED,REST_BEFORE_NEXT_VISIT
28.9,129.74,16.33,94.39,1055.56,93.92,IMMEDIATE_REST,REST_BEFORE_NEXT_VISIT
29.61,72.61,30.33,80.22,248.55,81.82,REST_REQUIRED,REST_BEFORE_NEXT_VISIT
21.22,81.5,29.96,81.91,455.64,47.61,CAUTION,REST_RECOMMENDED
18.31,64.1,18.94,15.45,1614.02,27.96,LOW,MOVABLE
28.61,111.69,28.62,64.47,1444.1,99.28,IMMEDIATE_REST,REST_BEFORE_NEXT_VISIT
23.09,81.31,10.68,46.06,1551.7,45.0,CAUTION,REST_RECOMMENDED
27.4,111.06,51.26,142.51,2356.71,89.69,IMMEDIATE_REST,REST_BEFORE_NEXT_VISIT
18.19,107.97,44.16,100.66,111.73,47.35,CAUTION,REST_RECOMMENDED
33.31,94.56,30.79,110.19,536.78,100.0,IMMEDIATE_REST,REST_BEFORE_NEXT_VISIT
18.79,45.49,25.65,71.41,382.83,25.64,LOW,MOVABLE
22.33,107.44,22.54,97.35,1162.2,56.84,REST_RECOMMENDED,REST_RECOMMENDED
29.5,28.64,8.14,25.13,2417.94,57.88,REST_RECOMMENDED,REST_RECOMMENDED
29.79,8.86,37.8,168.23,1829.75,75.8,REST_REQUIRED,REST_BEFORE_NEXT_VISIT
24.6,136.62,38.95,79.83,264.14,59.0,REST_RECOMMENDED,REST_RECOMMENDED
23.73,33.4,40.29,126.48,367.77,52.36,REST_RECOMMENDED,REST_RECOMMENDED
26.79,18.28,31.3,99.29,766.68,55.0,REST_RECOMMENDED,REST_RECOMMENDED
23.38,14.28,20.18,19.98,693.5,30.77,CAUTION,MOVABLE
25.79,56.11,44.71,55.39,1014.47,64.77,REST_RECOMMENDED,REST_RECOMMENDED
21.47,68.81,33.65,46.58,1926.15,42.91,CAUTION,REST_RECOMMENDED
29.7,101.19,19.13,99.37,1921.33,95.18,IMMEDIATE_REST,REST_BEFORE_NEXT_VISIT
21.09,81.51,13.8,91.21,2496.03,45.8,CAUTION,REST_RECOMMENDED
27.72,84.67,32.16,74.63,703.47,74.18,REST_REQUIRED,REST_BEFORE_NEXT_VISIT
20.23,81.4,21.82,104.42,238.59,33.31,CAUTION,MOVABLE
33.37,51.28,7.84,110.43,802.56,74.55,REST_REQUIRED,REST_BEFORE_NEXT_VISIT
24.5,37.16,23.43,17.41,1741.12,41.21,CAUTION,REST_RECOMMENDED
27.82,97.65,39.01,72.57,839.99,84.83,REST_REQUIRED,REST_BEFORE_NEXT_VISIT
18.5,79.16,10.32,91.11,1427.24,40.05,CAUTION,REST_RECOMMENDED
19.56,44.75,28.58,68.37,593.18,24.09,LOW,MOVABLE
29.54,87.49,12.92,29.53,1282.63,74.63,REST_REQUIRED,REST_BEFORE_NEXT_VISIT
21.48,12.74,30.53,79.96,1976.67,34.31,CAUTION,MOVABLE
31.0,48.59,27.1,120.73,1511.79,80.7,REST_REQUIRED,REST_BEFORE_NEXT_VISIT
22.43,79.63,19.43,87.06,1526.27,42.7,CAUTION,REST_RECOMMENDED
20.45,88.0,6.52,36.98,989.01,20.0,LOW,MOVABLE
30.9,20.54,14.09,147.28,127.48,60.0,REST_RECOMMENDED,REST_RECOMMENDED
29.32,83.53,7.79,154.43,372.83,83.84,REST_REQUIRED,REST_BEFORE_NEXT_VISIT
27.38,158.77,29.13,29.05,1305.08,77.13,REST_REQUIRED,REST_BEFORE_NEXT_VISIT
28.23,73.42,29.53,74.44,1614.85,86.11,IMMEDIATE_REST,REST_BEFORE_NEXT_VISIT
22.11,105.44,17.35,33.2,738.0,48.8,CAUTION,REST_RECOMMENDED
20.44,108.78,33.34,70.15,1958.18,46.68,CAUTION,REST_RECOMMENDED
22.05,24.11,18.66,119.23,2305.8,27.1,LOW,MOVABLE
23.61,147.86,24.78,57.21,1376.74,58.28,REST_RECOMMENDED,REST_RECOMMENDED
31.27,47.78,2.98,41.91,1417.91,65.0,REST_RECOMMENDED,REST_RECOMMENDED
24.18,123.85,22.88,26.56,2721.28,56.09,REST_RECOMMENDED,REST_RECOMMENDED
27.4,113.62,10.95,106.13,1870.94,75.0,REST_REQUIRED,REST_BEFORE_NEXT_VISIT
28.67,71.39,23.32,15.23,504.58,74.0,REST_REQUIRED,REST_BEFORE_NEXT_VISIT
19.15,121.35,36.32,35.04,322.43,37.0,CAUTION,MOVABLE
24.91,53.59,40.23,85.6,596.02,50.83,REST_RECOMMENDED,REST_RECOMMENDED
17.2,92.8,18.36,83.16,749.2,39.1,CAUTION,REST_RECOMMENDED
25.89,114.23,38.81,62.07,801.85,84.55,REST_REQUIRED,REST_BEFORE_NEXT_VISIT
26.39,81.75,29.72,66.22,1365.51,68.33,REST_RECOMMENDED,REST_RECOMMENDED
24.66,107.58,35.75,56.54,470.51,62.5,REST_RECOMMENDED,REST_RECOMMENDED
17.99,78.98,33.11,6.1,76.99,27.32,LOW,MOVABLE
23.95,45.71,28.07,142.76,1221.86,48.62,CAUTION,REST_RECOMMENDED
27.46,147.56,29.55,106.8,940.73,79.7,REST_REQUIRED,REST_BEFORE_NEXT_VISIT
20.98,38.7,33.37,17.99,2029.95,21.62,LOW,MOVABLE
16.44,97.42,35.12,120.53,677.49,45.51,CAUTION,REST_RECOMMENDED
27.65,36.13,10.33,74.4,68.6,55.96,REST_RECOMMENDED,REST_RECOMMENDED
29.08,86.78,6.33,53.88,1571.85,72.0,REST_REQUIRED,REST_BEFORE_NEXT_VISIT
20.29,136.21,47.74,80.84,285.04,39.03,CAUTION,REST_RECOMMENDED
30.86,117.53,4.39,127.3,100.55,84.46,REST_REQUIRED,REST_BEFORE_NEXT_VISIT
23.26,100.79,22.54,106.47,1898.72,67.1,REST_RECOMMENDED,REST_RECOMMENDED
31.32,66.85,30.08,40.91,508.62,80.7,REST_REQUIRED,REST_BEFORE_NEXT_VISIT
29.52,50.01,45.36,52.4,1113.88,76.24,REST_REQUIRED,REST_BEFORE_NEXT_VISIT
29.67,151.46,37.66,43.93,1197.91,92.69,IMMEDIATE_REST,REST_BEFORE_NEXT_VISIT
23.93,31.3,17.85,59.65,612.42,34.0,CAUTION,MOVABLE
26.11,67.67,34.34,109.66,95.68,72.41,REST_REQUIRED,REST_BEFORE_NEXT_VISIT
29.48,28.92,7.5,27.86,509.78,60.29,REST_RECOMMENDED,REST_RECOMMENDED
24.05,20.74,37.63,153.81,567.41,40.55,CAUTION,REST_RECOMMENDED
21.89,102.31,19.49,37.91,334.25,44.69,CAUTION,REST_RECOMMENDED
29.42,120.64,29.53,47.66,282.25,86.01,IMMEDIATE_REST,REST_BEFORE_NEXT_VISIT
29.05,35.19,37.57,87.53,1082.97,78.54,REST_REQUIRED,REST_BEFORE_NEXT_VISIT
17.63,45.85,53.01,97.9,50.97,25.86,LOW,MOVABLE
26.93,38.16,25.95,63.53,909.04,59.47,REST_RECOMMENDED,REST_RECOMMENDED
29.69,53.47,11.25,48.9,1539.03,69.85,REST_RECOMMENDED,REST_BEFORE_NEXT_VISIT
26.13,70.61,15.84,118.23,766.31,67.87,REST_RECOMMENDED,REST_RECOMMENDED
23.93,125.82,34.93,74.73,669.18,65.31,REST_RECOMMENDED,REST_RECOMMENDED
27.26,20.21,32.73,16.51,1054.55,47.54,CAUTION,REST_RECOMMENDED
21.32,53.47,17.49,134.82,1590.15,33.0,CAUTION,MOVABLE
33.39,57.35,27.02,61.65,819.26,75.49,REST_REQUIRED,REST_BEFORE_NEXT_VISIT
31.93,17.23,12.71,28.57,1188.86,59.03,REST_RECOMMENDED,REST_RECOMMENDED
17.32,154.04,30.44,57.83,889.63,43.96,CAUTION,REST_RECOMMENDED
30.8,67.13,43.93,87.27,1359.71,94.06,IMMEDIATE_REST,REST_BEFORE_NEXT_VISIT
17.84,59.51,36.45,17.41,2532.93,27.34,LOW,MOVABLE
27.4,33.25,25.63,33.84,1216.18,55.45,REST_RECOMMENDED,REST_RECOMMENDED
20.45,69.97,16.24,62.69,2475.53,34.01,CAUTION,MOVABLE
32.4,80.23,3.41,89.09,1013.32,77.59,REST_REQUIRED,REST_BEFORE_NEXT_VISIT
28.8,94.46,9.38,14.53,156.7,75.63,REST_REQUIRED,REST_BEFORE_NEXT_VISIT
19.24,94.36,38.63,38.48,79.31,40.39,CAUTION,REST_RECOMMENDED
25.58,82.11,19.04,144.66,686.26,68.28,REST_RECOMMENDED,REST_RECOMMENDED
20.58,15.47,30.36,129.08,166.93,22.3,LOW,MOVABLE
23.77,104.67,32.73,104.34,896.79,70.38,REST_REQUIRED,REST_BEFORE_NEXT_VISIT
31.26,55.7,8.48,115.33,289.84,73.49,REST_REQUIRED,REST_BEFORE_NEXT_VISIT
20.21,82.26,13.68,113.25,2143.64,32.0,CAUTION,MOVABLE
28.48,44.29,31.29,60.69,1645.44,77.67,REST_REQUIRED,REST_BEFORE_NEXT_VISIT
23.54,75.79,48.21,61.43,594.15,59.87,REST_RECOMMENDED,REST_RECOMMENDED
23.21,32.7,4.84,65.72,473.65,34.0,CAUTION,MOVABLE
21.28,141.97,2.76,82.74,298.68,43.12,CAUTION,REST_RECOMMENDED
26.31,75.21,41.34,60.62,2149.5,73.95,REST_REQUIRED,REST_BEFORE_NEXT_VISIT
17.45,70.52,39.34,79.53,716.95,39.87,CAUTION,REST_RECOMMENDED
25.39,62.09,8.73,122.12,1992.31,66.79,REST_RECOMMENDED,REST_RECOMMENDED
18.49,43.67,26.21,41.81,1399.13,21.44,LOW,MOVABLE
28.13,4.09,45.22,129.15,1400.65,77.84,REST_REQUIRED,REST_BEFORE_NEXT_VISIT
20.84,87.41,21.0,16.24,1120.63,29.2,LOW,MOVABLE
21.41,90.97,35.32,99.68,1397.84,59.42,REST_RECOMMENDED,REST_RECOMMENDED
20.49,88.65,39.48,19.92,1455.38,29.8,LOW,MOVABLE
25.84,46.67,11.72,83.35,793.41,58.59,REST_RECOMMENDED,REST_RECOMMENDED
27.76,63.92,11.71,14.49,694.3,55.0,REST_RECOMMENDED,REST_RECOMMENDED
31.99,107.5,37.87,12.59,442.23,88.93,IMMEDIATE_REST,REST_BEFORE_NEXT_VISIT
21.76,58.4,16.62,69.03,196.82,29.53,LOW,MOVABLE
19.02,111.23,32.87,70.4,1461.94,47.26,CAUTION,REST_RECOMMENDED
24.26,23.36,29.1,95.35,545.37,37.0,CAUTION,MOVABLE
25.26,46.92,15.66,7.12,865.43,50.34,REST_RECOMMENDED,REST_RECOMMENDED
27.25,53.22,45.64,67.54,264.09,61.71,REST_RECOMMENDED,REST_RECOMMENDED
20.4,71.12,7.8,19.42,610.38,23.91,LOW,MOVABLE
19.6,67.29,38.96,80.87,1459.67,42.46,CAUTION,REST_RECOMMENDED
33.05,97.52,48.0,120.87,507.48,95.42,IMMEDIATE_REST,REST_BEFORE_NEXT_VISIT
28.58,37.25,33.35,143.51,2167.93,80.0,REST_REQUIRED,REST_BEFORE_NEXT_VISIT
27.55,94.24,34.62,128.91,487.95,79.0,REST_REQUIRED,REST_BEFORE_NEXT_VISIT
23.71,71.03,23.13,60.05,1560.64,57.7,REST_RECOMMENDED,REST_RECOMMENDED
22.16,31.6,13.9,26.47,302.37,25.57,LOW,MOVABLE
26.03,35.67,34.46,67.82,374.0,60.99,REST_RECOMMENDED,REST_RECOMMENDED
26.46,124.73,11.24,95.19,254.5,71.09,REST_REQUIRED,REST_BEFORE_NEXT_VISIT
16.55,128.07,26.47,45.09,479.44,35.39,CAUTION,MOVABLE
22.64,31.29,13.62,37.89,293.58,21.0,LOW,MOVABLE
27.85,134.27,23.21,149.98,250.23,75.4,REST_REQUIRED,REST_BEFORE_NEXT_VISIT
30.48,115.73,15.69,123.08,1064.29,93.45,IMMEDIATE_REST,REST_BEFORE_NEXT_VISIT
28.81,49.19,40.47,120.36,526.79,78.0,REST_REQUIRED,REST_BEFORE_NEXT_VISIT
29.28,47.92,25.41,89.25,720.93,75.2,REST_REQUIRED,REST_BEFORE_NEXT_VISIT
30.26,102.94,24.61,35.45,702.73,89.32,IMMEDIATE_REST,REST_BEFORE_NEXT_VISIT
18.3,75.92,10.85,78.99,313.36,26.92,LOW,MOVABLE
27.89,74.59,24.34,133.39,1430.14,74.32,REST_REQUIRED,REST_BEFORE_NEXT_VISIT
19.49,25.01,13.64,80.36,1185.21,15.03,LOW,MOVABLE
27.08,107.35,35.61,131.39,1649.32,86.09,IMMEDIATE_REST,REST_BEFORE_NEXT_VISIT
19.84,58.53,43.86,57.83,301.92,21.25,LOW,MOVABLE
27.96,98.64,24.85,8.71,506.16,72.73,REST_REQUIRED,REST_BEFORE_NEXT_VISIT
24.84,64.15,20.98,125.46,567.98,54.0,REST_RECOMMENDED,REST_RECOMMENDED
31.12,100.41,13.31,106.06,556.14,95.42,IMMEDIATE_REST,REST_BEFORE_NEXT_VISIT
25.5,83.58,26.57,59.04,372.88,69.95,REST_RECOMMENDED,REST_BEFORE_NEXT_VISIT
29.49,20.98,7.39,31.48,241.3,54.24,REST_RECOMMENDED,REST_RECOMMENDED
33.47,27.28,31.23,89.27,1105.18,74.3,REST_REQUIRED,REST_BEFORE_NEXT_VISIT
27.51,64.96,23.5,78.92,1754.05,68.8,REST_RECOMMENDED,REST_RECOMMENDED
22.77,39.94,39.08,81.28,1558.52,44.18,CAUTION,REST_RECOMMENDED
20.18,88.72,50.24,89.66,1681.46,36.58,CAUTION,MOVABLE
21.41,60.37,10.42,156.17,382.02,41.56,CAUTION,REST_RECOMMENDED
32.6,1.95,24.03,114.57,1312.48,77.38,REST_REQUIRED,REST_BEFORE_NEXT_VISIT
20.31,99.43,7.69,70.26,648.07,35.81,CAUTION,MOVABLE
22.31,123.7,46.69,68.62,665.31,57.15,REST_RECOMMENDED,REST_RECOMMENDED
30.01,68.08,5.26,61.89,2108.1,78.55,REST_REQUIRED,REST_BEFORE_NEXT_VISIT
21.6,16.02,16.53,55.13,398.06,18.74,LOW,MOVABLE
24.14,67.88,43.84,89.92,506.55,59.53,REST_RECOMMENDED,REST_RECOMMENDED
23.45,14.74,34.01,173.5,1470.99,47.37,CAUTION,REST_RECOMMENDED
32.72,64.4,13.52,90.92,740.64,82.59,REST_REQUIRED,REST_BEFORE_NEXT_VISIT
32.35,99.17,44.27,70.52,952.57,93.13,IMMEDIATE_REST,REST_BEFORE_NEXT_VISIT
27.78,146.99,9.57,46.3,855.56,63.44,REST_RECOMMENDED,REST_RECOMMENDED
21.39,7.86,23.08,49.19,1333.52,24.97,LOW,MOVABLE
31.15,92.05,45.98,111.6,59.2,96.62,IMMEDIATE_REST,REST_BEFORE_NEXT_VISIT
17.75,89.27,15.75,68.93,1854.49,38.49,CAUTION,MOVABLE
19.58,98.86,19.07,83.35,898.08,41.06,CAUTION,REST_RECOMMENDED
26.49,30.14,15.21,46.98,1017.2,56.03,REST_RECOMMENDED,REST_RECOMMENDED
20.6,11.0,23.13,151.26,1453.48,20.68,LOW,MOVABLE
30.84,80.57,22.73,60.47,422.52,85.46,IMMEDIATE_REST,REST_BEFORE_NEXT_VISIT
17.37,19.68,13.04,155.14,2235.36,16.17,LOW,MOVABLE
19.55,48.33,21.64,67.55,535.58,27.0,LOW,MOVABLE
28.22,103.67,11.16,85.05,628.64,87.43,IMMEDIATE_REST,REST_BEFORE_NEXT_VISIT
23.18,81.24,40.84,126.5,241.46,55.31,REST_RECOMMENDED,REST_RECOMMENDED
19.15,15.52,5.99,37.71,1088.61,10.63,LOW,MOVABLE
24.37,9.29,24.95,147.27,1065.82,41.14,CAUTION,REST_RECOMMENDED
20.82,54.1,17.59,1.83,1266.59,19.84,LOW,MOVABLE
31.24,125.57,23.39,30.09,595.4,87.29,IMMEDIATE_REST,REST_BEFORE_NEXT_VISIT
29.15,88.51,35.36,115.04,979.2,93.86,IMMEDIATE_REST,REST_BEFORE_NEXT_VISIT
22.74,48.23,32.11,81.84,1748.25,38.69,CAUTION,MOVABLE
25.68,65.26,48.19,67.27,1765.89,71.0,REST_REQUIRED,REST_BEFORE_NEXT_VISIT
23.39,39.61,19.15,139.27,1563.85,44.69,CAUTION,REST_RECOMMENDED
28.29,53.56,26.75,113.99,555.51,77.09,REST_REQUIRED,REST_BEFORE_NEXT_VISIT
27.7,48.33,20.51,135.86,1155.2,64.74,REST_RECOMMENDED,REST_RECOMMENDED
24.49,63.32,16.44,31.09,367.11,50.53,REST_RECOMMENDED,REST_RECOMMENDED
22.71,82.98,22.79,96.41,688.53,44.89,CAUTION,REST_RECOMMENDED
29.83,105.99,24.24,88.35,640.05,94.96,IMMEDIATE_REST,REST_BEFORE_NEXT_VISIT
29.27,82.06,3.99,85.87,493.42,74.14,REST_REQUIRED,REST_BEFORE_NEXT_VISIT
28.04,77.62,32.19,134.42,789.5,87.38,IMMEDIATE_REST,REST_BEFORE_NEXT_VISIT
16.54,35.12,36.31,20.73,931.16,21.14,LOW,MOVABLE
25.12,60.6,41.08,113.69,2348.5,81.39,REST_REQUIRED,REST_BEFORE_NEXT_VISIT
21.8,86.75,30.86,83.43,1045.22,46.0,CAUTION,REST_RECOMMENDED
25.32,67.3,28.44,23.36,816.27,63.02,REST_RECOMMENDED,REST_RECOMMENDED
20.47,86.76,10.5,41.69,1028.97,29.69,LOW,MOVABLE
29.72,76.21,12.78,108.21,533.71,83.51,REST_REQUIRED,REST_BEFORE_NEXT_VISIT
18.34,98.41,9.24,91.98,723.71,37.75,CAUTION,MOVABLE
21.53,59.06,38.55,113.46,1661.92,40.0,CAUTION,REST_RECOMMENDED
20.41,80.66,18.13,70.85,232.61,27.85,LOW,MOVABLE
20.63,83.97,25.99,100.17,781.42,39.02,CAUTION,REST_RECOMMENDED
32.12,48.64,22.59,46.78,1357.74,76.69,REST_REQUIRED,REST_BEFORE_NEXT_VISIT
26.36,119.25,21.94,76.83,237.59,71.0,REST_REQUIRED,REST_BEFORE_NEXT_VISIT
31.44,109.21,34.92,44.58,827.59,96.81,IMMEDIATE_REST,REST_BEFORE_NEXT_VISIT
19.98,121.78,41.39,26.05,1889.02,43.63,CAUTION,REST_RECOMMENDED
26.37,83.34,31.62,168.23,1167.38,75.47,REST_REQUIRED,REST_BEFORE_NEXT_VISIT
28.95,102.73,22.4,82.81,1193.23,97.18,IMMEDIATE_REST,REST_BEFORE_NEXT_VISIT
18.71,90.94,37.59,100.13,1583.55,52.38,REST_RECOMMENDED,REST_RECOMMENDED
20.7,118.93,21.3,95.78,1487.6,45.99,CAUTION,REST_RECOMMENDED
23.98,60.14,45.03,137.83,648.91,62.85,REST_RECOMMENDED,REST_RECOMMENDED
31.09,16.08,16.2,65.96,396.29,59.97,REST_RECOMMENDED,REST_RECOMMENDED
15.82,33.69,11.62,106.63,1509.48,26.42,LOW,MOVABLE
16.6,67.14,32.13,63.79,53.73,31.0,CAUTION,MOVABLE
31.75,129.83,26.41,13.88,2590.29,90.35,IMMEDIATE_REST,REST_BEFORE_NEXT_VISIT
17.61,121.28,21.97,28.96,1274.1,35.36,CAUTION,MOVABLE
19.68,125.55,27.31,32.44,657.24,35.69,CAUTION,MOVABLE
26.5,22.28,31.34,19.43,859.7,48.77,CAUTION,REST_RECOMMENDED
22.24,67.74,12.34,36.97,665.35,35.61,CAUTION,MOVABLE
19.61,22.96,31.94,122.91,1754.82,23.09,LOW,MOVABLE
20.0,73.67,33.44,44.4,1206.86,32.46,CAUTION,MOVABLE
25.94,30.89,32.72,23.04,1450.21,57.41,REST_RECOMMENDED,REST_RECOMMENDED
32.48,147.13,27.99,80.0,789.53,91.72,IMMEDIATE_REST,REST_BEFORE_NEXT_VISIT
15.49,157.89,29.92,122.74,787.53,45.63,CAUTION,REST_RECOMMENDED
22.89,81.46,39.57,114.4,1738.38,50.12,REST_RECOMMENDED,REST_RECOMMENDED
34.18,54.24,11.98,22.35,1316.36,65.67,REST_RECOMMENDED,REST_RECOMMENDED
29.84,72.05,14.4,128.64,563.89,83.08,REST_REQUIRED,REST_BEFORE_NEXT_VISIT
24.81,69.78,38.16,106.97,550.72,64.56,REST_RECOMMENDED,REST_RECOMMENDED
23.73,86.73,40.64,98.04,855.89,57.0,REST_RECOMMENDED,REST_RECOMMENDED
25.42,46.4,26.59,42.35,882.66,53.0,REST_RECOMMENDED,REST_RECOMMENDED
18.19,84.57,47.36,82.89,618.03,40.5,CAUTION,REST_RECOMMENDED
28.01,42.25,51.31,6.07,1079.28,76.61,REST_REQUIRED,REST_BEFORE_NEXT_VISIT
32.51,98.06,33.53,107.06,1778.84,100.0,IMMEDIATE_REST,REST_BEFORE_NEXT_VISIT
32.51,73.44,25.21,35.72,822.82,81.27,REST_REQUIRED,REST_BEFORE_NEXT_VISIT
21.11,54.29,33.1,58.52,1888.71,38.27,CAUTION,MOVABLE
30.97,69.21,18.71,68.78,417.27,79.48,REST_REQUIRED,REST_BEFORE_NEXT_VISIT
30.81,64.98,12.96,51.31,2440.46,78.52,REST_REQUIRED,REST_BEFORE_NEXT_VISIT
29.73,136.61,39.64,45.01,1750.37,92.98,IMMEDIATE_REST,REST_BEFORE_NEXT_VISIT
23.27,130.84,15.5,17.74,1751.22,51.98,REST_RECOMMENDED,REST_RECOMMENDED
25.62,79.6,3.07,39.8,209.46,56.2,REST_RECOMMENDED,REST_RECOMMENDED
19.64,99.07,44.74,9.78,1573.48,45.76,CAUTION,REST_RECOMMENDED
25.79,107.89,8.99,90.03,43.02,67.0,REST_RECOMMENDED,REST_RECOMMENDED
19.38,31.31,6.87,98.99,2150.82,22.95,LOW,MOVABLE
26.49,80.55,41.92,61.54,938.21,73.36,REST_REQUIRED,REST_BEFORE_NEXT_VISIT
25.76,126.92,36.71,158.81,1688.37,85.72,IMMEDIATE_REST,REST_BEFORE_NEXT_VISIT
21.7,13.45,29.59,49.8,315.88,20.56,LOW,MOVABLE
25.62,82.49,6.4,107.9,85.14,60.6,REST_RECOMMENDED,REST_RECOMMENDED
23.76,41.94,2.68,101.06,1406.61,44.35,CAUTION,REST_RECOMMENDED
27.98,62.04,10.07,82.98,1694.58,66.47,REST_RECOMMENDED,REST_RECOMMENDED
23.43,87.2,25.87,25.58,1845.67,52.95,REST_RECOMMENDED,REST_RECOMMENDED
17.73,37.71,19.92,26.91,827.76,16.16,LOW,MOVABLE
26.14,72.06,32.53,79.43,1460.31,71.0,REST_REQUIRED,REST_BEFORE_NEXT_VISIT
21.0,44.75,37.84,89.72,1254.51,37.36,CAUTION,MOVABLE
28.71,65.24,8.74,41.27,471.06,69.87,REST_RECOMMENDED,REST_BEFORE_NEXT_VISIT
23.48,38.11,11.27,99.2,330.17,43.99,CAUTION,REST_RECOMMENDED
30.68,77.05,22.84,66.81,1025.37,88.22,IMMEDIATE_REST,REST_BEFORE_NEXT_VISIT
25.77,98.85,25.67,59.95,704.9,73.95,REST_REQUIRED,REST_BEFORE_NEXT_VISIT
29.16,61.86,31.03,102.13,544.56,92.54,IMMEDIATE_REST,REST_BEFORE_NEXT_VISIT
23.8,14.21,30.97,67.11,651.2,44.98,CAUTION,REST_RECOMMENDED
20.35,73.07,26.3,112.76,2203.48,36.98,CAUTION,MOVABLE
25.23,83.38,21.93,72.74,1649.59,71.62,REST_REQUIRED,REST_BEFORE_NEXT_VISIT
19.34,114.08,32.9,56.42,994.63,39.7,CAUTION,REST_RECOMMENDED
23.41,150.78,9.54,136.15,1906.81,58.94,REST_RECOMMENDED,REST_RECOMMENDED
16.87,46.25,20.17,133.02,174.54,22.0,LOW,MOVABLE
30.44,31.63,28.58,95.14,504.83,78.07,REST_REQUIRED,REST_BEFORE_NEXT_VISIT
33.99,77.12,23.93,96.96,1331.74,91.47,IMMEDIATE_REST,REST_BEFORE_NEXT_VISIT
23.84,64.11,6.85,9.93,965.71,42.07,CAUTION,REST_RECOMMENDED
26.01,14.19,8.49,18.95,1798.56,39.58,CAUTION,REST_RECOMMENDED
25.02,57.11,17.21,52.44,1542.4,59.05,REST_RECOMMENDED,REST_RECOMMENDED
26.9,52.81,3.96,162.3,875.98,54.02,REST_RECOMMENDED,REST_RECOMMENDED
33.01,68.15,30.21,56.5,1503.5,83.87,REST_REQUIRED,REST_BEFORE_NEXT_VISIT
27.7,89.66,1.91,42.9,711.56,55.0,REST_RECOMMENDED,REST_RECOMMENDED
30.48,133.04,40.37,73.0,2272.1,100.0,IMMEDIATE_REST,REST_BEFORE_NEXT_VISIT
30.52,53.73,23.11,116.64,738.98,75.0,REST_REQUIRED,REST_BEFORE_NEXT_VISIT
29.95,104.23,18.31,109.73,892.22,93.18,IMMEDIATE_REST,REST_BEFORE_NEXT_VISIT
28.95,75.65,7.78,106.8,507.89,77.0,REST_REQUIRED,REST_BEFORE_NEXT_VISIT
19.22,96.38,23.14,55.69,608.68,37.47,CAUTION,MOVABLE
25.7,7.83,3.45,69.46,586.53,42.0,CAUTION,REST_RECOMMENDED
24.9,15.69,23.35,4.61,898.86,30.96,CAUTION,MOVABLE
19.62,88.66,45.85,77.59,321.89,40.66,CAUTION,REST_RECOMMENDED
28.72,77.62,42.18,19.63,824.88,78.09,REST_REQUIRED,REST_BEFORE_NEXT_VISIT
25.69,65.97,11.48,84.59,750.01,62.99,REST_RECOMMENDED,REST_RECOMMENDED
21.04,85.71,32.06,124.65,125.42,44.39,CAUTION,REST_RECOMMENDED
23.85,48.65,24.23,84.36,1063.16,49.79,CAUTION,REST_RECOMMENDED
17.06,117.03,18.45,51.09,1420.34,33.34,CAUTION,MOVABLE
30.33,33.16,14.3,55.28,370.38,67.0,REST_RECOMMENDED,REST_RECOMMENDED
29.4,41.75,27.83,149.58,1684.97,77.0,REST_REQUIRED,REST_BEFORE_NEXT_VISIT
22.23,43.85,14.56,68.5,373.94,32.98,CAUTION,MOVABLE
22.24,132.42,40.78,51.46,555.95,55.0,REST_RECOMMENDED,REST_RECOMMENDED
28.16,121.69,14.32,13.15,1433.44,83.18,REST_REQUIRED,REST_BEFORE_NEXT_VISIT
17.25,115.87,16.38,61.54,1641.19,41.66,CAUTION,REST_RECOMMENDED
24.98,100.95,44.19,51.32,2196.86,61.48,REST_RECOMMENDED,REST_RECOMMENDED
18.55,59.66,43.0,21.36,2415.88,23.45,LOW,MOVABLE
18.33,64.37,10.47,61.09,1977.07,32.72,CAUTION,MOVABLE
26.02,28.12,20.57,128.02,899.47,58.12,REST_RECOMMENDED,REST_RECOMMENDED
30.39,16.73,23.24,30.81,1915.0,64.33,REST_RECOMMENDED,REST_RECOMMENDED
23.89,71.01,25.14,54.99,598.31,51.15,REST_RECOMMENDED,REST_RECOMMENDED
21.31,82.46,18.46,45.11,234.49,30.0,CAUTION,MOVABLE
18.95,135.93,48.85,49.28,1344.39,40.0,CAUTION,REST_RECOMMENDED
29.87,14.81,19.04,92.63,472.9,66.06,REST_RECOMMENDED,REST_RECOMMENDED
17.52,68.57,5.95,66.44,173.51,23.96,LOW,MOVABLE
31.03,30.49,23.81,30.99,660.32,70.92,REST_REQUIRED,REST_BEFORE_NEXT_VISIT
21.57,50.47,10.77,57.43,1867.18,28.16,LOW,MOVABLE
27.12,73.36,37.51,141.05,570.29,74.92,REST_REQUIRED,REST_BEFORE_NEXT_VISIT
24.63,87.4,34.51,119.47,2257.94,61.33,REST_RECOMMENDED,REST_RECOMMENDED
30.45,34.71,42.78,108.03,1625.92,86.86,IMMEDIATE_REST,REST_BEFORE_NEXT_VISIT
26.68,88.47,40.21,116.43,892.89,73.11,REST_REQUIRED,REST_BEFORE_NEXT_VISIT
25.51,75.44,35.25,59.64,2218.46,70.13,REST_REQUIRED,REST_BEFORE_NEXT_VISIT
26.17,72.1,29.22,33.09,941.05,67.52,REST_RECOMMENDED,REST_RECOMMENDED
18.38,37.09,40.56,78.74,1354.08,30.03,CAUTION,MOVABLE
30.83,40.38,6.44,131.51,1489.48,74.47,REST_REQUIRED,REST_BEFORE_NEXT_VISIT
25.37,71.27,42.19,82.62,1941.2,76.3,REST_REQUIRED,REST_BEFORE_NEXT_VISIT
32.35,58.73,44.0,75.92,477.08,78.47,REST_REQUIRED,REST_BEFORE_NEXT_VISIT
18.72,61.91,11.81,123.8,526.69,30.0,CAUTION,MOVABLE
18.57,66.13,20.84,63.41,469.36,30.0,CAUTION,MOVABLE
17.4,50.26,11.61,43.54,808.36,20.6,LOW,MOVABLE
29.83,82.73,32.28,32.22,197.17,80.94,REST_REQUIRED,REST_BEFORE_NEXT_VISIT
32.46,64.93,40.99,48.33,462.2,87.12,IMMEDIATE_REST,REST_BEFORE_NEXT_VISIT
28.0,71.22,21.97,38.64,478.63,79.52,REST_REQUIRED,REST_BEFORE_NEXT_VISIT
27.18,47.81,25.81,97.48,1399.21,66.88,REST_RECOMMENDED,REST_RECOMMENDED
19.92,40.76,10.42,102.38,610.55,25.36,LOW,MOVABLE
27.11,112.87,6.6,93.78,296.65,71.57,REST_REQUIRED,REST_BEFORE_NEXT_VISIT
22.63,120.38,2.46,45.63,597.37,44.43,CAUTION,REST_RECOMMENDED
26.83,39.54,28.77,93.48,1358.72,65.42,REST_RECOMMENDED,REST_RECOMMENDED
21.33,52.78,16.19,38.67,2095.47,27.35,LOW,MOVABLE
19.75,117.74,30.13,64.92,241.78,40.69,CAUTION,REST_RECOMMENDED
22.5,76.46,13.04,37.42,442.74,35.31,CAUTION,MOVABLE
24.47,116.94,9.91,85.88,907.29,53.03,REST_RECOMMENDED,REST_RECOMMENDED
33.45,55.98,24.53,70.75,1518.67,77.24,REST_REQUIRED,REST_BEFORE_NEXT_VISIT
16.46,112.08,35.97,48.86,1539.16,40.6,CAUTION,REST_RECOMMENDED
22.86,52.86,21.82,107.31,209.6,32.84,CAUTION,MOVABLE
30.73,88.3,26.74,95.14,1201.5,94.72,IMMEDIATE_REST,REST_BEFORE_NEXT_VISIT
21.26,81.95,45.72,161.95,1894.65,55.03,REST_RECOMMENDED,REST_RECOMMENDED
29.96,122.76,15.45,48.29,1336.87,83.0,REST_REQUIRED,REST_BEFORE_NEXT_VISIT
31.94,131.24,32.84,52.67,791.51,92.82,IMMEDIATE_REST,REST_BEFORE_NEXT_VISIT
23.42,70.6,20.8,64.36,458.87,51.38,REST_RECOMMENDED,REST_RECOMMENDED
30.72,29.95,11.76,138.9,795.87,66.75,REST_RECOMMENDED,REST_RECOMMENDED
25.67,140.79,28.51,151.84,94.59,74.0,REST_REQUIRED,REST_BEFORE_NEXT_VISIT
24.58,19.69,17.01,26.91,2439.71,25.0,LOW,MOVABLE
23.09,80.67,47.16,76.72,1272.39,60.06,REST_RECOMMENDED,REST_RECOMMENDED
29.41,56.09,19.32,14.13,106.56,61.6,REST_RECOMMENDED,REST_RECOMMENDED
28.86,74.7,33.22,94.73,2551.06,94.03,IMMEDIATE_REST,REST_BEFORE_NEXT_VISIT
29.15,42.17,19.62,94.2,314.16,70.0,REST_REQUIRED,REST_BEFORE_NEXT_VISIT
28.43,77.78,17.75,40.42,907.95,76.09,REST_REQUIRED,REST_BEFORE_NEXT_VISIT
27.55,85.47,21.99,58.12,1921.13,64.0,REST_RECOMMENDED,REST_RECOMMENDED
32.23,93.13,12.44,146.76,2033.45,90.97,IMMEDIATE_REST,REST_BEFORE_NEXT_VISIT
21.37,108.77,27.38,55.73,696.86,45.0,CAUTION,REST_RECOMMENDED
20.64,45.43,24.53,42.15,1308.95,20.82,LOW,MOVABLE
23.18,154.21,12.73,90.01,414.49,64.31,REST_RECOMMENDED,REST_RECOMMENDED
27.55,97.96,20.62,105.53,1670.46,79.4,REST_REQUIRED,REST_BEFORE_NEXT_VISIT
24.68,45.47,5.73,124.7,209.17,38.08,CAUTION,MOVABLE
23.55,101.46,14.34,146.56,2020.17,60.0,REST_RECOMMENDED,REST_RECOMMENDED
25.24,11.26,15.63,63.66,828.63,45.0,CAUTION,REST_RECOMMENDED
29.89,77.51,39.04,51.04,338.09,80.86,REST_REQUIRED,REST_BEFORE_NEXT_VISIT
24.47,131.74,9.33,66.11,379.42,51.34,REST_RECOMMENDED,REST_RECOMMENDED
23.5,19.73,34.88,35.43,1324.14,35.0,CAUTION,MOVABLE
23.47,72.86,21.93,33.19,1107.06,55.11,REST_RECOMMENDED,REST_RECOMMENDED
17.52,101.08,48.55,37.77,731.75,39.45,CAUTION,REST_RECOMMENDED
23.42,26.2,24.23,93.39,672.74,37.0,CAUTION,MOVABLE
29.5,40.3,13.33,104.08,588.9,71.0,REST_REQUIRED,REST_BEFORE_NEXT_VISIT
17.53,49.55,16.45,83.44,855.45,22.04,LOW,MOVABLE
22.22,19.53,13.6,98.3,1055.38,31.92,CAUTION,MOVABLE
33.32,99.47,44.92,14.38,281.18,88.91,IMMEDIATE_REST,REST_BEFORE_NEXT_VISIT
25.42,42.82,39.89,99.69,543.04,65.28,REST_RECOMMENDED,REST_RECOMMENDED
29.43,72.63,9.61,72.26,30.09,75.69,REST_REQUIRED,REST_BEFORE_NEXT_VISIT
17.68,16.61,11.87,105.59,287.06,14.08,LOW,MOVABLE
29.81,82.49,16.96,76.34,767.37,78.47,REST_REQUIRED,REST_BEFORE_NEXT_VISIT
18.67,26.44,28.69,52.01,816.16,13.1,LOW,MOVABLE
31.37,148.91,31.68,125.64,410.18,94.0,IMMEDIATE_REST,REST_BEFORE_NEXT_VISIT
25.51,41.8,8.29,116.41,1290.98,55.0,REST_RECOMMENDED,REST_RECOMMENDED
30.55,99.12,10.3,24.14,365.77,81.09,REST_REQUIRED,REST_BEFORE_NEXT_VISIT
21.23,62.65,19.99,131.4,1571.84,47.94,CAUTION,REST_RECOMMENDED
27.06,100.47,20.38,133.54,594.0,81.42,REST_REQUIRED,REST_BEFORE_NEXT_VISIT
28.52,115.21,36.44,26.17,922.93,89.78,IMMEDIATE_REST,REST_BEFORE_NEXT_VISIT
23.9,22.9,29.45,89.99,1383.64,37.39,CAUTION,MOVABLE
30.08,34.55,28.57,36.19,409.4,71.79,REST_REQUIRED,REST_BEFORE_NEXT_VISIT
20.52,43.06,27.45,58.53,511.19,18.39,LOW,MOVABLE
24.66,48.98,13.58,72.4,931.38,44.17,CAUTION,REST_RECOMMENDED
21.65,73.65,9.61,150.25,1383.54,41.59,CAUTION,REST_RECOMMENDED
22.89,78.85,31.38,57.71,439.2,39.0,CAUTION,MOVABLE
24.47,101.69,51.88,160.31,384.03,71.35,REST_REQUIRED,REST_BEFORE_NEXT_VISIT
29.43,129.28,4.51,76.69,373.54,84.55,REST_REQUIRED,REST_BEFORE_NEXT_VISIT
25.98,67.01,21.8,63.57,957.94,66.0,REST_RECOMMENDED,REST_RECOMMENDED
23.83,6.71,29.11,77.29,424.71,37.27,CAUTION,MOVABLE
28.49,60.97,27.55,57.1,1802.91,84.68,REST_REQUIRED,REST_BEFORE_NEXT_VISIT
31.74,111.34,28.92,30.7,857.18,89.94,IMMEDIATE_REST,REST_BEFORE_NEXT_VISIT
25.13,28.92,24.88,74.38,729.67,50.93,REST_RECOMMENDED,REST_RECOMMENDED
19.47,62.75,29.84,74.85,679.56,32.06,CAUTION,MOVABLE
22.29,48.42,22.17,26.29,200.7,23.84,LOW,MOVABLE
30.19,80.85,36.95,62.06,337.12,91.94,IMMEDIATE_REST,REST_BEFORE_NEXT_VISIT
17.24,105.93,15.46,17.15,1107.71,31.98,CAUTION,MOVABLE
20.89,80.27,27.45,76.46,664.45,31.44,CAUTION,MOVABLE
29.15,128.86,9.33,64.9,1280.77,87.36,IMMEDIATE_REST,REST_BEFORE_NEXT_VISIT
31.73,46.26,13.59,81.39,1537.88,71.64,REST_REQUIRED,REST_BEFORE_NEXT_VISIT
23.69,96.03,23.35,27.54,757.4,52.0,REST_RECOMMENDED,REST_RECOMMENDED
29.2,19.15,21.06,143.24,1142.97,69.87,REST_RECOMMENDED,REST_BEFORE_NEXT_VISIT
25.82,52.36,28.41,79.21,1931.16,60.26,REST_RECOMMENDED,REST_RECOMMENDED
23.28,11.2,13.54,152.26,1562.96,35.0,CAUTION,MOVABLE
30.84,51.73,3.54,108.32,1001.22,78.7,REST_REQUIRED,REST_BEFORE_NEXT_VISIT
20.64,21.25,18.28,144.58,988.07,21.37,LOW,MOVABLE
18.97,146.54,9.87,80.34,531.42,36.69,CAUTION,MOVABLE
22.11,87.66,12.99,17.51,617.48,30.35,CAUTION,MOVABLE
18.97,79.0,9.62,42.21,1268.47,25.62,LOW,MOVABLE
23.46,25.47,18.9,138.78,1669.92,41.94,CAUTION,REST_RECOMMENDED
19.13,106.33,6.43,109.02,1321.53,38.66,CAUTION,MOVABLE
20.05,75.07,17.49,141.29,1036.4,41.69,CAUTION,REST_RECOMMENDED
23.1,123.89,36.4,79.29,525.89,70.44,REST_REQUIRED,REST_BEFORE_NEXT_VISIT
18.47,75.2,21.72,126.16,685.17,34.83,CAUTION,MOVABLE
16.9,52.55,33.66,23.08,447.16,19.18,LOW,MOVABLE
31.24,84.47,8.23,144.94,1497.32,84.78,REST_REQUIRED,REST_BEFORE_NEXT_VISIT
21.13,34.69,17.4,73.46,1411.8,33.74,CAUTION,MOVABLE
25.63,63.42,31.05,77.31,238.58,69.21,REST_RECOMMENDED,REST_BEFORE_NEXT_VISIT
28.55,99.36,28.2,26.47,154.37,85.8,IMMEDIATE_REST,REST_BEFORE_NEXT_VISIT
30.91,81.99,14.16,16.55,2324.37,75.31,REST_REQUIRED,REST_BEFORE_NEXT_VISIT
18.83,63.61,36.09,117.6,643.39,38.73,CAUTION,MOVABLE
28.22,55.83,27.49,61.74,674.87,75.04,REST_REQUIRED,REST_BEFORE_NEXT_VISIT
32.23,55.46,18.76,124.69,2357.63,77.84,REST_REQUIRED,REST_BEFORE_NEXT_VISIT
30.85,98.69,25.89,45.87,1154.87,88.35,IMMEDIATE_REST,REST_BEFORE_NEXT_VISIT
19.96,50.34,26.88,96.22,646.05,25.89,LOW,MOVABLE
29.48,34.22,11.74,88.62,1464.67,76.28,REST_REQUIRED,REST_BEFORE_NEXT_VISIT
30.8,60.73,10.56,44.42,566.7,73.0,REST_REQUIRED,REST_BEFORE_NEXT_VISIT
28.43,46.73,18.43,75.46,279.38,68.23,REST_RECOMMENDED,REST_RECOMMENDED
22.45,88.76,26.58,63.19,2443.77,45.33,CAUTION,REST_RECOMMENDED
24.83,136.89,39.31,57.6,1341.22,65.52,REST_RECOMMENDED,REST_RECOMMENDED
29.85,47.15,21.7,100.67,402.93,77.64,REST_REQUIRED,REST_BEFORE_NEXT_VISIT
30.16,79.41,22.01,88.28,426.86,85.96,IMMEDIATE_REST,REST_BEFORE_NEXT_VISIT
27.99,121.98,28.25,72.2,374.84,73.0,REST_REQUIRED,REST_BEFORE_NEXT_VISIT
20.28,55.41,25.81,61.57,416.27,23.41,LOW,MOVABLE
29.48,99.28,12.9,100.01,187.22,86.48,IMMEDIATE_REST,REST_BEFORE_NEXT_VISIT
19.03,94.91,15.08,158.93,592.46,46.84,CAUTION,REST_RECOMMENDED
16.82,70.92,24.94,94.35,1879.81,36.0,CAUTION,MOVABLE
22.2,102.44,22.57,150.7,431.56,53.19,REST_RECOMMENDED,REST_RECOMMENDED
19.12,151.48,24.14,101.13,1496.13,45.66,CAUTION,REST_RECOMMENDED
27.03,59.54,22.71,37.44,2243.93,58.5,REST_RECOMMENDED,REST_RECOMMENDED
26.75,78.05,50.14,20.23,1366.18,71.33,REST_REQUIRED,REST_BEFORE_NEXT_VISIT
27.66,44.39,16.59,25.26,103.88,47.15,CAUTION,REST_RECOMMENDED
18.35,5.37,56.46,169.14,356.06,21.83,LOW,MOVABLE
22.29,93.2,20.57,118.4,1791.0,54.0,REST_RECOMMENDED,REST_RECOMMENDED
21.04,67.52,32.38,91.48,735.87,54.19,REST_RECOMMENDED,REST_RECOMMENDED
22.75,23.2,37.63,73.78,1723.92,32.22,CAUTION,MOVABLE
19.3,140.06,35.49,105.76,504.21,46.75,CAUTION,REST_RECOMMENDED
20.56,112.34,25.14,13.36,1106.14,34.0,CAUTION,MOVABLE
31.33,31.83,17.11,116.39,739.01,77.16,REST_REQUIRED,REST_BEFORE_NEXT_VISIT
24.97,103.11,30.74,120.61,694.87,70.65,REST_REQUIRED,REST_BEFORE_NEXT_VISIT
26.13,85.74,16.8,69.57,140.99,63.46,REST_RECOMMENDED,REST_RECOMMENDED
23.85,92.37,21.82,33.91,1501.11,59.15,REST_RECOMMENDED,REST_RECOMMENDED
28.3,53.96,35.85,81.85,2251.5,81.5,REST_REQUIRED,REST_BEFORE_NEXT_VISIT
32.56,59.28,23.69,27.04,1313.78,70.52,REST_REQUIRED,REST_BEFORE_NEXT_VISIT
18.51,36.99,19.25,73.37,1369.02,24.87,LOW,MOVABLE
26.22,19.63,28.17,111.13,684.78,52.0,REST_RECOMMENDED,REST_RECOMMENDED
30.11,42.07,12.25,105.78,1848.19,78.71,REST_REQUIRED,REST_BEFORE_NEXT_VISIT
22.87,110.79,44.62,93.75,937.96,61.24,REST_RECOMMENDED,REST_RECOMMENDED
29.47,57.99,7.43,35.01,2348.18,67.67,REST_RECOMMENDED,REST_RECOMMENDED
32.31,119.08,11.08,140.1,1714.34,91.86,IMMEDIATE_REST,REST_BEFORE_NEXT_VISIT
29.05,79.33,28.82,71.41,181.4,81.46,REST_REQUIRED,REST_BEFORE_NEXT_VISIT
31.0,40.45,35.5,48.59,674.07,79.18,REST_REQUIRED,REST_BEFORE_NEXT_VISIT
23.42,81.47,5.2,106.18,1377.44,58.75,REST_RECOMMENDED,REST_RECOMMENDED
23.56,67.29,46.83,122.82,934.67,57.0,REST_RECOMMENDED,REST_RECOMMENDED
18.57,46.14,26.94,77.87,1677.19,26.24,LOW,MOVABLE
23.75,71.65,19.52,70.46,1639.8,53.66,REST_RECOMMENDED,REST_RECOMMENDED
22.25,71.48,10.66,54.38,376.04,34.38,CAUTION,MOVABLE
24.84,30.72,18.67,26.27,857.31,33.26,CAUTION,MOVABLE
26.84,100.19,20.29,51.5,1882.62,76.83,REST_REQUIRED,REST_BEFORE_NEXT_VISIT
21.6,125.79,6.01,25.52,199.87,36.99,CAUTION,MOVABLE
33.0,36.17,35.99,18.5,2533.99,75.56,REST_REQUIRED,REST_BEFORE_NEXT_VISIT
22.09,114.41,16.82,14.74,421.43,42.31,CAUTION,REST_RECOMMENDED
32.82,44.38,11.88,127.22,746.43,72.98,REST_REQUIRED,REST_BEFORE_NEXT_VISIT
28.08,59.43,29.37,117.26,955.26,75.4,REST_REQUIRED,REST_BEFORE_NEXT_VISIT
25.49,66.52,15.28,111.09,320.45,68.38,REST_RECOMMENDED,REST_RECOMMENDED
28.35,38.71,19.86,114.14,432.1,71.7,REST_REQUIRED,REST_BEFORE_NEXT_VISIT
20.21,90.89,28.09,112.35,163.5,44.21,CAUTION,REST_RECOMMENDED
20.62,147.83,11.32,130.12,1770.35,43.92,CAUTION,REST_RECOMMENDED
27.69,44.01,23.97,45.71,1876.69,61.07,REST_RECOMMENDED,REST_RECOMMENDED
20.01,52.55,10.74,42.42,1028.17,18.06,LOW,MOVABLE
25.42,73.88,1.66,112.48,834.97,63.54,REST_RECOMMENDED,REST_RECOMMENDED
22.8,58.21,17.42,32.28,542.11,29.43,LOW,MOVABLE
25.48,51.22,28.77,48.39,1141.64,59.67,REST_RECOMMENDED,REST_RECOMMENDED
18.47,64.33,40.76,20.45,1282.0,32.89,CAUTION,MOVABLE
22.77,102.34,24.68,93.77,747.77,59.29,REST_RECOMMENDED,REST_RECOMMENDED
30.75,50.65,17.88,43.72,1562.43,68.67,REST_RECOMMENDED,REST_RECOMMENDED
27.53,53.3,22.32,43.04,1351.25,56.96,REST_RECOMMENDED,REST_RECOMMENDED
26.36,100.1,17.9,34.63,1266.26,69.44,REST_RECOMMENDED,REST_BEFORE_NEXT_VISIT
24.69,11.98,23.63,108.67,1245.55,40.97,CAUTION,REST_RECOMMENDED
18.37,33.98,27.67,128.1,137.31,28.69,LOW,MOVABLE
24.69,24.54,22.66,119.73,369.49,36.96,CAUTION,MOVABLE
23.58,43.69,27.06,131.47,508.24,50.03,REST_RECOMMENDED,REST_RECOMMENDED
21.53,115.8,25.9,117.89,676.84,57.56,REST_RECOMMENDED,REST_RECOMMENDED
22.95,97.81,16.11,35.95,1167.88,43.46,CAUTION,REST_RECOMMENDED
26.72,85.01,37.6,62.32,1911.11,76.5,REST_REQUIRED,REST_BEFORE_NEXT_VISIT
29.48,96.47,33.77,116.33,707.24,95.0,IMMEDIATE_REST,REST_BEFORE_NEXT_VISIT
18.56,15.91,9.34,151.38,261.73,11.22,LOW,MOVABLE
24.78,126.64,52.16,18.05,950.38,55.0,REST_RECOMMENDED,REST_RECOMMENDED
28.23,122.2,33.43,42.93,657.03,91.22,IMMEDIATE_REST,REST_BEFORE_NEXT_VISIT
32.71,46.93,24.42,4.03,1670.52,72.63,REST_REQUIRED,REST_BEFORE_NEXT_VISIT
21.53,119.04,37.75,43.79,230.67,45.31,CAUTION,REST_RECOMMENDED
25.15,25.02,25.5,71.18,354.85,53.52,REST_RECOMMENDED,REST_RECOMMENDED
19.5,103.69,13.81,84.64,650.9,43.62,CAUTION,REST_RECOMMENDED
28.53,65.32,22.0,162.49,1873.65,86.0,IMMEDIATE_REST,REST_BEFORE_NEXT_VISIT
30.76,115.47,8.59,125.31,839.74,85.0,IMMEDIATE_REST,REST_BEFORE_NEXT_VISIT
30.26,83.66,5.94,15.16,1079.25,69.0,REST_RECOMMENDED,REST_RECOMMENDED
29.72,139.72,19.41,54.09,102.34,80.61,REST_REQUIRED,REST_BEFORE_NEXT_VISIT
26.0,55.66,1.97,71.16,1001.91,57.45,REST_RECOMMENDED,REST_RECOMMENDED
25.2,113.71,21.26,99.6,485.77,80.31,REST_REQUIRED,REST_BEFORE_NEXT_VISIT
28.28,19.94,11.18,37.5,1372.8,58.0,REST_RECOMMENDED,REST_RECOMMENDED
28.84,64.02,9.77,58.85,1001.3,74.26,REST_REQUIRED,REST_BEFORE_NEXT_VISIT
27.98,64.67,9.25,76.33,1134.42,61.84,REST_RECOMMENDED,REST_RECOMMENDED
31.11,58.05,22.27,27.52,40.41,62.0,REST_RECOMMENDED,REST_RECOMMENDED
29.94,66.29,37.11,72.22,82.11,81.86,REST_REQUIRED,REST_BEFORE_NEXT_VISIT
27.95,97.17,25.32,8.32,1497.6,71.61,REST_REQUIRED,REST_BEFORE_NEXT_VISIT
30.18,97.01,15.39,162.98,2001.62,91.28,IMMEDIATE_REST,REST_BEFORE_NEXT_VISIT
20.36,120.16,16.78,88.15,181.77,33.31,CAUTION,MOVABLE
29.2,54.98,40.64,62.22,1660.79,77.43,REST_REQUIRED,REST_BEFORE_NEXT_VISIT
29.09,38.91,25.47,48.59,751.09,72.42,REST_REQUIRED,REST_BEFORE_NEXT_VISIT
31.45,10.78,34.9,63.33,310.74,67.12,REST_RECOMMENDED,REST_RECOMMENDED
25.73,124.03,15.64,125.03,1180.27,76.59,REST_REQUIRED,REST_BEFORE_NEXT_VISIT
23.44,95.31,38.39,38.2,758.19,64.07,REST_RECOMMENDED,REST_RECOMMENDED
29.88,35.41,13.08,134.64,25.04,72.41,REST_REQUIRED,REST_BEFORE_NEXT_VISIT
20.86,36.19,35.51,58.92,930.14,21.0,LOW,MOVABLE
22.59,114.41,11.7,62.57,113.92,44.69,CAUTION,REST_RECOMMENDED
29.37,65.27,31.93,59.14,1085.5,87.16,IMMEDIATE_REST,REST_BEFORE_NEXT_VISIT
25.02,75.15,12.87,29.22,1196.83,62.28,REST_RECOMMENDED,REST_RECOMMENDED
26.25,79.58,34.21,133.84,1194.28,74.68,REST_REQUIRED,REST_BEFORE_NEXT_VISIT
31.79,101.67,33.03,96.92,521.15,96.94,IMMEDIATE_REST,REST_BEFORE_NEXT_VISIT
26.06,62.93,8.22,94.41,2366.16,68.57,REST_RECOMMENDED,REST_RECOMMENDED
28.05,30.28,17.76,123.19,888.03,72.51,REST_REQUIRED,REST_BEFORE_NEXT_VISIT
23.54,51.99,32.62,56.03,1031.05,44.69,CAUTION,REST_RECOMMENDED
17.79,80.25,24.49,110.25,1738.89,39.82,CAUTION,REST_RECOMMENDED
16.62,42.78,25.15,73.35,249.64,25.3,LOW,MOVABLE
30.4,69.61,19.48,51.57,456.83,76.47,REST_REQUIRED,REST_BEFORE_NEXT_VISIT
21.74,77.41,26.98,93.4,207.91,45.28,CAUTION,REST_RECOMMENDED
17.99,89.67,18.49,77.61,1210.03,32.27,CAUTION,MOVABLE
24.8,136.87,1.09,122.11,623.25,55.0,REST_RECOMMENDED,REST_RECOMMENDED
30.59,61.74,13.41,122.19,47.89,78.46,REST_REQUIRED,REST_BEFORE_NEXT_VISIT
23.83,27.22,47.58,89.02,1119.93,40.89,CAUTION,REST_RECOMMENDED
26.22,141.03,24.43,90.11,1189.78,79.0,REST_REQUIRED,REST_BEFORE_NEXT_VISIT
32.74,26.43,1.98,24.18,1546.7,55.42,REST_RECOMMENDED,REST_RECOMMENDED
19.87,104.87,27.85,109.74,683.67,43.45,CAUTION,REST_RECOMMENDED
19.58,61.78,49.74,73.61,870.68,34.0,CAUTION,MOVABLE
27.61,94.78,22.85,119.93,496.9,78.99,REST_REQUIRED,REST_BEFORE_NEXT_VISIT
22.7,149.37,46.87,77.56,305.65,56.0,REST_RECOMMENDED,REST_RECOMMENDED
18.7,50.31,15.57,78.91,722.04,23.39,LOW,MOVABLE
29.46,48.98,43.57,136.34,1472.15,81.76,REST_REQUIRED,REST_BEFORE_NEXT_VISIT
25.66,65.19,27.04,61.03,1533.32,70.98,REST_REQUIRED,REST_BEFORE_NEXT_VISIT
28.5,148.84,28.27,123.01,1111.89,94.0,IMMEDIATE_REST,REST_BEFORE_NEXT_VISIT
22.38,76.6,24.73,40.63,873.03,37.0,CAUTION,MOVABLE
19.49,28.75,37.98,87.1,561.74,21.69,LOW,MOVABLE
19.58,67.1,16.81,69.16,163.94,25.82,LOW,MOVABLE
30.49,59.75,32.05,101.56,1737.17,85.86,IMMEDIATE_REST,REST_BEFORE_NEXT_VISIT
28.46,31.05,41.86,21.13,1266.64,70.52,REST_REQUIRED,REST_BEFORE_NEXT_VISIT
26.21,141.65,46.76,63.85,504.93,83.51,REST_REQUIRED,REST_BEFORE_NEXT_VISIT
25.66,104.66,11.8,133.43,825.81,73.0,REST_REQUIRED,REST_BEFORE_NEXT_VISIT
19.96,12.3,33.5,104.77,1403.13,24.42,LOW,MOVABLE
26.75,67.38,39.88,33.11,1356.08,69.75,REST_RECOMMENDED,REST_BEFORE_NEXT_VISIT
34.24,47.17,48.54,33.35,2062.99,76.65,REST_REQUIRED,REST_BEFORE_NEXT_VISIT
21.49,32.02,25.5,81.3,1130.68,38.41,CAUTION,MOVABLE
31.7,47.06,29.21,114.82,2228.3,80.22,REST_REQUIRED,REST_BEFORE_NEXT_VISIT
29.61,12.77,33.1,129.76,595.52,70.0,REST_REQUIRED,REST_BEFORE_NEXT_VISIT
30.52,53.59,13.84,171.38,1267.51,79.6,REST_REQUIRED,REST_BEFORE_NEXT_VISIT
33.91,30.93,34.77,138.07,166.03,79.44,REST_REQUIRED,REST_BEFORE_NEXT_VISIT
21.27,51.47,37.83,55.5,317.71,31.34,CAUTION,MOVABLE
19.62,46.84,19.39,84.64,1796.36,21.35,LOW,MOVABLE
27.62,88.78,45.86,39.14,828.07,68.5,REST_RECOMMENDED,REST_RECOMMENDED
28.85,120.06,29.55,20.83,477.13,91.17,IMMEDIATE_REST,REST_BEFORE_NEXT_VISIT
21.14,71.63,18.86,34.54,811.78,33.0,CAUTION,MOVABLE
30.95,57.38,35.0,84.91,897.23,77.33,REST_REQUIRED,REST_BEFORE_NEXT_VISIT
27.46,133.54,16.0,17.74,614.6,66.32,REST_RECOMMENDED,REST_RECOMMENDED
29.85,90.31,41.68,58.67,1540.43,90.0,IMMEDIATE_REST,REST_BEFORE_NEXT_VISIT
20.26,91.21,19.01,77.03,1321.37,37.75,CAUTION,MOVABLE
31.37,126.02,37.0,109.36,385.85,98.54,IMMEDIATE_REST,REST_BEFORE_NEXT_VISIT
33.67,83.86,21.43,80.91,1204.29,87.52,IMMEDIATE_REST,REST_BEFORE_NEXT_VISIT
25.94,25.18,25.79,106.05,969.21,55.47,REST_RECOMMENDED,REST_RECOMMENDED
26.25,141.85,25.35,68.39,499.68,75.95,REST_REQUIRED,REST_BEFORE_NEXT_VISIT
25.63,95.51,38.97,90.78,639.04,86.87,IMMEDIATE_REST,REST_BEFORE_NEXT_VISIT
28.1,79.4,20.3,104.76,168.97,87.08,IMMEDIATE_REST,REST_BEFORE_NEXT_VISIT
17.77,146.69,6.37,66.13,885.22,32.0,CAUTION,MOVABLE
25.64,77.0,28.88,56.75,571.81,62.1,REST_RECOMMENDED,REST_RECOMMENDED
30.0,45.94,1.45,62.28,99.69,67.13,REST_RECOMMENDED,REST_RECOMMENDED
21.39,25.14,10.65,93.65,2200.21,33.45,CAUTION,MOVABLE
31.06,56.59,29.26,162.23,1870.81,83.76,REST_REQUIRED,REST_BEFORE_NEXT_VISIT
34.39,47.41,23.43,10.86,1544.46,69.9,REST_RECOMMENDED,REST_BEFORE_NEXT_VISIT
31.73,93.23,35.5,46.91,1009.54,90.0,IMMEDIATE_REST,REST_BEFORE_NEXT_VISIT
26.09,107.24,12.43,140.47,569.41,80.18,REST_REQUIRED,REST_BEFORE_NEXT_VISIT
28.0,21.73,10.68,43.21,607.19,57.16,REST_RECOMMENDED,REST_RECOMMENDED
22.7,34.94,15.0,105.18,804.52,35.39,CAUTION,MOVABLE
34.53,32.44,22.85,33.82,296.69,66.51,REST_RECOMMENDED,REST_RECOMMENDED
18.85,111.56,41.21,33.6,1130.79,43.62,CAUTION,REST_RECOMMENDED
32.79,50.12,12.3,113.81,2519.79,78.04,REST_REQUIRED,REST_BEFORE_NEXT_VISIT
31.0,93.77,39.05,46.78,465.18,88.93,IMMEDIATE_REST,REST_BEFORE_NEXT_VISIT
21.71,71.24,0.91,58.19,589.07,31.51,CAUTION,MOVABLE
29.52,92.59,17.09,163.15,1130.1,93.55,IMMEDIATE_REST,REST_BEFORE_NEXT_VISIT
25.08,56.44,26.6,68.77,609.85,60.07,REST_RECOMMENDED,REST_RECOMMENDED
25.79,64.21,13.75,113.67,515.73,68.17,REST_RECOMMENDED,REST_RECOMMENDED
24.66,82.37,38.18,35.45,876.21,50.0,REST_RECOMMENDED,REST_RECOMMENDED
24.76,82.5,41.89,50.35,1339.15,52.0,REST_RECOMMENDED,REST_RECOMMENDED
28.99,85.56,13.91,91.48,2300.12,87.82,IMMEDIATE_REST,REST_BEFORE_NEXT_VISIT
32.12,37.56,11.47,98.03,841.7,72.64,REST_REQUIRED,REST_BEFORE_NEXT_VISIT
17.59,35.0,21.68,42.28,584.44,21.96,LOW,MOVABLE
19.81,148.82,5.92,58.46,457.67,31.72,CAUTION,MOVABLE
17.99,117.83,24.54,128.68,2450.14,44.24,CAUTION,REST_RECOMMENDED
30.2,109.94,48.39,158.38,364.43,96.3,IMMEDIATE_REST,REST_BEFORE_NEXT_VISIT
26.22,30.23,25.4,124.11,1443.85,66.15,REST_RECOMMENDED,REST_RECOMMENDED
20.68,99.99,14.46,71.62,953.8,35.0,CAUTION,MOVABLE
25.03,109.83,25.31,90.34,149.26,76.37,REST_REQUIRED,REST_BEFORE_NEXT_VISIT
27.82,28.5,32.17,73.73,352.11,52.98,REST_RECOMMENDED,REST_RECOMMENDED
20.72,59.93,22.7,75.79,611.42,25.02,LOW,MOVABLE
25.4,139.94,50.03,46.89,1309.66,75.0,REST_REQUIRED,REST_BEFORE_NEXT_VISIT
26.85,121.59,4.26,113.42,1800.33,78.26,REST_REQUIRED,REST_BEFORE_NEXT_VISIT
16.26,25.39,27.6,122.84,1924.43,23.98,LOW,MOVABLE
29.27,35.96,32.15,52.21,1206.15,79.44,REST_REQUIRED,REST_BEFORE_NEXT_VISIT
31.93,141.66,40.92,91.22,44.41,95.38,IMMEDIATE_REST,REST_BEFORE_NEXT_VISIT
28.53,80.33,36.95,176.12,795.84,89.65,IMMEDIATE_REST,REST_BEFORE_NEXT_VISIT
25.93,29.07,21.45,104.02,1143.67,54.77,REST_RECOMMENDED,REST_RECOMMENDED
25.06,108.82,8.24,140.61,208.89,68.6,REST_RECOMMENDED,REST_RECOMMENDED
22.99,54.12,26.82,34.78,892.7,28.0,LOW,MOVABLE
28.65,39.53,8.8,76.9,1157.79,70.69,REST_REQUIRED,REST_BEFORE_NEXT_VISIT
29.46,62.08,30.89,74.95,691.1,84.0,REST_REQUIRED,REST_BEFORE_NEXT_VISIT
21.69,110.07,12.51,65.6,1504.99,49.12,CAUTION,REST_RECOMMENDED
26.12,6.47,55.06,156.19,645.8,55.0,REST_RECOMMENDED,REST_RECOMMENDED
24.43,140.71,10.24,164.74,889.63,58.0,REST_RECOMMENDED,REST_RECOMMENDED
31.37,124.2,34.16,32.33,1492.66,94.76,IMMEDIATE_REST,REST_BEFORE_NEXT_VISIT
28.78,74.9,17.05,31.33,673.18,73.0,REST_REQUIRED,REST_BEFORE_NEXT_VISIT
27.44,45.49,10.66,106.78,363.1,56.07,REST_RECOMMENDED,REST_RECOMMENDED
21.14,18.4,46.58,134.1,1046.4,34.97,CAUTION,MOVABLE
21.92,23.92,5.08,9.75,2475.52,16.87,LOW,MOVABLE
24.87,8.37,26.63,69.09,817.66,38.41,CAUTION,MOVABLE
27.91,150.84,28.9,41.4,365.93,73.4,REST_REQUIRED,REST_BEFORE_NEXT_VISIT
31.7,136.6,33.3,87.18,762.36,93.6,IMMEDIATE_REST,REST_BEFORE_NEXT_VISIT
33.68,67.8,18.0,120.42,1959.49,83.03,REST_REQUIRED,REST_BEFORE_NEXT_VISIT
22.29,82.9,17.17,64.0,1370.23,41.98,CAUTION,REST_RECOMMENDED
32.74,57.42,20.12,113.78,1658.94,82.58,REST_REQUIRED,REST_BEFORE_NEXT_VISIT
26.61,34.03,25.07,90.83,1669.0,63.04,REST_RECOMMENDED,REST_RECOMMENDED
33.65,111.55,36.33,112.58,172.22,92.0,IMMEDIATE_REST,REST_BEFORE_NEXT_VISIT
24.07,22.61,13.11,149.27,1115.32,36.71,CAUTION,MOVABLE
16.5,19.14,14.4,114.12,772.81,21.2,LOW,MOVABLE
24.05,86.98,42.12,25.48,673.38,47.0,CAUTION,REST_RECOMMENDED
29.41,71.05,34.94,128.9,1342.55,95.67,IMMEDIATE_REST,REST_BEFORE_NEXT_VISIT
17.9,20.93,42.96,116.75,413.01,19.0,LOW,MOVABLE
32.61,57.36,22.69,76.09,773.71,72.0,REST_REQUIRED,REST_BEFORE_NEXT_VISIT
24.38,143.35,33.52,13.39,1539.04,62.29,REST_RECOMMENDED,REST_RECOMMENDED
30.22,45.07,48.91,87.26,2085.17,77.8,REST_REQUIRED,REST_BEFORE_NEXT_VISIT
25.5,93.27,42.64,97.26,202.22,80.29,REST_REQUIRED,REST_BEFORE_NEXT_VISIT
30.93,150.57,16.11,90.23,1083.12,92.9,IMMEDIATE_REST,REST_BEFORE_NEXT_VISIT
28.88,56.23,10.79,9.19,1128.85,71.19,REST_REQUIRED,REST_BEFORE_NEXT_VISIT
24.61,5.31,43.64,109.03,1098.55,42.61,CAUTION,REST_RECOMMENDED
24.84,69.7,45.39,114.88,428.96,63.6,REST_RECOMMENDED,REST_RECOMMENDED
32.09,35.83,23.27,33.95,1165.06,71.23,REST_REQUIRED,REST_BEFORE_NEXT_VISIT
25.91,145.27,13.7,97.54,94.38,73.19,REST_REQUIRED,REST_BEFORE_NEXT_VISIT
25.18,121.61,34.58,94.72,365.86,81.03,REST_REQUIRED,REST_BEFORE_NEXT_VISIT
25.78,157.97,16.49,97.91,1519.3,79.1,REST_REQUIRED,REST_BEFORE_NEXT_VISIT
20.43,114.43,36.55,118.52,1130.92,47.0,CAUTION,REST_RECOMMENDED
19.67,58.07,4.47,102.83,957.32,20.09,LOW,MOVABLE
33.2,79.75,19.62,49.17,189.36,72.22,REST_REQUIRED,REST_BEFORE_NEXT_VISIT
19.64,60.62,12.82,145.11,150.76,34.4,CAUTION,MOVABLE
27.23,133.72,44.7,154.97,1490.9,82.0,REST_REQUIRED,REST_BEFORE_NEXT_VISIT
32.98,29.91,19.97,71.58,31.55,57.0,REST_RECOMMENDED,REST_RECOMMENDED
20.44,105.48,14.36,60.04,1030.24,37.52,CAUTION,MOVABLE
29.27,123.61,30.9,109.87,1260.97,99.49,IMMEDIATE_REST,REST_BEFORE_NEXT_VISIT
26.3,112.17,27.73,95.0,397.53,78.61,REST_REQUIRED,REST_BEFORE_NEXT_VISIT
24.35,88.96,19.03,165.87,203.5,47.11,CAUTION,REST_RECOMMENDED
25.24,45.86,14.53,50.07,720.01,49.49,CAUTION,REST_RECOMMENDED
19.69,107.11,21.4,62.92,1984.74,44.22,CAUTION,REST_RECOMMENDED
19.8,30.49,28.86,56.19,1338.83,21.74,LOW,MOVABLE
21.41,96.91,22.62,57.18,559.53,49.48,CAUTION,REST_RECOMMENDED
20.93,45.19,16.91,117.28,595.93,23.5,LOW,MOVABLE
26.12,20.94,4.14,91.47,322.33,44.56,CAUTION,REST_RECOMMENDED
16.84,30.2,20.59,123.56,1977.26,27.0,LOW,MOVABLE
25.04,22.36,38.17,36.48,1118.51,55.08,REST_RECOMMENDED,REST_RECOMMENDED
29.22,39.07,14.24,101.41,689.23,73.09,REST_REQUIRED,REST_BEFORE_NEXT_VISIT
25.34,137.9,24.83,73.36,708.75,80.54,REST_REQUIRED,REST_BEFORE_NEXT_VISIT
18.98,83.43,2.66,144.53,1997.37,29.0,LOW,MOVABLE
34.1,100.77,25.71,51.93,1581.79,87.0,IMMEDIATE_REST,REST_BEFORE_NEXT_VISIT
30.54,2.65,21.2,79.43,720.47,68.21,REST_RECOMMENDED,REST_RECOMMENDED
21.61,32.45,33.6,60.11,741.05,38.15,CAUTION,MOVABLE
22.18,57.93,38.53,86.68,1469.89,38.26,CAUTION,MOVABLE
18.13,85.64,19.99,63.1,754.27,29.96,LOW,MOVABLE
28.98,51.91,36.6,130.14,166.87,77.4,REST_REQUIRED,REST_BEFORE_NEXT_VISIT
32.1,49.0,23.3,81.56,821.94,75.82,REST_REQUIRED,REST_BEFORE_NEXT_VISIT
27.64,54.49,9.38,110.65,276.13,55.56,REST_RECOMMENDED,REST_RECOMMENDED
25.43,26.7,31.64,63.46,382.3,52.11,REST_RECOMMENDED,REST_RECOMMENDED
18.97,60.36,18.57,41.57,1590.23,27.78,LOW,MOVABLE
31.83,117.12,6.3,4.51,1908.06,85.9,IMMEDIATE_REST,REST_BEFORE_NEXT_VISIT
29.52,132.76,28.84,120.91,1864.27,99.59,IMMEDIATE_REST,REST_BEFORE_NEXT_VISIT
25.26,64.57,32.76,107.15,2117.47,78.23,REST_REQUIRED,REST_BEFORE_NEXT_VISIT
17.88,27.33,12.39,53.13,330.61,8.13,LOW,MOVABLE
17.35,42.97,22.63,77.19,1345.63,32.27,CAUTION,MOVABLE
31.65,35.03,15.79,15.87,1972.15,64.05,REST_RECOMMENDED,REST_RECOMMENDED
27.75,47.88,24.3,140.0,420.15,62.23,REST_RECOMMENDED,REST_RECOMMENDED
24.88,93.36,38.12,9.58,1751.86,61.31,REST_RECOMMENDED,REST_RECOMMENDED
26.1,117.2,41.63,107.29,1002.71,82.0,REST_REQUIRED,REST_BEFORE_NEXT_VISIT
21.45,70.69,22.58,94.82,57.68,42.4,CAUTION,REST_RECOMMENDED
23.71,49.34,19.89,5.68,359.25,41.5,CAUTION,REST_RECOMMENDED
19.31,21.02,29.24,34.95,1029.26,15.32,LOW,MOVABLE
26.46,91.44,37.19,34.98,1261.77,78.6,REST_REQUIRED,REST_BEFORE_NEXT_VISIT
28.0,25.1,7.23,107.25,600.35,62.96,REST_RECOMMENDED,REST_RECOMMENDED
19.31,23.63,42.18,47.39,1604.38,15.0,LOW,MOVABLE
15.36,31.64,5.69,32.38,42.18,9.81,LOW,MOVABLE
28.22,89.84,14.22,77.01,454.7,79.65,REST_REQUIRED,REST_BEFORE_NEXT_VISIT
25.96,42.03,16.23,12.55,995.65,47.27,CAUTION,REST_RECOMMENDED
23.99,53.49,21.99,74.99,1786.96,48.17,CAUTION,REST_RECOMMENDED
29.0,47.35,20.77,39.61,526.08,68.0,REST_RECOMMENDED,REST_RECOMMENDED
28.45,79.15,19.92,109.14,1277.9,86.42,IMMEDIATE_REST,REST_BEFORE_NEXT_VISIT
22.93,44.12,32.22,11.98,441.34,33.48,CAUTION,MOVABLE
23.07,11.33,15.6,104.38,1258.2,37.62,CAUTION,MOVABLE
26.69,54.54,12.83,131.16,791.3,56.07,REST_RECOMMENDED,REST_RECOMMENDED
28.82,82.7,11.81,83.56,1464.86,81.11,REST_REQUIRED,REST_BEFORE_NEXT_VISIT
26.82,67.74,18.42,9.9,407.93,54.46,REST_RECOMMENDED,REST_RECOMMENDED
20.33,136.65,2.01,139.12,1728.22,37.0,CAUTION,MOVABLE
18.44,71.71,9.17,124.13,647.59,34.69,CAUTION,MOVABLE
27.93,55.97,20.06,57.33,360.16,52.0,REST_RECOMMENDED,REST_RECOMMENDED
25.11,73.03,28.48,36.49,864.89,69.98,REST_RECOMMENDED,REST_BEFORE_NEXT_VISIT
25.89,79.73,23.07,52.34,1380.6,69.39,REST_RECOMMENDED,REST_BEFORE_NEXT_VISIT
17.24,24.59,8.64,107.88,878.93,17.42,LOW,MOVABLE
26.4,94.54,6.17,77.51,1739.62,71.0,REST_REQUIRED,REST_BEFORE_NEXT_VISIT
21.04,14.63,32.95,84.31,1139.76,29.49,LOW,MOVABLE
31.89,145.67,18.05,104.68,1769.71,90.74,IMMEDIATE_REST,REST_BEFORE_NEXT_VISIT
22.12,13.41,26.67,63.1,643.11,27.86,LOW,MOVABLE
20.63,22.76,26.99,57.86,1952.3,13.79,LOW,MOVABLE
30.79,83.86,19.55,69.13,1589.59,80.12,REST_REQUIRED,REST_BEFORE_NEXT_VISIT
17.67,34.72,18.38,87.57,1249.98,26.57,LOW,MOVABLE
20.04,10.25,33.67,151.87,1435.36,25.65,LOW,MOVABLE
33.0,113.04,18.67,65.51,1062.58,96.41,IMMEDIATE_REST,REST_BEFORE_NEXT_VISIT
23.97,80.17,41.5,16.93,628.32,47.87,CAUTION,REST_RECOMMENDED
30.44,104.94,3.98,10.49,701.37,75.48,REST_REQUIRED,REST_BEFORE_NEXT_VISIT
18.05,13.23,13.81,118.02,105.0,10.0,LOW,MOVABLE
21.57,55.89,12.97,100.42,871.32,34.03,CAUTION,MOVABLE
22.57,37.2,46.61,97.84,885.22,44.16,CAUTION,REST_RECOMMENDED
23.39,131.68,22.46,91.73,2173.6,69.84,REST_RECOMMENDED,REST_BEFORE_NEXT_VISIT
24.54,51.92,41.02,33.8,684.45,49.1,CAUTION,REST_RECOMMENDED
29.95,28.11,12.1,94.04,90.51,66.38,REST_RECOMMENDED,REST_RECOMMENDED
17.31,79.21,27.93,158.47,2348.26,38.13,CAUTION,MOVABLE
16.99,11.17,29.97,93.43,1361.3,23.18,LOW,MOVABLE
22.42,51.0,37.85,78.1,265.39,38.6,CAUTION,MOVABLE
23.32,48.74,28.2,58.07,340.51,38.0,CAUTION,MOVABLE
34.25,20.2,50.54,31.07,556.43,63.11,REST_RECOMMENDED,REST_RECOMMENDED
29.85,76.33,17.6,78.18,677.6,80.87,REST_REQUIRED,REST_BEFORE_NEXT_VISIT
33.67,10.86,23.49,85.19,506.07,66.59,REST_RECOMMENDED,REST_RECOMMENDED
25.75,55.51,20.62,30.74,160.17,54.71,REST_RECOMMENDED,REST_RECOMMENDED
33.42,89.53,11.62,91.69,1234.61,82.36,REST_REQUIRED,REST_BEFORE_NEXT_VISIT
33.49,87.85,24.73,98.75,400.73,86.43,IMMEDIATE_REST,REST_BEFORE_NEXT_VISIT
27.53,57.92,22.84,110.43,531.8,61.82,REST_RECOMMENDED,REST_RECOMMENDED
19.93,164.09,10.84,55.94,2104.91,34.98,CAUTION,MOVABLE
17.58,65.33,20.38,81.61,265.3,31.1,CAUTION,MOVABLE
28.2,27.47,41.23,56.2,173.45,60.0,REST_RECOMMENDED,REST_RECOMMENDED
23.43,64.75,15.61,75.83,1218.73,50.43,REST_RECOMMENDED,REST_RECOMMENDED
24.88,86.05,5.64,144.48,257.98,45.62,CAUTION,REST_RECOMMENDED
21.56,99.75,28.64,114.25,1151.54,57.58,REST_RECOMMENDED,REST_RECOMMENDED
32.25,81.95,13.64,89.32,2473.3,79.19,REST_REQUIRED,REST_BEFORE_NEXT_VISIT
26.6,60.52,16.65,90.11,1442.17,70.26,REST_REQUIRED,REST_BEFORE_NEXT_VISIT
21.72,120.55,30.8,45.17,457.53,47.0,CAUTION,REST_RECOMMENDED
23.75,48.34,8.53,112.85,789.31,40.21,CAUTION,REST_RECOMMENDED
25.15,60.56,14.61,26.96,595.22,55.0,REST_RECOMMENDED,REST_RECOMMENDED
24.97,70.05,9.83,54.07,73.6,41.69,CAUTION,REST_RECOMMENDED
32.11,52.87,9.32,163.55,2002.75,70.0,REST_REQUIRED,REST_BEFORE_NEXT_VISIT
23.25,83.13,15.93,29.09,112.53,38.06,CAUTION,MOVABLE
24.69,49.52,6.9,37.39,223.45,30.05,CAUTION,MOVABLE
19.77,39.63,8.54,73.75,1169.53,21.52,LOW,MOVABLE
19.55,104.1,23.29,112.54,1202.9,47.21,CAUTION,REST_RECOMMENDED
28.67,28.94,36.45,84.64,1010.07,71.92,REST_REQUIRED,REST_BEFORE_NEXT_VISIT
33.99,92.59,21.14,38.86,225.31,87.57,IMMEDIATE_REST,REST_BEFORE_NEXT_VISIT
29.54,101.14,28.28,46.75,49.29,82.0,REST_REQUIRED,REST_BEFORE_NEXT_VISIT
30.24,60.46,44.91,80.86,458.2,86.31,IMMEDIATE_REST,REST_BEFORE_NEXT_VISIT
26.97,43.61,38.4,133.61,423.64,62.6,REST_RECOMMENDED,REST_RECOMMENDED
21.35,117.99,8.47,19.6,369.21,34.0,CAUTION,MOVABLE
22.86,103.03,27.05,27.58,1768.16,51.39,REST_RECOMMENDED,REST_RECOMMENDED
24.89,118.84,40.04,155.06,949.18,65.23,REST_RECOMMENDED,REST_RECOMMENDED
31.75,11.82,8.08,88.14,1039.78,59.02,REST_RECOMMENDED,REST_RECOMMENDED
23.7,45.18,21.03,70.98,1466.84,46.18,CAUTION,REST_RECOMMENDED
29.24,11.32,21.08,93.53,1416.6,69.0,REST_RECOMMENDED,REST_RECOMMENDED
26.49,78.99,15.18,57.31,50.78,55.0,REST_RECOMMENDED,REST_RECOMMENDED
17.56,88.79,17.75,148.64,1115.61,32.0,CAUTION,MOVABLE
23.5,68.47,40.08,55.33,908.74,51.46,REST_RECOMMENDED,REST_RECOMMENDED
22.77,95.29,12.9,70.9,1265.65,47.0,CAUTION,REST_RECOMMENDED
27.67,85.13,13.49,76.37,1654.76,69.65,REST_RECOMMENDED,REST_BEFORE_NEXT_VISIT
25.05,20.48,18.25,45.55,886.76,41.0,CAUTION,REST_RECOMMENDED
30.17,73.15,10.86,104.28,493.66,82.11,REST_REQUIRED,REST_BEFORE_NEXT_VISIT
23.17,96.03,11.36,20.37,2539.45,53.84,REST_RECOMMENDED,REST_RECOMMENDED
20.32,34.3,20.06,158.55,482.81,29.07,LOW,MOVABLE
28.45,89.94,16.42,51.35,850.56,75.66,REST_REQUIRED,REST_BEFORE_NEXT_VISIT
31.11,91.34,21.02,64.05,1984.72,93.96,IMMEDIATE_REST,REST_BEFORE_NEXT_VISIT
32.85,36.62,10.98,48.44,1600.19,66.0,REST_RECOMMENDED,REST_RECOMMENDED
32.0,59.79,17.78,87.07,723.68,74.05,REST_REQUIRED,REST_BEFORE_NEXT_VISIT
18.05,53.61,13.04,12.71,332.43,12.6,LOW,MOVABLE
27.94,62.32,10.06,58.71,1026.62,60.58,REST_RECOMMENDED,REST_RECOMMENDED
30.67,157.46,33.87,125.4,240.88,100.0,IMMEDIATE_REST,REST_BEFORE_NEXT_VISIT
22.97,87.45,19.77,92.99,56.91,41.95,CAUTION,REST_RECOMMENDED
32.48,83.98,41.86,20.02,22.28,79.9,REST_REQUIRED,REST_BEFORE_NEXT_VISIT
26.94,62.06,28.94,20.01,2140.39,61.21,REST_RECOMMENDED,REST_RECOMMENDED
21.49,46.88,39.34,70.01,645.74,40.01,CAUTION,REST_RECOMMENDED
29.51,71.41,19.94,86.3,524.62,79.62,REST_REQUIRED,REST_BEFORE_NEXT_VISIT
26.05,18.62,34.22,85.78,363.87,51.0,REST_RECOMMENDED,REST_RECOMMENDED
23.87,17.55,28.85,68.31,1414.96,37.73,CAUTION,MOVABLE
26.28,121.92,4.62,92.04,1252.34,72.93,REST_REQUIRED,REST_BEFORE_NEXT_VISIT
28.02,56.69,29.43,104.2,129.83,74.19,REST_REQUIRED,REST_BEFORE_NEXT_VISIT
28.03,86.27,9.3,98.95,1424.55,81.22,REST_REQUIRED,REST_BEFORE_NEXT_VISIT
31.84,120.81,33.33,35.21,1396.39,91.39,IMMEDIATE_REST,REST_BEFORE_NEXT_VISIT
26.76,14.18,44.04,143.33,1321.5,57.0,REST_RECOMMENDED,REST_RECOMMENDED
27.39,47.46,34.66,124.41,1270.01,69.24,REST_RECOMMENDED,REST_BEFORE_NEXT_VISIT
24.32,35.58,9.72,58.81,210.53,31.1,CAUTION,MOVABLE
25.83,99.05,14.54,66.97,174.89,72.36,REST_REQUIRED,REST_BEFORE_NEXT_VISIT
25.77,69.24,25.53,109.03,1793.6,71.0,REST_REQUIRED,REST_BEFORE_NEXT_VISIT
29.21,135.73,24.2,41.24,1324.91,92.85,IMMEDIATE_REST,REST_BEFORE_NEXT_VISIT
18.7,22.05,14.43,68.58,870.99,15.65,LOW,MOVABLE
29.37,69.13,8.08,86.03,977.99,74.0,REST_REQUIRED,REST_BEFORE_NEXT_VISIT
23.12,88.97,34.77,51.83,944.42,53.84,REST_RECOMMENDED,REST_RECOMMENDED
32.32,109.13,43.12,97.94,1346.35,100.0,IMMEDIATE_REST,REST_BEFORE_NEXT_VISIT
33.56,108.92,22.76,106.21,26.1,91.63,IMMEDIATE_REST,REST_BEFORE_NEXT_VISIT
31.44,86.73,26.15,56.95,1018.79,84.65,REST_REQUIRED,REST_BEFORE_NEXT_VISIT
30.22,96.79,26.4,89.36,1601.46,99.54,IMMEDIATE_REST,REST_BEFORE_NEXT_VISIT
20.38,77.18,14.38,157.54,858.28,34.07,CAUTION,MOVABLE
22.62,43.85,14.14,90.56,1297.11,34.55,CAUTION,MOVABLE
20.45,57.73,34.53,108.8,317.58,29.7,LOW,MOVABLE
19.74,50.5,37.03,64.47,190.53,28.06,LOW,MOVABLE
34.15,19.35,27.45,105.61,774.2,69.7,REST_RECOMMENDED,REST_BEFORE_NEXT_VISIT
27.57,42.7,42.14,104.94,2634.9,67.8,REST_RECOMMENDED,REST_RECOMMENDED
19.14,78.73,29.11,101.08,786.18,35.23,CAUTION,MOVABLE
21.68,93.72,28.25,112.88,448.86,54.38,REST_RECOMMENDED,REST_RECOMMENDED
27.74,35.05,13.46,105.81,1758.6,66.33,REST_RECOMMENDED,REST_RECOMMENDED
28.59,122.23,24.08,94.36,919.98,95.45,IMMEDIATE_REST,REST_BEFORE_NEXT_VISIT
32.3,55.79,9.5,57.18,8.85,63.67,REST_RECOMMENDED,REST_RECOMMENDED
23.29,34.7,12.77,51.28,772.71,34.39,CAUTION,MOVABLE
27.61,58.21,3.54,114.65,186.68,58.75,REST_RECOMMENDED,REST_RECOMMENDED
29.18,99.47,37.98,19.8,1323.01,89.17,IMMEDIATE_REST,REST_BEFORE_NEXT_VISIT
21.78,31.39,6.42,95.25,2180.02,34.23,CAUTION,MOVABLE
27.63,42.32,15.39,88.99,1546.96,60.22,REST_RECOMMENDED,REST_RECOMMENDED
22.83,44.93,50.05,99.17,1099.71,41.56,CAUTION,REST_RECOMMENDED
28.84,65.96,27.7,45.44,741.6,87.91,IMMEDIATE_REST,REST_BEFORE_NEXT_VISIT
32.1,47.47,13.61,106.28,1097.31,74.88,REST_REQUIRED,REST_BEFORE_NEXT_VISIT
22.43,123.19,26.81,102.71,1449.69,57.22,REST_RECOMMENDED,REST_RECOMMENDED
32.59,42.93,40.87,121.84,522.37,78.0,REST_REQUIRED,REST_BEFORE_NEXT_VISIT
18.85,43.49,7.28,54.65,1136.36,17.49,LOW,MOVABLE
33.59,47.37,19.78,56.71,850.02,66.47,REST_RECOMMENDED,REST_RECOMMENDED
23.24,11.36,11.4,79.64,281.27,28.26,LOW,MOVABLE
24.21,37.67,29.41,82.69,2223.71,48.49,CAUTION,REST_RECOMMENDED
26.44,75.37,24.24,88.91,627.62,72.52,REST_REQUIRED,REST_BEFORE_NEXT_VISIT
30.35,61.76,17.68,67.81,878.11,77.0,REST_REQUIRED,REST_BEFORE_NEXT_VISIT
29.9,72.43,41.24,123.11,717.29,88.44,IMMEDIATE_REST,REST_BEFORE_NEXT_VISIT
22.82,21.85,12.11,53.54,994.47,16.18,LOW,MOVABLE
26.1,117.7,19.87,48.33,479.1,65.0,REST_RECOMMENDED,REST_RECOMMENDED
30.26,8.28,13.13,103.48,1020.34,74.6,REST_REQUIRED,REST_BEFORE_NEXT_VISIT
27.05,97.25,33.6,106.92,585.04,85.16,IMMEDIATE_REST,REST_BEFORE_NEXT_VISIT
25.53,152.45,48.67,137.56,1374.71,82.0,REST_REQUIRED,REST_BEFORE_NEXT_VISIT
24.33,49.06,10.0,148.0,1223.82,47.29,CAUTION,REST_RECOMMENDED
18.99,105.62,11.61,55.06,128.75,28.0,LOW,MOVABLE
26.65,37.54,17.07,97.63,550.51,56.0,REST_RECOMMENDED,REST_RECOMMENDED
19.91,89.97,16.47,110.23,1518.88,35.37,CAUTION,MOVABLE
28.47,90.91,37.47,44.78,84.76,90.2,IMMEDIATE_REST,REST_BEFORE_NEXT_VISIT
20.8,68.22,16.79,158.53,422.76,34.46,CAUTION,MOVABLE
29.64,109.38,11.36,95.76,452.11,91.42,IMMEDIATE_REST,REST_BEFORE_NEXT_VISIT
18.5,109.2,13.17,99.93,687.85,42.68,CAUTION,REST_RECOMMENDED
31.13,42.34,45.13,90.31,594.85,82.55,REST_REQUIRED,REST_BEFORE_NEXT_VISIT
31.67,74.95,45.7,52.86,1511.42,87.82,IMMEDIATE_REST,REST_BEFORE_NEXT_VISIT
26.64,8.69,10.92,153.87,1132.17,52.19,REST_RECOMMENDED,REST_RECOMMENDED
19.05,44.49,16.56,27.92,1322.48,13.75,LOW,MOVABLE
28.01,108.01,46.31,27.23,234.81,86.3,IMMEDIATE_REST,REST_BEFORE_NEXT_VISIT
20.44,112.9,31.99,108.9,339.55,52.07,REST_RECOMMENDED,REST_RECOMMENDED
27.7,75.26,38.95,90.61,1761.26,75.79,REST_REQUIRED,REST_BEFORE_NEXT_VISIT
23.05,131.28,30.62,55.91,483.85,60.1,REST_RECOMMENDED,REST_RECOMMENDED
28.26,58.48,14.7,53.78,847.13,69.47,REST_RECOMMENDED,REST_BEFORE_NEXT_VISIT
20.33,92.67,13.02,126.97,1730.58,46.06,CAUTION,REST_RECOMMENDED
18.24,65.11,21.99,59.85,340.66,32.5,CAUTION,MOVABLE
22.14,79.99,46.76,45.06,1174.98,44.25,CAUTION,REST_RECOMMENDED
24.6,84.56,27.78,6.42,812.73,50.51,REST_RECOMMENDED,REST_RECOMMENDED
23.57,47.0,13.37,19.71,798.78,37.65,CAUTION,MOVABLE
25.95,107.05,50.21,85.03,1923.55,80.04,REST_REQUIRED,REST_BEFORE_NEXT_VISIT
30.0,94.66,26.23,22.27,461.63,82.2,REST_REQUIRED,REST_BEFORE_NEXT_VISIT
22.28,122.04,7.21,100.46,2010.64,56.06,REST_RECOMMENDED,REST_RECOMMENDED
20.54,34.96,18.45,55.8,451.16,19.86,LOW,MOVABLE
27.69,121.42,30.63,57.09,725.22,73.94,REST_REQUIRED,REST_BEFORE_NEXT_VISIT
23.55,141.08,36.3,75.93,450.03,62.98,REST_RECOMMENDED,REST_RECOMMENDED
18.06,45.8,45.2,43.11,1591.21,23.0,LOW,MOVABLE
17.77,53.92,17.35,122.25,2235.74,23.0,LOW,MOVABLE
25.78,117.6,20.27,115.49,1136.2,79.73,REST_REQUIRED,REST_BEFORE_NEXT_VISIT
23.62,45.09,12.01,23.96,130.51,31.79,CAUTION,MOVABLE
28.57,91.02,23.78,93.07,811.12,98.91,IMMEDIATE_REST,REST_BEFORE_NEXT_VISIT
23.86,7.54,45.96,164.9,611.58,40.0,CAUTION,REST_RECOMMENDED
28.77,43.96,44.88,144.52,255.27,77.05,REST_REQUIRED,REST_BEFORE_NEXT_VISIT
26.67,36.56,47.67,103.87,324.3,65.57,REST_RECOMMENDED,REST_RECOMMENDED
33.46,29.61,15.54,56.53,522.94,59.7,REST_RECOMMENDED,REST_RECOMMENDED
19.63,79.69,28.47,57.38,1876.43,34.44,CAUTION,MOVABLE
25.75,35.92,43.07,89.0,1524.27,67.45,REST_RECOMMENDED,REST_RECOMMENDED
23.65,83.3,38.27,99.76,730.12,57.0,REST_RECOMMENDED,REST_RECOMMENDED
27.11,117.61,19.74,122.27,2024.1,82.44,REST_REQUIRED,REST_BEFORE_NEXT_VISIT
24.1,69.86,25.08,102.43,662.06,61.13,REST_RECOMMENDED,REST_RECOMMENDED
33.25,101.7,21.24,113.1,433.18,94.58,IMMEDIATE_REST,REST_BEFORE_NEXT_VISIT
29.65,81.16,13.56,81.4,293.76,74.92,REST_REQUIRED,REST_BEFORE_NEXT_VISIT
28.18,87.08,23.6,56.24,1673.3,79.0,REST_REQUIRED,REST_BEFORE_NEXT_VISIT
20.65,64.02,19.48,88.4,934.74,30.75,CAUTION,MOVABLE
17.92,124.78,36.75,106.16,975.0,45.22,CAUTION,REST_RECOMMENDED
28.73,35.4,21.03,76.04,388.51,72.48,REST_REQUIRED,REST_BEFORE_NEXT_VISIT
33.58,44.28,13.7,47.12,1320.64,67.9,REST_RECOMMENDED,REST_RECOMMENDED
28.66,25.23,36.72,62.16,1334.8,69.8,REST_RECOMMENDED,REST_BEFORE_NEXT_VISIT
27.41,124.37,25.59,137.73,78.02,74.78,REST_REQUIRED,REST_BEFORE_NEXT_VISIT
23.45,58.11,20.65,94.8,1660.9,47.0,CAUTION,REST_RECOMMENDED
24.79,104.91,1.4,60.26,683.9,56.91,REST_RECOMMENDED,REST_RECOMMENDED
27.12,103.69,20.22,41.5,1373.81,73.79,REST_REQUIRED,REST_BEFORE_NEXT_VISIT
24.86,55.97,44.92,116.38,1148.07,52.51,REST_RECOMMENDED,REST_RECOMMENDED
24.66,46.54,21.9,92.21,2075.05,54.95,REST_RECOMMENDED,REST_RECOMMENDED
24.01,21.55,4.57,84.12,607.63,27.0,LOW,MOVABLE
18.96,112.28,41.34,78.87,1490.55,45.53,CAUTION,REST_RECOMMENDED
19.54,67.55,37.3,36.49,664.25,34.19,CAUTION,MOVABLE
24.53,36.44,11.59,73.48,1113.92,44.73,CAUTION,REST_RECOMMENDED
24.15,34.42,14.02,157.04,1129.74,44.73,CAUTION,REST_RECOMMENDED
23.78,33.32,43.68,89.43,1737.73,50.23,REST_RECOMMENDED,REST_RECOMMENDED
31.67,57.49,23.83,70.44,1333.39,74.0,REST_REQUIRED,REST_BEFORE_NEXT_VISIT
30.82,103.28,26.0,40.15,664.88,85.0,IMMEDIATE_REST,REST_BEFORE_NEXT_VISIT
30.41,84.13,49.63,76.5,190.72,85.6,IMMEDIATE_REST,REST_BEFORE_NEXT_VISIT
25.38,66.51,34.92,131.92,1902.7,75.56,REST_REQUIRED,REST_BEFORE_NEXT_VISIT
28.44,10.59,25.9,124.98,575.8,69.41,REST_RECOMMENDED,REST_BEFORE_NEXT_VISIT
25.73,154.79,3.82,64.16,1857.29,72.95,REST_REQUIRED,REST_BEFORE_NEXT_VISIT
28.04,62.93,9.26,75.68,338.97,77.61,REST_REQUIRED,REST_BEFORE_NEXT_VISIT
29.7,119.01,28.55,105.54,1191.64,94.65,IMMEDIATE_REST,REST_BEFORE_NEXT_VISIT
24.31,96.52,27.68,43.8,2161.23,58.98,REST_RECOMMENDED,REST_RECOMMENDED
21.72,33.18,34.74,78.81,1302.88,37.15,CAUTION,MOVABLE
25.24,120.17,3.89,18.74,2156.56,65.46,REST_RECOMMENDED,REST_RECOMMENDED
28.51,63.66,50.8,76.97,795.77,84.0,REST_REQUIRED,REST_BEFORE_NEXT_VISIT
28.91,28.48,30.77,66.01,343.26,70.55,REST_REQUIRED,REST_BEFORE_NEXT_VISIT
23.47,49.5,24.82,122.63,1081.95,48.29,CAUTION,REST_RECOMMENDED
21.95,91.05,2.83,66.89,1694.43,46.96,CAUTION,REST_RECOMMENDED
26.29,80.06,24.85,48.45,765.09,64.86,REST_RECOMMENDED,REST_RECOMMENDED
31.35,97.22,34.26,101.08,635.36,100.0,IMMEDIATE_REST,REST_BEFORE_NEXT_VISIT
25.5,34.87,9.98,81.59,1329.78,56.68,REST_RECOMMENDED,REST_RECOMMENDED
19.93,117.24,26.85,116.64,2400.19,45.71,CAUTION,REST_RECOMMENDED
31.18,78.3,12.74,22.3,781.48,73.51,REST_REQUIRED,REST_BEFORE_NEXT_VISIT
23.37,58.88,37.27,56.97,1796.82,43.0,CAUTION,REST_RECOMMENDED
34.27,22.31,29.63,48.48,636.46,60.0,REST_RECOMMENDED,REST_RECOMMENDED
25.33,41.58,27.59,11.53,2342.25,59.45,REST_RECOMMENDED,REST_RECOMMENDED
19.21,20.63,20.84,68.33,364.21,14.21,LOW,MOVABLE
28.41,130.13,3.2,144.84,731.81,87.83,IMMEDIATE_REST,REST_BEFORE_NEXT_VISIT
19.88,62.75,33.62,101.29,619.03,40.2,CAUTION,REST_RECOMMENDED
22.67,50.18,45.83,119.36,1907.92,47.12,CAUTION,REST_RECOMMENDED
22.23,147.55,7.27,105.12,1700.91,55.01,REST_RECOMMENDED,REST_RECOMMENDED
23.25,48.09,7.04,123.72,247.49,37.51,CAUTION,MOVABLE
25.79,88.68,15.73,136.84,729.11,66.43,REST_RECOMMENDED,REST_RECOMMENDED
30.99,147.26,21.25,51.96,1203.94,87.0,IMMEDIATE_REST,REST_BEFORE_NEXT_VISIT
23.15,47.52,33.87,65.71,1609.76,47.59,CAUTION,REST_RECOMMENDED
31.2,14.38,28.9,70.62,1391.25,69.15,REST_RECOMMENDED,REST_BEFORE_NEXT_VISIT
16.11,33.18,25.82,143.37,457.55,24.0,LOW,MOVABLE
30.17,15.4,17.86,48.03,1083.1,63.16,REST_RECOMMENDED,REST_RECOMMENDED
23.59,112.78,23.43,66.26,2162.93,65.38,REST_RECOMMENDED,REST_RECOMMENDED
20.31,32.07,25.73,166.01,408.22,24.0,LOW,MOVABLE
27.34,80.63,6.56,24.53,705.26,54.7,REST_RECOMMENDED,REST_RECOMMENDED
25.82,17.28,30.38,110.5,1560.12,59.59,REST_RECOMMENDED,REST_RECOMMENDED
23.25,75.66,20.63,127.34,316.43,53.76,REST_RECOMMENDED,REST_RECOMMENDED
16.17,109.16,14.72,26.15,784.17,33.47,CAUTION,MOVABLE
34.39,18.95,20.65,65.38,695.66,71.23,REST_REQUIRED,REST_BEFORE_NEXT_VISIT
23.3,7.94,31.99,73.26,143.22,37.0,CAUTION,MOVABLE
26.55,58.04,9.63,62.13,1968.26,56.36,REST_RECOMMENDED,REST_RECOMMENDED
26.44,31.18,15.89,102.32,364.23,56.0,REST_RECOMMENDED,REST_RECOMMENDED
22.62,96.83,34.81,86.62,769.74,60.01,REST_RECOMMENDED,REST_RECOMMENDED
21.2,55.46,15.57,81.2,1383.18,32.97,CAUTION,MOVABLE
29.8,44.68,28.42,46.9,532.29,77.92,REST_REQUIRED,REST_BEFORE_NEXT_VISIT
25.93,77.49,24.01,101.71,26.89,67.33,REST_RECOMMENDED,REST_RECOMMENDED
34.11,68.36,20.33,145.71,365.84,87.26,IMMEDIATE_REST,REST_BEFORE_NEXT_VISIT
24.1,39.8,22.96,102.87,2259.11,48.82,CAUTION,REST_RECOMMENDED
27.63,63.24,33.26,77.59,682.93,71.17,REST_REQUIRED,REST_BEFORE_NEXT_VISIT
23.7,38.43,26.76,13.33,171.88,37.17,CAUTION,MOVABLE
28.8,118.15,11.75,40.39,800.82,83.56,REST_REQUIRED,REST_BEFORE_NEXT_VISIT
18.41,43.62,23.11,51.2,1459.17,26.36,LOW,MOVABLE
34.31,14.87,21.87,1.26,551.4,61.42,REST_RECOMMENDED,REST_RECOMMENDED
21.41,83.7,26.6,148.68,488.68,45.47,CAUTION,REST_RECOMMENDED
24.89,25.31,19.63,29.32,2048.82,31.0,CAUTION,MOVABLE
32.92,107.29,11.46,111.9,842.28,89.89,IMMEDIATE_REST,REST_BEFORE_NEXT_VISIT
24.88,61.96,14.5,7.34,2450.71,45.79,CAUTION,REST_RECOMMENDED
21.99,2.42,32.2,78.09,914.11,27.79,LOW,MOVABLE
27.46,65.96,31.07,19.62,1924.52,70.68,REST_REQUIRED,REST_BEFORE_NEXT_VISIT
25.63,43.63,47.03,104.42,263.32,64.99,REST_RECOMMENDED,REST_RECOMMENDED
24.49,22.26,26.45,44.94,822.27,33.2,CAUTION,MOVABLE
19.92,107.85,19.08,78.98,177.06,33.79,CAUTION,MOVABLE
29.13,98.13,24.2,33.35,1187.14,92.42,IMMEDIATE_REST,REST_BEFORE_NEXT_VISIT
26.54,149.97,37.01,111.43,1537.22,82.6,REST_REQUIRED,REST_BEFORE_NEXT_VISIT
25.55,47.36,30.62,60.56,2164.12,64.4,REST_RECOMMENDED,REST_RECOMMENDED
26.69,10.12,37.75,13.29,169.13,43.81,CAUTION,REST_RECOMMENDED
26.49,121.81,42.13,124.34,710.47,80.67,REST_REQUIRED,REST_BEFORE_NEXT_VISIT
25.74,91.54,7.28,127.69,884.97,74.34,REST_REQUIRED,REST_BEFORE_NEXT_VISIT
25.29,66.19,4.24,130.78,914.87,65.41,REST_RECOMMENDED,REST_RECOMMENDED
22.18,50.47,14.11,48.48,547.46,30.95,CAUTION,MOVABLE
20.17,19.15,37.93,32.83,1682.51,18.81,LOW,MOVABLE
29.34,146.54,20.85,119.71,85.23,90.94,IMMEDIATE_REST,REST_BEFORE_NEXT_VISIT
25.69,16.28,42.96,149.5,929.83,57.92,REST_RECOMMENDED,REST_RECOMMENDED
20.7,58.7,12.15,62.8,418.49,20.08,LOW,MOVABLE
29.46,58.08,31.72,39.71,881.34,73.46,REST_REQUIRED,REST_BEFORE_NEXT_VISIT
18.66,113.26,44.35,134.22,1146.93,54.15,REST_RECOMMENDED,REST_RECOMMENDED
18.81,107.94,36.28,65.0,1014.92,44.0,CAUTION,REST_RECOMMENDED
27.44,87.95,10.93,119.6,1639.02,74.31,REST_REQUIRED,REST_BEFORE_NEXT_VISIT
23.41,54.68,15.9,125.35,1215.87,43.0,CAUTION,REST_RECOMMENDED
27.55,149.18,36.12,66.45,1349.95,85.11,IMMEDIATE_REST,REST_BEFORE_NEXT_VISIT
16.43,84.31,10.8,25.36,480.9,19.0,LOW,MOVABLE
29.77,67.51,7.99,57.38,1424.33,76.38,REST_REQUIRED,REST_BEFORE_NEXT_VISIT
26.9,28.02,28.07,74.3,1069.28,55.09,REST_RECOMMENDED,REST_RECOMMENDED
28.64,149.46,3.21,81.18,1023.32,86.0,IMMEDIATE_REST,REST_BEFORE_NEXT_VISIT
30.55,93.74,19.36,82.13,404.36,88.83,IMMEDIATE_REST,REST_BEFORE_NEXT_VISIT
23.36,47.6,28.77,121.63,1459.19,48.72,CAUTION,REST_RECOMMENDED
20.7,98.87,20.09,21.95,1060.91,39.51,CAUTION,REST_RECOMMENDED
26.4,107.32,29.15,91.66,1545.82,81.04,REST_REQUIRED,REST_BEFORE_NEXT_VISIT
23.4,40.91,16.54,68.56,427.64,39.21,CAUTION,REST_RECOMMENDED
30.63,147.07,48.05,67.1,1391.61,98.35,IMMEDIATE_REST,REST_BEFORE_NEXT_VISIT
23.93,146.12,52.52,94.24,1085.56,69.43,REST_RECOMMENDED,REST_BEFORE_NEXT_VISIT
21.69,82.42,22.85,54.83,2034.25,39.0,CAUTION,MOVABLE
33.59,147.27,17.25,67.5,1514.1,87.0,IMMEDIATE_REST,REST_BEFORE_NEXT_VISIT
29.74,101.6,1.87,72.11,1280.08,87.95,IMMEDIATE_REST,REST_BEFORE_NEXT_VISIT
25.08,27.99,22.13,67.89,531.49,56.03,REST_RECOMMENDED,REST_RECOMMENDED
21.62,65.82,15.5,140.76,37.06,42.74,CAUTION,REST_RECOMMENDED
25.73,56.34,21.6,132.83,1479.26,62.87,REST_RECOMMENDED,REST_RECOMMENDED
24.13,65.08,6.73,130.61,1493.71,50.52,REST_RECOMMENDED,REST_RECOMMENDED
25.99,42.16,2.86,72.81,1887.83,53.83,REST_RECOMMENDED,REST_RECOMMENDED
24.2,89.31,21.19,105.88,335.03,56.92,REST_RECOMMENDED,REST_RECOMMENDED
21.29,100.9,13.1,61.35,1086.06,55.4,REST_RECOMMENDED,REST_RECOMMENDED
23.03,116.03,20.78,40.29,1510.34,60.68,REST_RECOMMENDED,REST_RECOMMENDED
18.87,125.12,6.09,28.81,202.5,22.0,LOW,MOVABLE
25.95,59.15,25.4,51.58,377.15,57.11,REST_RECOMMENDED,REST_RECOMMENDED
23.2,35.99,16.27,67.51,132.11,42.38,CAUTION,REST_RECOMMENDED
33.14,5.84,19.13,44.51,1076.37,59.77,REST_RECOMMENDED,REST_RECOMMENDED
29.74,1.35,21.4,81.5,661.15,70.15,REST_REQUIRED,REST_BEFORE_NEXT_VISIT
24.53,24.29,22.15,47.34,419.62,29.0,LOW,MOVABLE
16.8,121.86,22.67,35.18,664.21,40.65,CAUTION,REST_RECOMMENDED
19.77,115.16,49.73,90.63,1026.97,47.0,CAUTION,REST_RECOMMENDED
29.05,66.62,3.87,65.8,1368.72,78.07,REST_REQUIRED,REST_BEFORE_NEXT_VISIT
26.0,15.93,19.03,142.97,985.09,51.32,REST_RECOMMENDED,REST_RECOMMENDED
23.5,72.1,11.63,160.03,197.72,54.3,REST_RECOMMENDED,REST_RECOMMENDED
29.72,116.9,15.82,44.27,720.19,82.78,REST_REQUIRED,REST_BEFORE_NEXT_VISIT
28.78,29.33,31.38,142.32,1181.85,74.05,REST_REQUIRED,REST_BEFORE_NEXT_VISIT
26.06,96.67,11.24,35.78,1137.62,71.2,REST_REQUIRED,REST_BEFORE_NEXT_VISIT
24.34,48.02,35.94,110.95,1883.27,50.0,REST_RECOMMENDED,REST_RECOMMENDED
24.7,38.18,25.76,88.19,1230.91,49.95,CAUTION,REST_RECOMMENDED
22.8,10.66,24.07,57.33,1593.88,27.37,LOW,MOVABLE
22.16,66.93,31.22,158.55,46.6,46.99,CAUTION,REST_RECOMMENDED
24.73,80.46,38.46,71.2,1323.46,60.49,REST_RECOMMENDED,REST_RECOMMENDED
25.1,50.16,16.14,37.41,847.39,52.47,REST_RECOMMENDED,REST_RECOMMENDED
25.5,108.22,6.63,123.27,112.39,72.55,REST_REQUIRED,REST_BEFORE_NEXT_VISIT
16.66,154.49,33.64,63.53,1788.05,46.37,CAUTION,REST_RECOMMENDED
33.02,74.38,29.96,76.83,419.32,83.65,REST_REQUIRED,REST_BEFORE_NEXT_VISIT
25.85,51.56,29.18,73.78,938.72,61.03,REST_RECOMMENDED,REST_RECOMMENDED
26.96,138.0,21.45,106.86,350.37,80.97,REST_REQUIRED,REST_BEFORE_NEXT_VISIT
20.81,22.28,9.02,44.56,671.55,3.0,LOW,MOVABLE
30.64,141.88,6.55,55.29,830.49,79.55,REST_REQUIRED,REST_BEFORE_NEXT_VISIT
26.91,34.55,8.98,89.18,1069.56,57.19,REST_RECOMMENDED,REST_RECOMMENDED
27.94,27.61,30.03,107.9,222.64,54.98,REST_RECOMMENDED,REST_RECOMMENDED
24.87,47.69,45.25,111.54,666.8,51.34,REST_RECOMMENDED,REST_RECOMMENDED
28.94,65.43,28.09,134.8,404.92,85.71,IMMEDIATE_REST,REST_BEFORE_NEXT_VISIT
21.87,30.95,28.54,23.19,861.2,29.52,LOW,MOVABLE
34.32,27.23,8.26,118.27,809.79,60.63,REST_RECOMMENDED,REST_RECOMMENDED
18.33,83.32,13.27,75.11,134.02,29.66,LOW,MOVABLE
21.57,166.19,16.98,116.22,1836.48,51.36,REST_RECOMMENDED,REST_RECOMMENDED
18.66,33.66,12.68,130.16,356.88,23.5,LOW,MOVABLE
28.61,61.22,21.86,132.47,1368.33,86.0,IMMEDIATE_REST,REST_BEFORE_NEXT_VISIT
25.17,49.48,15.72,95.73,249.88,54.97,REST_RECOMMENDED,REST_RECOMMENDED
25.84,85.55,38.2,41.7,753.52,72.01,REST_REQUIRED,REST_BEFORE_NEXT_VISIT
27.73,50.24,42.57,104.54,120.67,64.02,REST_RECOMMENDED,REST_RECOMMENDED
26.54,54.57,21.01,22.19,734.89,52.77,REST_RECOMMENDED,REST_RECOMMENDED
26.63,68.09,21.92,54.83,981.9,70.69,REST_REQUIRED,REST_BEFORE_NEXT_VISIT
30.34,35.45,9.98,110.19,1817.25,72.04,REST_REQUIRED,REST_BEFORE_NEXT_VISIT
19.34,48.44,10.95,91.01,1334.96,27.08,LOW,MOVABLE
28.86,75.4,31.27,99.04,696.16,92.8,IMMEDIATE_REST,REST_BEFORE_NEXT_VISIT
26.13,92.79,22.52,113.39,665.98,77.25,REST_REQUIRED,REST_BEFORE_NEXT_VISIT
34.02,34.37,38.49,101.1,970.69,78.47,REST_REQUIRED,REST_BEFORE_NEXT_VISIT
30.72,73.88,29.35,91.82,1024.8,90.05,IMMEDIATE_REST,REST_BEFORE_NEXT_VISIT
26.77,117.38,28.24,15.41,856.47,71.32,REST_REQUIRED,REST_BEFORE_NEXT_VISIT
19.43,125.52,22.6,39.25,1645.2,42.93,CAUTION,REST_RECOMMENDED
19.63,73.1,19.56,16.2,410.53,21.23,LOW,MOVABLE
20.22,84.76,6.44,145.18,201.04,24.0,LOW,MOVABLE
30.33,96.69,11.84,79.72,1270.99,87.25,IMMEDIATE_REST,REST_BEFORE_NEXT_VISIT
29.13,93.52,9.06,65.08,965.96,86.44,IMMEDIATE_REST,REST_BEFORE_NEXT_VISIT
21.86,143.33,21.17,134.83,1567.79,61.99,REST_RECOMMENDED,REST_RECOMMENDED
22.92,26.15,16.83,146.81,424.87,26.4,LOW,MOVABLE
22.59,33.41,22.19,128.53,892.77,39.72,CAUTION,REST_RECOMMENDED
24.49,57.1,27.21,96.39,314.24,46.56,CAUTION,REST_RECOMMENDED
30.69,65.08,6.03,136.82,1457.37,79.55,REST_REQUIRED,REST_BEFORE_NEXT_VISIT
22.53,72.76,18.46,105.08,1086.77,45.02,CAUTION,REST_RECOMMENDED
23.26,56.83,15.57,73.84,343.59,40.32,CAUTION,REST_RECOMMENDED
18.02,28.81,37.3,117.05,1490.81,23.61,LOW,MOVABLE
22.2,67.0,7.11,108.18,473.99,40.27,CAUTION,REST_RECOMMENDED
29.64,31.01,53.23,100.19,1534.7,86.4,IMMEDIATE_REST,REST_BEFORE_NEXT_VISIT
16.95,47.56,19.9,43.09,2156.28,19.66,LOW,MOVABLE
25.58,89.45,10.86,149.16,335.05,70.83,REST_REQUIRED,REST_BEFORE_NEXT_VISIT
24.12,61.56,42.2,83.06,504.25,55.09,REST_RECOMMENDED,REST_RECOMMENDED
28.94,58.78,17.72,97.6,842.81,72.14,REST_REQUIRED,REST_BEFORE_NEXT_VISIT
28.12,50.53,41.23,101.76,885.2,86.17,IMMEDIATE_REST,REST_BEFORE_NEXT_VISIT
33.81,156.06,21.77,145.69,208.43,95.91,IMMEDIATE_REST,REST_BEFORE_NEXT_VISIT
22.51,66.54,8.3,70.24,1068.23,44.2,CAUTION,REST_RECOMMENDED
22.92,90.89,16.83,67.14,656.35,45.0,CAUTION,REST_RECOMMENDED
25.88,30.66,27.75,99.05,687.32,62.92,REST_RECOMMENDED,REST_RECOMMENDED
23.88,28.37,18.38,36.52,346.48,29.4,LOW,MOVABLE
20.26,160.54,19.44,29.67,130.47,25.49,LOW,MOVABLE
30.18,51.94,8.9,117.12,1674.33,70.0,REST_REQUIRED,REST_BEFORE_NEXT_VISIT
26.58,61.86,7.87,79.52,1820.51,69.16,REST_RECOMMENDED,REST_BEFORE_NEXT_VISIT
20.62,10.74,17.46,160.06,2031.2,15.31,LOW,MOVABLE
26.59,113.67,21.89,60.65,1755.44,78.62,REST_REQUIRED,REST_BEFORE_NEXT_VISIT
22.64,56.42,33.55,7.72,339.14,27.0,LOW,MOVABLE
23.54,61.78,15.04,114.96,440.48,49.77,CAUTION,REST_RECOMMENDED
30.85,82.76,33.79,15.28,489.85,76.0,REST_REQUIRED,REST_BEFORE_NEXT_VISIT
24.12,107.78,33.21,106.77,111.01,69.62,REST_RECOMMENDED,REST_BEFORE_NEXT_VISIT
22.17,129.93,10.46,32.16,472.99,45.46,CAUTION,REST_RECOMMENDED
17.11,48.29,15.44,157.64,1527.84,30.05,CAUTION,MOVABLE
26.1,170.83,30.66,36.57,675.87,78.71,REST_REQUIRED,REST_BEFORE_NEXT_VISIT
25.85,90.25,32.92,57.64,1674.39,81.12,REST_REQUIRED,REST_BEFORE_NEXT_VISIT
30.66,58.35,37.45,111.76,602.83,81.72,REST_REQUIRED,REST_BEFORE_NEXT_VISIT
23.9,103.35,26.57,61.51,425.95,58.0,REST_RECOMMENDED,REST_RECOMMENDED
24.65,34.28,17.32,13.97,1474.84,43.97,CAUTION,REST_RECOMMENDED
30.11,46.13,19.03,83.63,548.7,69.67,REST_RECOMMENDED,REST_BEFORE_NEXT_VISIT
24.12,115.79,28.42,64.16,1417.61,61.0,REST_RECOMMENDED,REST_RECOMMENDED
22.53,42.68,16.38,122.97,756.8,37.92,CAUTION,MOVABLE
20.35,85.16,41.72,67.97,426.8,41.77,CAUTION,REST_RECOMMENDED
19.32,140.31,16.68,134.86,966.19,40.64,CAUTION,REST_RECOMMENDED
26.67,110.59,16.6,43.92,1381.71,71.34,REST_REQUIRED,REST_BEFORE_NEXT_VISIT
19.76,83.41,12.67,106.45,663.09,37.3,CAUTION,MOVABLE
20.93,69.64,19.66,37.95,548.03,24.73,LOW,MOVABLE
24.18,24.82,17.33,87.18,647.26,30.0,CAUTION,MOVABLE
23.87,38.26,30.1,99.02,2668.61,56.39,REST_RECOMMENDED,REST_RECOMMENDED
30.08,63.41,44.98,146.61,345.15,89.31,IMMEDIATE_REST,REST_BEFORE_NEXT_VISIT
25.52,113.17,13.27,55.41,585.55,73.46,REST_REQUIRED,REST_BEFORE_NEXT_VISIT
17.73,32.11,36.63,25.89,160.47,19.93,LOW,MOVABLE
26.73,156.22,33.56,65.27,511.97,78.97,REST_REQUIRED,REST_BEFORE_NEXT_VISIT
27.29,41.17,34.77,86.88,1024.09,64.92,REST_RECOMMENDED,REST_RECOMMENDED
31.69,25.09,24.05,39.33,2021.78,62.98,REST_RECOMMENDED,REST_RECOMMENDED
33.82,78.68,3.74,20.2,1876.32,69.71,REST_RECOMMENDED,REST_BEFORE_NEXT_VISIT
22.81,96.28,31.66,67.43,689.62,56.98,REST_RECOMMENDED,REST_RECOMMENDED
29.1,144.06,42.18,25.5,1511.03,91.6,IMMEDIATE_REST,REST_BEFORE_NEXT_VISIT
21.99,78.86,13.41,13.61,1117.51,37.28,CAUTION,MOVABLE
25.2,73.59,25.33,91.67,2321.32,71.49,REST_REQUIRED,REST_BEFORE_NEXT_VISIT
23.64,18.13,15.87,140.31,1530.85,39.64,CAUTION,REST_RECOMMENDED
22.19,106.95,16.93,47.09,1436.9,46.67,CAUTION,REST_RECOMMENDED
26.02,75.18,33.41,30.18,1411.06,67.0,REST_RECOMMENDED,REST_RECOMMENDED
21.19,89.32,35.55,48.57,1178.87,47.91,CAUTION,REST_RECOMMENDED
26.77,67.21,32.27,94.51,268.76,72.37,REST_REQUIRED,REST_BEFORE_NEXT_VISIT
32.3,107.13,16.67,54.97,2571.61,89.94,IMMEDIATE_REST,REST_BEFORE_NEXT_VISIT
26.71,46.91,28.89,23.61,568.59,51.71,REST_RECOMMENDED,REST_RECOMMENDED
26.53,90.46,17.63,77.1,2376.34,73.21,REST_REQUIRED,REST_BEFORE_NEXT_VISIT
20.68,32.29,19.32,64.77,941.86,18.84,LOW,MOVABLE
24.66,64.5,17.75,49.86,363.8,44.93,CAUTION,REST_RECOMMENDED
24.23,52.28,23.44,145.56,265.43,48.13,CAUTION,REST_RECOMMENDED
32.0,70.55,22.35,40.12,525.37,85.07,IMMEDIATE_REST,REST_BEFORE_NEXT_VISIT
30.81,120.58,36.2,149.49,1757.02,97.62,IMMEDIATE_REST,REST_BEFORE_NEXT_VISIT
22.58,58.29,26.17,11.47,1010.21,27.0,LOW,MOVABLE
24.33,118.51,6.01,96.22,1461.02,62.54,REST_RECOMMENDED,REST_RECOMMENDED
24.21,49.45,4.09,76.86,1218.7,42.1,CAUTION,REST_RECOMMENDED
20.17,67.45,40.9,134.99,2280.38,41.13,CAUTION,REST_RECOMMENDED
25.01,80.38,13.86,32.16,245.59,58.09,REST_RECOMMENDED,REST_RECOMMENDED
29.73,30.69,31.46,97.9,1709.2,86.45,IMMEDIATE_REST,REST_BEFORE_NEXT_VISIT
26.29,56.48,25.65,48.65,128.68,54.43,REST_RECOMMENDED,REST_RECOMMENDED
31.07,57.81,14.08,73.42,207.11,66.54,REST_RECOMMENDED,REST_RECOMMENDED
26.91,118.58,27.28,12.24,1720.58,70.83,REST_REQUIRED,REST_BEFORE_NEXT_VISIT
26.07,42.79,8.68,60.28,1345.35,53.15,REST_RECOMMENDED,REST_RECOMMENDED
18.82,87.87,37.36,117.7,818.84,40.31,CAUTION,REST_RECOMMENDED
20.44,121.88,2.59,156.44,182.31,32.0,CAUTION,MOVABLE
22.69,97.51,12.14,72.93,2269.17,48.82,CAUTION,REST_RECOMMENDED
22.68,97.72,43.54,70.98,505.28,55.71,REST_RECOMMENDED,REST_RECOMMENDED
32.03,50.38,16.12,127.45,316.34,73.47,REST_REQUIRED,REST_BEFORE_NEXT_VISIT
27.01,109.93,19.39,64.24,1742.69,75.31,REST_REQUIRED,REST_BEFORE_NEXT_VISIT
22.22,48.72,39.21,103.81,1188.35,45.1,CAUTION,REST_RECOMMENDED
28.98,42.29,29.23,48.67,1096.11,76.08,REST_REQUIRED,REST_BEFORE_NEXT_VISIT
29.47,40.56,42.78,132.97,682.85,78.0,REST_REQUIRED,REST_BEFORE_NEXT_VISIT
21.31,113.17,9.12,47.73,1799.53,40.0,CAUTION,REST_RECOMMENDED
25.57,64.64,19.8,93.0,180.77,64.35,REST_RECOMMENDED,REST_RECOMMENDED
31.86,94.9,18.61,122.06,1625.71,95.81,IMMEDIATE_REST,REST_BEFORE_NEXT_VISIT
20.13,89.46,31.73,27.01,50.55,27.0,LOW,MOVABLE
25.71,52.26,19.3,23.94,645.51,46.0,CAUTION,REST_RECOMMENDED
32.04,41.65,48.77,71.82,1527.2,80.28,REST_REQUIRED,REST_BEFORE_NEXT_VISIT
27.21,112.49,36.88,76.42,1917.54,82.19,REST_REQUIRED,REST_BEFORE_NEXT_VISIT
23.9,70.17,38.44,104.48,506.26,60.09,REST_RECOMMENDED,REST_RECOMMENDED
23.23,69.52,5.78,64.76,325.74,46.96,CAUTION,REST_RECOMMENDED
31.96,126.39,12.97,62.9,822.5,85.56,IMMEDIATE_REST,REST_BEFORE_NEXT_VISIT
18.89,72.07,27.35,53.31,199.58,26.49,LOW,MOVABLE
29.07,69.9,18.78,79.57,220.56,80.06,REST_REQUIRED,REST_BEFORE_NEXT_VISIT
25.81,95.5,32.56,33.44,413.58,73.42,REST_REQUIRED,REST_BEFORE_NEXT_VISIT
27.58,84.96,20.53,101.53,870.49,72.47,REST_REQUIRED,REST_BEFORE_NEXT_VISIT
26.93,105.06,27.7,113.01,1074.0,84.65,REST_REQUIRED,REST_BEFORE_NEXT_VISIT
22.97,51.37,30.64,110.1,717.3,42.13,CAUTION,REST_RECOMMENDED
30.47,121.82,34.61,151.77,762.35,96.85,IMMEDIATE_REST,REST_BEFORE_NEXT_VISIT
21.59,99.48,29.27,37.31,1925.25,51.23,REST_RECOMMENDED,REST_RECOMMENDED
22.64,84.63,33.06,32.99,1492.63,43.32,CAUTION,REST_RECOMMENDED
25.19,123.14,13.26,35.68,2007.64,72.65,REST_REQUIRED,REST_BEFORE_NEXT_VISIT
28.64,20.0,30.87,51.99,1597.63,73.07,REST_REQUIRED,REST_BEFORE_NEXT_VISIT
27.15,16.61,24.46,69.01,743.66,55.36,REST_RECOMMENDED,REST_RECOMMENDED
29.66,9.42,35.33,18.11,837.52,63.93,REST_RECOMMENDED,REST_RECOMMENDED
25.81,113.33,7.08,72.71,1536.2,69.0,REST_RECOMMENDED,REST_RECOMMENDED
22.91,44.79,22.61,57.73,1930.33,36.47,CAUTION,MOVABLE
24.28,10.59,18.86,103.12,943.36,40.1,CAUTION,REST_RECOMMENDED
17.6,85.57,32.25,80.58,1208.33,38.76,CAUTION,MOVABLE
31.35,149.64,23.09,117.29,1639.95,97.97,IMMEDIATE_REST,REST_BEFORE_NEXT_VISIT
21.26,97.55,26.29,103.58,153.31,53.29,REST_RECOMMENDED,REST_RECOMMENDED
29.14,57.5,49.58,105.99,1439.01,84.56,REST_REQUIRED,REST_BEFORE_NEXT_VISIT
21.82,10.03,12.25,90.37,165.53,24.44,LOW,MOVABLE
18.37,96.6,34.58,41.86,502.03,43.17,CAUTION,REST_RECOMMENDED
31.2,36.26,3.25,62.16,517.61,67.14,REST_RECOMMENDED,REST_RECOMMENDED
28.83,17.28,16.34,13.61,702.54,53.0,REST_RECOMMENDED,REST_RECOMMENDED
22.65,54.92,17.77,25.78,1062.6,24.8,LOW,MOVABLE
25.55,85.38,39.65,47.6,554.06,68.19,REST_RECOMMENDED,REST_RECOMMENDED
31.62,134.9,16.62,107.36,993.28,92.15,IMMEDIATE_REST,REST_BEFORE_NEXT_VISIT
19.51,70.1,5.25,37.81,2486.41,26.2,LOW,MOVABLE
28.5,97.89,38.76,33.3,606.62,90.23,IMMEDIATE_REST,REST_BEFORE_NEXT_VISIT
19.54,46.77,29.68,116.01,1118.15,27.0,LOW,MOVABLE
17.37,126.69,31.27,114.43,326.51,44.82,CAUTION,REST_RECOMMENDED
21.83,113.06,13.46,67.63,1952.22,47.91,CAUTION,REST_RECOMMENDED
21.2,152.3,9.94,115.18,991.16,46.46,CAUTION,REST_RECOMMENDED
30.32,32.14,38.27,75.56,581.9,75.31,REST_REQUIRED,REST_BEFORE_NEXT_VISIT
22.87,38.78,19.8,111.4,1637.88,35.02,CAUTION,MOVABLE
21.71,71.65,23.08,150.58,1141.28,46.0,CAUTION,REST_RECOMMENDED
25.73,106.63,30.52,109.89,457.04,81.98,REST_REQUIRED,REST_BEFORE_NEXT_VISIT
32.07,101.76,20.42,79.29,1918.06,91.58,IMMEDIATE_REST,REST_BEFORE_NEXT_VISIT
29.14,164.94,19.29,68.76,585.81,85.43,IMMEDIATE_REST,REST_BEFORE_NEXT_VISIT
19.12,68.31,18.61,46.53,673.57,28.94,LOW,MOVABLE
26.4,66.88,37.58,49.26,2016.2,71.43,REST_REQUIRED,REST_BEFORE_NEXT_VISIT
23.1,16.91,32.86,128.55,279.4,37.32,CAUTION,MOVABLE
19.99,73.32,35.99,141.02,588.21,41.99,CAUTION,REST_RECOMMENDED
20.0,68.07,20.12,62.82,1278.51,33.1,CAUTION,MOVABLE
31.57,27.5,28.17,45.52,1172.31,65.87,REST_RECOMMENDED,REST_RECOMMENDED
25.66,89.97,46.93,37.25,1789.28,68.42,REST_RECOMMENDED,REST_RECOMMENDED
25.23,124.58,47.7,135.81,580.37,80.0,REST_REQUIRED,REST_BEFORE_NEXT_VISIT
24.58,111.38,50.34,94.5,691.54,66.11,REST_RECOMMENDED,REST_RECOMMENDED
31.77,36.66,16.85,72.38,1515.36,74.05,REST_REQUIRED,REST_BEFORE_NEXT_VISIT
32.2,109.69,42.42,71.77,904.43,98.26,IMMEDIATE_REST,REST_BEFORE_NEXT_VISIT
23.88,50.61,7.19,82.46,304.26,36.86,CAUTION,MOVABLE
20.43,90.27,15.45,34.82,387.34,34.61,CAUTION,MOVABLE
18.47,37.16,29.18,55.57,1094.26,20.66,LOW,MOVABLE
27.22,16.2,6.98,79.67,2555.3,49.73,CAUTION,REST_RECOMMENDED
22.49,109.44,26.24,55.17,682.33,52.19,REST_RECOMMENDED,REST_RECOMMENDED
23.75,52.11,30.67,19.89,907.08,43.02,CAUTION,REST_RECOMMENDED
20.12,62.66,32.66,38.65,730.98,30.0,CAUTION,MOVABLE
23.68,56.42,27.52,101.64,1760.54,48.56,CAUTION,REST_RECOMMENDED
21.04,61.82,42.81,126.39,2194.17,50.29,REST_RECOMMENDED,REST_RECOMMENDED
20.81,70.47,21.93,115.15,493.89,39.82,CAUTION,REST_RECOMMENDED
19.09,26.57,23.47,123.88,2119.08,22.76,LOW,MOVABLE
22.31,64.05,22.38,114.22,834.07,50.62,REST_RECOMMENDED,REST_RECOMMENDED
18.63,72.11,27.57,66.52,457.78,30.0,CAUTION,MOVABLE
20.04,71.95,32.01,15.74,864.83,32.29,CAUTION,MOVABLE
16.87,135.08,10.97,86.63,1191.64,42.98,CAUTION,REST_RECOMMENDED
33.58,111.61,47.22,50.36,92.97,95.09,IMMEDIATE_REST,REST_BEFORE_NEXT_VISIT
28.77,50.79,12.51,63.75,1018.24,72.3,REST_REQUIRED,REST_BEFORE_NEXT_VISIT
16.38,96.02,5.1,68.08,901.73,33.76,CAUTION,MOVABLE
30.48,15.64,3.35,63.42,2051.45,63.6,REST_RECOMMENDED,REST_RECOMMENDED
32.81,43.57,18.4,99.07,9.92,73.42,REST_REQUIRED,REST_BEFORE_NEXT_VISIT
23.3,83.76,14.23,150.27,111.39,47.55,CAUTION,REST_RECOMMENDED
23.89,127.8,19.9,25.94,909.39,52.7,REST_RECOMMENDED,REST_RECOMMENDED
30.43,27.57,22.49,74.11,933.8,65.43,REST_RECOMMENDED,REST_RECOMMENDED
22.58,50.11,36.68,97.81,861.42,38.98,CAUTION,MOVABLE
32.39,35.21,43.93,96.95,333.89,80.52,REST_REQUIRED,REST_BEFORE_NEXT_VISIT
32.93,71.43,42.33,42.92,936.9,80.66,REST_REQUIRED,REST_BEFORE_NEXT_VISIT
28.68,83.14,7.06,99.08,1030.85,79.0,REST_REQUIRED,REST_BEFORE_NEXT_VISIT
30.43,116.85,38.93,61.66,202.25,92.27,IMMEDIATE_REST,REST_BEFORE_NEXT_VISIT
20.19,95.92,23.81,31.35,407.9,35.3,CAUTION,MOVABLE
27.45,37.19,29.32,48.56,1677.26,55.0,REST_RECOMMENDED,REST_RECOMMENDED
29.01,95.85,10.69,130.72,168.33,88.6,IMMEDIATE_REST,REST_BEFORE_NEXT_VISIT
22.66,156.82,28.19,87.17,1463.04,51.0,REST_RECOMMENDED,REST_RECOMMENDED
22.28,130.98,17.83,8.79,225.14,37.31,CAUTION,MOVABLE
18.83,54.29,12.15,78.2,80.32,18.39,LOW,MOVABLE
29.56,58.61,26.96,37.95,1635.13,70.0,REST_REQUIRED,REST_BEFORE_NEXT_VISIT
21.48,101.03,26.14,83.44,482.88,57.44,REST_RECOMMENDED,REST_RECOMMENDED
29.43,30.62,13.58,141.47,2321.52,75.41,REST_REQUIRED,REST_BEFORE_NEXT_VISIT
19.83,97.25,9.87,53.96,197.55,28.4,LOW,MOVABLE
26.09,21.96,4.64,75.99,751.64,42.0,CAUTION,REST_RECOMMENDED
28.12,15.3,13.58,106.71,1165.12,65.03,REST_RECOMMENDED,REST_RECOMMENDED
17.35,58.11,21.31,145.81,156.31,27.08,LOW,MOVABLE
29.29,13.15,38.47,38.4,2449.24,73.72,REST_REQUIRED,REST_BEFORE_NEXT_VISIT
22.13,60.55,15.33,98.17,139.44,43.79,CAUTION,REST_RECOMMENDED
29.11,2.88,32.07,85.82,514.86,69.82,REST_RECOMMENDED,REST_BEFORE_NEXT_VISIT
20.73,68.82,28.8,71.78,809.74,32.42,CAUTION,MOVABLE
26.03,94.54,14.56,33.73,1916.37,70.53,REST_REQUIRED,REST_BEFORE_NEXT_VISIT
33.8,160.53,34.24,146.62,1250.8,100.0,IMMEDIATE_REST,REST_BEFORE_NEXT_VISIT
29.4,64.94,45.46,54.32,1046.11,85.9,IMMEDIATE_REST,REST_BEFORE_NEXT_VISIT
29.12,48.42,48.23,16.16,1016.69,70.71,REST_REQUIRED,REST_BEFORE_NEXT_VISIT
18.73,80.96,20.37,33.86,818.27,31.31,CAUTION,MOVABLE
26.03,64.16,36.46,114.69,1210.68,77.91,REST_REQUIRED,REST_BEFORE_NEXT_VISIT
25.89,150.28,20.22,164.46,396.71,76.0,REST_REQUIRED,REST_BEFORE_NEXT_VISIT
24.16,72.41,41.27,75.68,1882.04,57.15,REST_RECOMMENDED,REST_RECOMMENDED
22.14,78.47,28.81,177.42,303.35,43.0,CAUTION,REST_RECOMMENDED
20.48,19.72,10.74,126.45,549.17,18.17,LOW,MOVABLE
28.3,56.04,5.72,97.72,485.88,67.0,REST_RECOMMENDED,REST_RECOMMENDED
22.29,30.16,14.27,34.7,880.25,24.0,LOW,MOVABLE
16.78,50.93,13.27,38.37,1219.85,16.48,LOW,MOVABLE
28.98,97.04,14.06,21.93,502.48,78.0,REST_REQUIRED,REST_BEFORE_NEXT_VISIT
30.24,62.37,17.89,35.48,468.69,77.99,REST_REQUIRED,REST_BEFORE_NEXT_VISIT
29.54,133.92,23.54,34.58,1255.93,89.14,IMMEDIATE_REST,REST_BEFORE_NEXT_VISIT
33.7,22.53,9.49,72.1,1389.77,59.0,REST_RECOMMENDED,REST_RECOMMENDED
26.3,77.25,22.44,111.57,1114.1,72.78,REST_REQUIRED,REST_BEFORE_NEXT_VISIT
16.16,95.43,32.38,28.46,1182.79,45.09,CAUTION,REST_RECOMMENDED
24.57,10.22,11.62,126.08,241.98,33.67,CAUTION,MOVABLE
22.66,128.5,49.55,16.55,968.5,45.0,CAUTION,REST_RECOMMENDED
28.6,50.88,11.77,135.53,696.1,76.15,REST_REQUIRED,REST_BEFORE_NEXT_VISIT
26.24,105.76,21.62,163.1,2506.95,86.13,IMMEDIATE_REST,REST_BEFORE_NEXT_VISIT
25.63,108.17,29.81,94.66,778.5,85.2,IMMEDIATE_REST,REST_BEFORE_NEXT_VISIT
21.45,101.01,17.43,99.88,615.35,48.0,CAUTION,REST_RECOMMENDED
20.2,66.39,28.9,80.64,1681.23,33.0,CAUTION,MOVABLE
19.6,53.79,5.97,93.54,537.95,18.0,LOW,MOVABLE
29.85,124.35,10.15,87.11,854.6,92.25,IMMEDIATE_REST,REST_BEFORE_NEXT_VISIT
21.38,116.21,30.56,97.6,1205.92,60.83,REST_RECOMMENDED,REST_RECOMMENDED
27.48,89.47,33.36,22.6,524.96,64.89,REST_RECOMMENDED,REST_RECOMMENDED
30.5,54.02,19.09,144.49,300.53,79.88,REST_REQUIRED,REST_BEFORE_NEXT_VISIT
31.07,59.75,30.59,49.45,955.37,71.0,REST_REQUIRED,REST_BEFORE_NEXT_VISIT
23.83,120.72,26.92,78.94,559.01,59.0,REST_RECOMMENDED,REST_RECOMMENDED
23.24,27.46,40.65,35.93,1308.15,35.0,CAUTION,MOVABLE
25.43,71.73,1.02,23.58,658.71,56.46,REST_RECOMMENDED,REST_RECOMMENDED
34.62,122.87,16.78,150.93,1253.18,91.39,IMMEDIATE_REST,REST_BEFORE_NEXT_VISIT
19.79,49.76,29.58,64.92,1287.45,31.91,CAUTION,MOVABLE
25.1,16.99,22.78,102.46,43.15,50.36,REST_RECOMMENDED,REST_RECOMMENDED
23.05,64.44,40.13,132.65,1822.36,62.46,REST_RECOMMENDED,REST_RECOMMENDED
22.7,21.91,52.95,64.43,292.29,29.91,LOW,MOVABLE
27.4,29.78,35.81,65.59,411.47,53.25,REST_RECOMMENDED,REST_RECOMMENDED
27.88,60.26,23.57,92.18,614.32,74.43,REST_REQUIRED,REST_BEFORE_NEXT_VISIT
32.92,49.17,16.76,85.13,1854.44,72.79,REST_REQUIRED,REST_BEFORE_NEXT_VISIT
27.71,57.03,14.4,64.17,221.01,50.0,REST_RECOMMENDED,REST_RECOMMENDED
31.92,74.82,22.33,48.08,571.9,78.79,REST_REQUIRED,REST_BEFORE_NEXT_VISIT
23.49,43.17,44.17,64.36,483.35,45.63,CAUTION,REST_RECOMMENDED
20.46,15.57,22.62,69.54,1384.27,23.12,LOW,MOVABLE
25.77,94.76,38.46,29.12,898.1,70.67,REST_REQUIRED,REST_BEFORE_NEXT_VISIT
27.48,132.34,39.85,81.04,794.96,82.64,REST_REQUIRED,REST_BEFORE_NEXT_VISIT
28.64,102.57,32.44,37.73,1504.04,97.62,IMMEDIATE_REST,REST_BEFORE_NEXT_VISIT
23.14,23.82,12.8,129.59,119.91,30.39,CAUTION,MOVABLE
16.04,118.42,7.35,88.24,2223.4,44.07,CAUTION,REST_RECOMMENDED
22.04,110.04,8.3,57.41,1074.29,40.0,CAUTION,REST_RECOMMENDED
27.89,104.8,14.68,87.53,373.44,75.2,REST_REQUIRED,REST_BEFORE_NEXT_VISIT
31.94,58.97,19.53,42.79,990.41,70.4,REST_REQUIRED,REST_BEFORE_NEXT_VISIT
20.12,17.05,16.66,42.7,156.76,3.0,LOW,MOVABLE
27.4,80.52,3.66,91.14,117.15,59.0,REST_RECOMMENDED,REST_RECOMMENDED
28.1,10.62,9.31,29.26,1900.24,54.55,REST_RECOMMENDED,REST_RECOMMENDED
23.87,151.4,54.45,64.31,1405.86,64.0,REST_RECOMMENDED,REST_RECOMMENDED
22.01,147.45,29.59,112.44,2217.24,58.79,REST_RECOMMENDED,REST_RECOMMENDED
24.51,42.64,28.5,61.69,1849.4,47.03,CAUTION,REST_RECOMMENDED
20.27,61.8,36.0,38.82,748.35,32.32,CAUTION,MOVABLE
17.21,84.18,24.4,61.87,1093.49,42.88,CAUTION,REST_RECOMMENDED
21.42,47.14,37.67,130.26,271.26,35.0,CAUTION,MOVABLE
28.82,21.64,30.92,87.35,78.32,68.49,REST_RECOMMENDED,REST_RECOMMENDED
24.53,40.86,28.62,142.74,1229.41,51.29,REST_RECOMMENDED,REST_RECOMMENDED
25.49,85.63,35.23,48.36,986.96,68.4,REST_RECOMMENDED,REST_RECOMMENDED
28.23,56.29,41.53,99.38,982.14,79.45,REST_REQUIRED,REST_BEFORE_NEXT_VISIT
29.42,85.3,16.57,108.92,466.74,79.0,REST_REQUIRED,REST_BEFORE_NEXT_VISIT
23.5,107.99,14.37,56.19,777.67,51.43,REST_RECOMMENDED,REST_RECOMMENDED
26.48,130.52,10.09,3.77,2235.73,67.95,REST_RECOMMENDED,REST_RECOMMENDED
25.15,65.98,4.6,69.21,1006.18,66.15,REST_RECOMMENDED,REST_RECOMMENDED
24.26,69.37,45.76,36.07,339.71,49.44,CAUTION,REST_RECOMMENDED
25.79,123.94,33.78,159.88,520.84,86.03,IMMEDIATE_REST,REST_BEFORE_NEXT_VISIT
29.69,44.53,10.09,54.41,1870.82,67.62,REST_RECOMMENDED,REST_RECOMMENDED
32.32,79.21,14.62,121.32,705.75,82.56,REST_REQUIRED,REST_BEFORE_NEXT_VISIT
31.16,102.56,27.26,73.37,1495.69,93.7,IMMEDIATE_REST,REST_BEFORE_NEXT_VISIT
29.09,49.9,23.94,45.85,395.61,68.86,REST_RECOMMENDED,REST_RECOMMENDED
22.75,15.5,5.58,123.61,1158.48,22.12,LOW,MOVABLE
31.15,107.62,17.74,40.92,1028.7,90.69,IMMEDIATE_REST,REST_BEFORE_NEXT_VISIT
24.7,126.94,35.3,68.62,827.17,68.97,REST_RECOMMENDED,REST_RECOMMENDED
33.38,151.93,44.02,101.59,141.26,95.16,IMMEDIATE_REST,REST_BEFORE_NEXT_VISIT
26.73,43.64,16.5,116.36,1346.97,64.9,REST_RECOMMENDED,REST_RECOMMENDED
29.11,40.82,8.86,89.18,983.63,66.51,REST_RECOMMENDED,REST_RECOMMENDED
20.7,138.85,18.44,68.56,1642.93,38.54,CAUTION,MOVABLE
30.27,98.9,36.29,130.56,1290.96,100.0,IMMEDIATE_REST,REST_BEFORE_NEXT_VISIT
25.4,123.14,10.87,96.62,1231.37,78.68,REST_REQUIRED,REST_BEFORE_NEXT_VISIT
30.08,68.24,10.04,26.85,1352.97,76.28,REST_REQUIRED,REST_BEFORE_NEXT_VISIT
22.37,67.17,46.83,113.23,1661.17,49.32,CAUTION,REST_RECOMMENDED
24.35,69.06,31.95,50.8,2573.48,53.45,REST_RECOMMENDED,REST_RECOMMENDED
29.59,88.04,21.46,63.91,623.74,81.0,REST_REQUIRED,REST_BEFORE_NEXT_VISIT
25.09,81.69,15.43,28.65,1341.01,65.64,REST_RECOMMENDED,REST_RECOMMENDED
20.94,45.84,10.31,142.83,1133.66,25.63,LOW,MOVABLE
22.8,88.37,17.22,73.41,711.88,40.47,CAUTION,REST_RECOMMENDED
27.6,113.1,9.4,149.02,343.1,74.4,REST_REQUIRED,REST_BEFORE_NEXT_VISIT
29.97,105.23,6.65,33.89,2423.55,81.52,REST_REQUIRED,REST_BEFORE_NEXT_VISIT
29.16,78.29,35.44,101.12,971.87,87.21,IMMEDIATE_REST,REST_BEFORE_NEXT_VISIT
21.63,102.99,22.48,109.28,945.96,52.0,REST_RECOMMENDED,REST_RECOMMENDED
30.32,61.06,14.13,91.02,551.46,85.43,IMMEDIATE_REST,REST_BEFORE_NEXT_VISIT
24.78,27.27,20.67,23.03,1985.8,30.93,CAUTION,MOVABLE
20.03,53.7,29.66,46.38,461.63,21.43,LOW,MOVABLE
30.54,85.09,26.08,77.97,1004.7,83.0,REST_REQUIRED,REST_BEFORE_NEXT_VISIT
22.54,72.34,9.64,47.14,1072.54,34.57,CAUTION,MOVABLE
31.21,43.23,6.53,52.2,245.24,58.0,REST_RECOMMENDED,REST_RECOMMENDED
28.58,34.15,41.63,88.2,470.37,74.0,REST_REQUIRED,REST_BEFORE_NEXT_VISIT
31.67,36.78,21.31,131.18,586.25,75.9,REST_REQUIRED,REST_BEFORE_NEXT_VISIT
29.02,40.07,21.26,85.49,559.74,73.0,REST_REQUIRED,REST_BEFORE_NEXT_VISIT
31.04,79.63,33.63,54.46,286.04,83.77,REST_REQUIRED,REST_BEFORE_NEXT_VISIT
20.22,40.1,15.85,34.52,737.82,19.07,LOW,MOVABLE
28.25,45.18,22.04,107.32,2166.9,81.61,REST_REQUIRED,REST_BEFORE_NEXT_VISIT
31.33,53.3,31.81,25.16,761.2,69.68,REST_RECOMMENDED,REST_BEFORE_NEXT_VISIT
19.76,68.29,22.55,155.17,1327.02,38.3,CAUTION,MOVABLE
28.67,32.66,44.12,39.64,1506.95,74.96,REST_REQUIRED,REST_BEFORE_NEXT_VISIT
20.66,51.66,6.91,60.12,1029.51,19.38,LOW,MOVABLE
21.97,52.17,52.47,126.27,1230.51,42.5,CAUTION,REST_RECOMMENDED
30.44,70.19,21.13,139.85,118.34,89.73,IMMEDIATE_REST,REST_BEFORE_NEXT_VISIT
29.71,107.86,11.05,147.32,269.16,88.62,IMMEDIATE_REST,REST_BEFORE_NEXT_VISIT
27.08,16.27,6.88,101.54,1345.42,49.04,CAUTION,REST_RECOMMENDED
16.5,44.29,29.73,76.73,968.37,24.19,LOW,MOVABLE
30.44,86.73,4.18,15.28,1027.41,71.83,REST_REQUIRED,REST_BEFORE_NEXT_VISIT
33.64,59.46,36.47,30.14,483.11,75.02,REST_REQUIRED,REST_BEFORE_NEXT_VISIT
22.12,69.59,13.77,105.76,1648.52,42.0,CAUTION,REST_RECOMMENDED
20.45,82.92,32.32,141.73,1494.66,40.01,CAUTION,REST_RECOMMENDED
27.7,37.62,33.83,3.84,147.25,52.42,REST_RECOMMENDED,REST_RECOMMENDED
30.41,96.51,19.17,63.94,156.06,87.55,IMMEDIATE_REST,REST_BEFORE_NEXT_VISIT
24.57,27.02,28.29,81.45,682.95,35.21,CAUTION,MOVABLE
29.04,49.59,49.4,127.71,1381.42,80.89,REST_REQUIRED,REST_BEFORE_NEXT_VISIT
29.07,33.02,15.13,141.6,1488.27,75.0,REST_REQUIRED,REST_BEFORE_NEXT_VISIT
26.86,63.41,39.0,116.34,1285.66,79.47,REST_REQUIRED,REST_BEFORE_NEXT_VISIT
31.98,149.45,29.14,122.54,1302.91,100.0,IMMEDIATE_REST,REST_BEFORE_NEXT_VISIT
29.44,52.02,12.59,45.96,2094.69,66.0,REST_RECOMMENDED,REST_RECOMMENDED
20.77,45.39,33.02,26.6,385.11,20.83,LOW,MOVABLE
29.55,101.86,16.47,107.58,526.24,92.07,IMMEDIATE_REST,REST_BEFORE_NEXT_VISIT
25.57,116.97,16.94,105.04,1480.36,75.75,REST_REQUIRED,REST_BEFORE_NEXT_VISIT
20.07,108.0,11.7,90.92,492.7,37.0,CAUTION,MOVABLE
23.69,78.28,17.77,83.76,1207.77,49.0,CAUTION,REST_RECOMMENDED
17.51,63.58,24.36,134.8,543.4,35.43,CAUTION,MOVABLE
27.39,107.82,45.05,79.41,86.22,77.15,REST_REQUIRED,REST_BEFORE_NEXT_VISIT
27.51,32.8,24.55,59.64,1370.59,56.45,REST_RECOMMENDED,REST_RECOMMENDED
22.82,158.2,43.07,122.11,651.1,58.06,REST_RECOMMENDED,REST_RECOMMENDED
23.32,31.67,26.15,83.1,1617.59,48.68,CAUTION,REST_RECOMMENDED
21.36,114.73,16.47,138.58,1148.46,51.6,REST_RECOMMENDED,REST_RECOMMENDED
24.65,80.95,43.67,50.18,356.49,49.1,CAUTION,REST_RECOMMENDED
24.52,42.24,26.5,40.12,685.6,46.15,CAUTION,REST_RECOMMENDED
20.09,76.0,24.5,52.07,900.22,29.9,LOW,MOVABLE
28.04,117.74,13.91,91.85,2189.07,91.62,IMMEDIATE_REST,REST_BEFORE_NEXT_VISIT
19.09,79.56,23.51,24.98,1203.56,31.07,CAUTION,MOVABLE
25.81,45.0,16.46,147.31,617.77,63.05,REST_RECOMMENDED,REST_RECOMMENDED
23.32,7.41,16.75,71.91,1188.45,34.92,CAUTION,MOVABLE
34.43,102.56,18.21,124.66,937.04,91.17,IMMEDIATE_REST,REST_BEFORE_NEXT_VISIT
25.28,68.19,23.53,23.72,869.07,60.37,REST_RECOMMENDED,REST_RECOMMENDED
15.48,10.99,21.15,82.1,1303.69,16.0,LOW,MOVABLE
26.13,71.33,49.69,101.59,121.8,73.15,REST_REQUIRED,REST_BEFORE_NEXT_VISIT
20.95,30.97,19.67,145.97,1019.86,24.93,LOW,MOVABLE
27.24,19.31,23.33,52.24,231.56,42.46,CAUTION,REST_RECOMMENDED
20.76,103.25,40.08,96.44,1482.25,52.52,REST_RECOMMENDED,REST_RECOMMENDED
21.47,29.25,16.2,70.9,781.11,24.07,LOW,MOVABLE
26.12,73.01,36.46,117.49,351.68,71.0,REST_REQUIRED,REST_BEFORE_NEXT_VISIT
31.63,70.32,27.81,52.07,130.3,79.85,REST_REQUIRED,REST_BEFORE_NEXT_VISIT
19.65,43.8,45.67,144.41,882.58,34.26,CAUTION,MOVABLE
32.57,8.98,31.21,38.84,652.16,63.0,REST_RECOMMENDED,REST_RECOMMENDED
33.3,28.68,30.53,18.98,180.45,61.55,REST_RECOMMENDED,REST_RECOMMENDED
23.38,65.71,45.76,38.52,983.4,54.31,REST_RECOMMENDED,REST_RECOMMENDED
25.15,114.46,13.35,60.12,718.42,72.09,REST_REQUIRED,REST_BEFORE_NEXT_VISIT
27.82,33.83,10.9,35.25,96.23,48.65,CAUTION,REST_RECOMMENDED
18.96,58.99,18.79,145.37,2651.34,23.0,LOW,MOVABLE
27.87,133.98,9.62,35.1,441.6,63.51,REST_RECOMMENDED,REST_RECOMMENDED
25.87,32.33,47.83,108.0,1136.55,65.0,REST_RECOMMENDED,REST_RECOMMENDED
32.1,15.18,12.85,108.8,329.0,64.24,REST_RECOMMENDED,REST_RECOMMENDED
29.55,55.21,4.19,54.19,1237.81,64.98,REST_RECOMMENDED,REST_RECOMMENDED
25.81,100.13,25.91,60.48,696.67,76.46,REST_REQUIRED,REST_BEFORE_NEXT_VISIT
18.89,44.32,45.11,32.61,517.96,23.45,LOW,MOVABLE
25.61,38.01,14.48,132.3,89.22,53.4,REST_RECOMMENDED,REST_RECOMMENDED
21.62,24.9,7.21,37.76,706.59,15.74,LOW,MOVABLE
25.73,54.93,6.36,115.71,368.13,60.93,REST_RECOMMENDED,REST_RECOMMENDED
20.02,129.26,7.74,111.73,1905.31,37.0,CAUTION,MOVABLE
29.14,63.25,15.76,92.22,2228.19,84.46,REST_REQUIRED,REST_BEFORE_NEXT_VISIT
26.26,98.74,22.8,100.71,605.29,79.81,REST_REQUIRED,REST_BEFORE_NEXT_VISIT
31.85,14.15,33.81,88.53,91.44,67.35,REST_RECOMMENDED,REST_RECOMMENDED
32.34,61.47,38.27,102.39,445.23,86.0,IMMEDIATE_REST,REST_BEFORE_NEXT_VISIT
23.22,87.06,31.5,97.15,171.98,61.95,REST_RECOMMENDED,REST_RECOMMENDED
19.8,62.34,19.84,172.5,2005.54,32.0,CAUTION,MOVABLE
24.16,26.13,48.91,92.4,1354.47,47.81,CAUTION,REST_RECOMMENDED
22.61,92.99,7.19,116.33,857.45,48.62,CAUTION,REST_RECOMMENDED
16.85,66.65,30.2,119.93,1284.22,45.21,CAUTION,REST_RECOMMENDED
20.62,98.46,39.44,74.16,2287.2,44.47,CAUTION,REST_RECOMMENDED
16.45,24.1,2.39,7.33,533.78,2.46,LOW,MOVABLE
20.0,77.65,44.87,64.68,1406.78,40.48,CAUTION,REST_RECOMMENDED
26.97,75.64,27.36,45.72,455.43,62.25,REST_RECOMMENDED,REST_RECOMMENDED
28.89,89.61,24.88,82.47,2596.27,87.78,IMMEDIATE_REST,REST_BEFORE_NEXT_VISIT
29.08,24.65,11.09,37.53,1484.42,60.88,REST_RECOMMENDED,REST_RECOMMENDED
27.2,18.43,5.28,81.97,816.52,42.0,CAUTION,REST_RECOMMENDED
27.13,25.41,6.28,148.52,1434.47,47.0,CAUTION,REST_RECOMMENDED
30.15,80.19,16.63,51.23,843.83,76.28,REST_REQUIRED,REST_BEFORE_NEXT_VISIT
18.42,4.89,6.1,86.49,1798.27,13.2,LOW,MOVABLE
18.16,55.21,32.25,8.08,2037.85,20.0,LOW,MOVABLE
29.93,106.74,50.0,47.25,325.87,87.0,IMMEDIATE_REST,REST_BEFORE_NEXT_VISIT
18.19,59.37,28.34,15.35,897.96,24.09,LOW,MOVABLE
26.68,33.35,6.66,110.85,144.96,55.1,REST_RECOMMENDED,REST_RECOMMENDED
25.22,49.48,43.87,118.52,467.59,63.73,REST_RECOMMENDED,REST_RECOMMENDED
25.3,37.46,41.92,32.3,797.12,62.3,REST_RECOMMENDED,REST_RECOMMENDED
21.92,32.83,6.23,69.91,206.52,32.45,CAUTION,MOVABLE
22.43,99.77,27.53,82.18,690.6,53.74,REST_RECOMMENDED,REST_RECOMMENDED
21.45,81.04,7.72,138.37,2051.64,41.78,CAUTION,REST_RECOMMENDED
32.88,95.8,14.32,96.17,76.74,89.18,IMMEDIATE_REST,REST_BEFORE_NEXT_VISIT
20.52,42.85,35.76,68.8,1818.52,32.79,CAUTION,MOVABLE
31.65,8.73,15.62,113.42,653.14,66.96,REST_RECOMMENDED,REST_RECOMMENDED
34.23,66.45,25.14,153.79,2416.32,88.41,IMMEDIATE_REST,REST_BEFORE_NEXT_VISIT
25.6,91.82,22.65,81.92,1043.21,76.0,REST_REQUIRED,REST_BEFORE_NEXT_VISIT
19.34,75.44,16.41,112.56,656.95,35.19,CAUTION,MOVABLE
21.54,25.15,26.7,104.69,369.56,28.93,LOW,MOVABLE
24.77,30.08,23.15,144.9,1646.12,49.06,CAUTION,REST_RECOMMENDED
29.79,65.84,17.75,105.09,742.11,84.11,REST_REQUIRED,REST_BEFORE_NEXT_VISIT
27.88,85.41,37.97,40.5,437.36,65.6,REST_RECOMMENDED,REST_RECOMMENDED
16.64,27.4,12.2,44.16,362.62,11.31,LOW,MOVABLE
25.38,36.74,37.79,44.23,656.33,57.66,REST_RECOMMENDED,REST_RECOMMENDED
22.85,110.48,32.26,82.01,2310.97,54.4,REST_RECOMMENDED,REST_RECOMMENDED
21.72,69.3,37.12,113.88,547.08,50.68,REST_RECOMMENDED,REST_RECOMMENDED
32.05,57.29,25.92,10.74,2221.67,70.49,REST_REQUIRED,REST_BEFORE_NEXT_VISIT
28.65,51.96,32.39,95.11,276.85,76.51,REST_REQUIRED,REST_BEFORE_NEXT_VISIT
20.32,141.2,15.38,31.01,767.59,36.16,CAUTION,MOVABLE
28.61,140.21,28.46,134.67,794.79,98.9,IMMEDIATE_REST,REST_BEFORE_NEXT_VISIT
24.39,93.68,46.55,66.23,1517.2,69.52,REST_RECOMMENDED,REST_BEFORE_NEXT_VISIT
31.43,131.68,21.9,20.84,573.1,88.44,IMMEDIATE_REST,REST_BEFORE_NEXT_VISIT
25.87,71.31,24.45,51.34,1787.76,64.0,REST_RECOMMENDED,REST_RECOMMENDED
27.33,58.12,8.91,55.1,1258.96,48.0,CAUTION,REST_RECOMMENDED
20.28,93.69,47.32,138.34,1643.87,51.24,REST_RECOMMENDED,REST_RECOMMENDED
30.52,82.21,34.15,96.38,1577.26,90.49,IMMEDIATE_REST,REST_BEFORE_NEXT_VISIT
26.65,91.74,6.09,108.57,985.75,74.51,REST_REQUIRED,REST_BEFORE_NEXT_VISIT
22.52,144.41,8.0,36.88,1855.96,48.13,CAUTION,REST_RECOMMENDED
26.48,36.06,10.36,85.32,75.05,52.5,REST_RECOMMENDED,REST_RECOMMENDED
16.68,157.77,44.8,110.65,164.47,47.51,CAUTION,REST_RECOMMENDED
26.55,63.04,15.79,87.56,2098.56,64.0,REST_RECOMMENDED,REST_RECOMMENDED
30.07,24.03,8.81,106.64,1581.25,66.47,REST_RECOMMENDED,REST_RECOMMENDED
26.14,26.02,48.04,101.27,495.61,54.48,REST_RECOMMENDED,REST_RECOMMENDED
26.7,42.86,12.89,49.76,1553.54,56.74,REST_RECOMMENDED,REST_RECOMMENDED
26.71,46.16,43.37,82.49,870.42,66.39,REST_RECOMMENDED,REST_RECOMMENDED
29.89,45.7,7.93,160.48,1834.85,75.68,REST_REQUIRED,REST_BEFORE_NEXT_VISIT
28.58,84.1,31.38,67.51,1200.81,90.19,IMMEDIATE_REST,REST_BEFORE_NEXT_VISIT
27.95,68.74,36.69,127.62,1534.81,80.61,REST_REQUIRED,REST_BEFORE_NEXT_VISIT
25.44,84.86,50.21,39.76,2241.17,69.57,REST_RECOMMENDED,REST_BEFORE_NEXT_VISIT
22.3,96.13,14.09,98.76,2034.54,55.52,REST_RECOMMENDED,REST_RECOMMENDED
31.85,118.59,16.11,56.11,541.26,84.46,REST_REQUIRED,REST_BEFORE_NEXT_VISIT
24.23,68.83,36.83,116.88,1185.29,66.0,REST_RECOMMENDED,REST_RECOMMENDED
21.99,119.84,14.89,63.33,1094.39,47.0,CAUTION,REST_RECOMMENDED
23.28,56.86,33.47,133.77,500.66,51.88,REST_RECOMMENDED,REST_RECOMMENDED
22.41,82.46,26.92,148.28,1947.52,49.2,CAUTION,REST_RECOMMENDED
24.99,129.62,26.18,120.96,135.92,63.22,REST_RECOMMENDED,REST_RECOMMENDED
19.81,69.45,20.25,39.87,98.51,28.33,LOW,MOVABLE
24.06,61.25,28.06,144.52,931.33,54.45,REST_RECOMMENDED,REST_RECOMMENDED
31.37,107.21,20.47,69.68,721.0,89.98,IMMEDIATE_REST,REST_BEFORE_NEXT_VISIT
26.68,87.99,46.1,133.89,1286.43,79.9,REST_REQUIRED,REST_BEFORE_NEXT_VISIT
24.25,90.34,23.59,133.41,952.55,69.43,REST_RECOMMENDED,REST_BEFORE_NEXT_VISIT
17.8,98.26,17.89,66.07,697.06,35.41,CAUTION,MOVABLE
26.99,81.85,34.59,51.52,983.52,65.0,REST_RECOMMENDED,REST_RECOMMENDED
15.98,64.32,20.08,80.81,1131.43,43.67,CAUTION,REST_RECOMMENDED
29.06,15.42,20.11,57.74,1877.29,65.91,REST_RECOMMENDED,REST_RECOMMENDED
18.34,39.96,15.11,86.28,923.14,19.9,LOW,MOVABLE
17.76,53.15,18.26,15.63,670.85,12.0,LOW,MOVABLE
28.62,64.41,41.43,106.56,735.02,92.21,IMMEDIATE_REST,REST_BEFORE_NEXT_VISIT
25.0,106.3,14.71,71.08,451.35,70.66,REST_REQUIRED,REST_BEFORE_NEXT_VISIT
30.46,156.17,19.15,54.39,215.45,80.95,REST_REQUIRED,REST_BEFORE_NEXT_VISIT
29.25,108.1,2.12,71.46,716.34,93.7,IMMEDIATE_REST,REST_BEFORE_NEXT_VISIT
17.85,91.73,18.17,23.45,1517.29,34.04,CAUTION,MOVABLE
25.66,77.17,25.3,47.58,1936.51,64.0,REST_RECOMMENDED,REST_RECOMMENDED
21.27,88.44,26.96,103.49,369.47,46.19,CAUTION,REST_RECOMMENDED
25.13,21.86,21.72,56.21,1452.29,53.49,REST_RECOMMENDED,REST_RECOMMENDED
23.75,107.86,53.92,74.74,232.11,60.79,REST_RECOMMENDED,REST_RECOMMENDED
25.38,115.67,30.8,73.12,1732.82,86.64,IMMEDIATE_REST,REST_BEFORE_NEXT_VISIT
33.9,29.72,17.83,58.92,1809.48,58.0,REST_RECOMMENDED,REST_RECOMMENDED
25.95,97.68,28.82,52.54,2384.68,82.52,REST_REQUIRED,REST_BEFORE_NEXT_VISIT
17.16,33.55,12.75,55.88,473.79,18.41,LOW,MOVABLE
18.82,54.11,43.76,105.09,2344.29,38.38,CAUTION,MOVABLE
20.35,97.28,8.88,69.85,1046.88,37.77,CAUTION,MOVABLE
25.31,67.87,26.05,33.31,129.17,59.98,REST_RECOMMENDED,REST_RECOMMENDED
20.58,63.41,11.8,56.06,410.24,22.0,LOW,MOVABLE
24.1,78.24,9.51,96.61,512.8,47.01,CAUTION,REST_RECOMMENDED
29.57,122.62,18.67,127.71,508.99,88.0,IMMEDIATE_REST,REST_BEFORE_NEXT_VISIT
22.45,58.71,24.48,133.28,564.88,38.43,CAUTION,MOVABLE
26.12,67.35,10.59,89.16,103.88,62.16,REST_RECOMMENDED,REST_RECOMMENDED
19.68,149.21,32.26,95.8,1578.14,55.7,REST_RECOMMENDED,REST_RECOMMENDED
19.65,81.17,41.56,140.89,1518.52,42.89,CAUTION,REST_RECOMMENDED
18.97,60.96,39.59,96.73,787.92,42.42,CAUTION,REST_RECOMMENDED
30.7,14.68,14.39,76.13,1488.14,62.46,REST_RECOMMENDED,REST_RECOMMENDED
25.76,136.68,27.87,35.35,2612.71,79.07,REST_REQUIRED,REST_BEFORE_NEXT_VISIT
30.69,138.76,22.74,118.11,478.13,93.69,IMMEDIATE_REST,REST_BEFORE_NEXT_VISIT
30.59,74.73,57.63,173.2,889.46,88.69,IMMEDIATE_REST,REST_BEFORE_NEXT_VISIT
27.62,75.54,53.57,97.09,394.63,71.0,REST_REQUIRED,REST_BEFORE_NEXT_VISIT
32.11,135.16,25.81,128.73,2128.7,95.65,IMMEDIATE_REST,REST_BEFORE_NEXT_VISIT
23.85,33.32,22.67,19.55,348.47,34.0,CAUTION,MOVABLE
24.68,45.79,9.66,122.87,1288.05,40.0,CAUTION,REST_RECOMMENDED
23.26,79.32,40.03,82.16,975.2,58.71,REST_RECOMMENDED,REST_RECOMMENDED
25.09,98.1,19.51,66.46,1095.03,74.86,REST_REQUIRED,REST_BEFORE_NEXT_VISIT
21.37,177.2,36.64,84.1,345.77,54.65,REST_RECOMMENDED,REST_RECOMMENDED
24.08,17.58,19.3,87.28,1450.58,33.53,CAUTION,MOVABLE
30.78,43.03,31.83,60.02,935.67,80.66,REST_REQUIRED,REST_BEFORE_NEXT_VISIT
31.86,110.98,16.96,101.5,2044.72,90.39,IMMEDIATE_REST,REST_BEFORE_NEXT_VISIT
20.29,97.58,21.16,158.73,996.92,44.25,CAUTION,REST_RECOMMENDED
19.04,45.02,28.22,118.05,1851.98,28.0,LOW,MOVABLE
32.97,53.02,47.45,80.53,1232.54,78.3,REST_REQUIRED,REST_BEFORE_NEXT_VISIT
26.05,82.46,36.07,82.2,1502.75,72.91,REST_REQUIRED,REST_BEFORE_NEXT_VISIT
19.13,45.42,32.4,105.51,733.75,30.81,CAUTION,MOVABLE
26.92,90.2,40.9,103.21,1660.24,86.78,IMMEDIATE_REST,REST_BEFORE_NEXT_VISIT
23.16,85.02,10.89,59.34,217.35,41.07,CAUTION,REST_RECOMMENDED
20.18,109.7,12.01,100.7,1315.37,44.15,CAUTION,REST_RECOMMENDED
25.75,86.34,28.39,132.98,1864.15,74.33,REST_REQUIRED,REST_BEFORE_NEXT_VISIT
25.9,83.05,35.73,61.04,1747.95,71.0,REST_REQUIRED,REST_BEFORE_NEXT_VISIT
25.67,149.57,37.71,139.63,1064.64,87.21,IMMEDIATE_REST,REST_BEFORE_NEXT_VISIT
26.48,34.65,38.47,100.74,1362.06,69.39,REST_RECOMMENDED,REST_BEFORE_NEXT_VISIT
30.16,44.72,27.81,5.06,9.93,66.57,REST_RECOMMENDED,REST_RECOMMENDED
29.59,139.36,13.43,101.13,2178.08,92.23,IMMEDIATE_REST,REST_BEFORE_NEXT_VISIT
26.72,74.34,15.15,76.28,643.18,67.81,REST_RECOMMENDED,REST_RECOMMENDED
25.55,14.56,21.44,63.12,895.24,54.91,REST_RECOMMENDED,REST_RECOMMENDED
26.09,54.61,9.4,121.43,1116.56,55.0,REST_RECOMMENDED,REST_RECOMMENDED
26.72,95.62,5.27,70.12,903.6,73.28,REST_REQUIRED,REST_BEFORE_NEXT_VISIT
23.2,108.2,20.74,141.17,1900.87,65.35,REST_RECOMMENDED,REST_RECOMMENDED
28.74,87.36,11.62,55.47,2441.46,75.0,REST_REQUIRED,REST_BEFORE_NEXT_VISIT
28.24,108.98,29.62,134.43,1507.69,100.0,IMMEDIATE_REST,REST_BEFORE_NEXT_VISIT
23.78,19.92,11.8,140.48,530.28,33.0,CAUTION,MOVABLE
28.94,90.03,29.23,136.8,620.75,93.99,IMMEDIATE_REST,REST_BEFORE_NEXT_VISIT
23.36,42.35,35.04,70.75,531.0,48.15,CAUTION,REST_RECOMMENDED
19.98,78.82,35.62,56.29,1565.18,32.0,CAUTION,MOVABLE
31.89,14.75,23.98,21.7,1622.26,65.11,REST_RECOMMENDED,REST_RECOMMENDED
23.74,51.81,30.12,122.96,400.87,50.29,REST_RECOMMENDED,REST_RECOMMENDED
29.74,66.68,33.94,86.21,2017.09,92.56,IMMEDIATE_REST,REST_BEFORE_NEXT_VISIT
30.17,12.3,47.12,67.78,404.03,66.14,REST_RECOMMENDED,REST_RECOMMENDED
22.28,24.84,40.99,102.77,107.52,30.08,CAUTION,MOVABLE
24.07,91.5,23.01,45.8,1549.61,57.23,REST_RECOMMENDED,REST_RECOMMENDED
28.96,84.65,29.08,35.58,1159.73,79.66,REST_REQUIRED,REST_BEFORE_NEXT_VISIT
27.34,94.75,49.92,25.59,1759.42,72.0,REST_REQUIRED,REST_BEFORE_NEXT_VISIT
21.56,98.39,8.46,120.67,553.15,51.1,REST_RECOMMENDED,REST_RECOMMENDED
25.36,93.8,33.19,71.23,653.33,79.45,REST_REQUIRED,REST_BEFORE_NEXT_VISIT
30.49,64.17,42.55,47.16,1237.94,82.23,REST_REQUIRED,REST_BEFORE_NEXT_VISIT
27.45,111.61,46.85,78.24,656.71,79.53,REST_REQUIRED,REST_BEFORE_NEXT_VISIT
25.48,49.82,20.58,67.72,2360.61,66.3,REST_RECOMMENDED,REST_RECOMMENDED
20.57,33.61,44.85,69.66,583.88,27.68,LOW,MOVABLE
30.61,47.58,38.9,48.36,1952.31,79.08,REST_REQUIRED,REST_BEFORE_NEXT_VISIT
31.55,59.19,10.57,36.51,600.59,66.07,REST_RECOMMENDED,REST_RECOMMENDED
33.81,69.23,19.77,20.45,668.46,75.68,REST_REQUIRED,REST_BEFORE_NEXT_VISIT
29.05,84.22,16.77,91.29,156.38,79.0,REST_REQUIRED,REST_BEFORE_NEXT_VISIT
24.08,113.08,41.58,51.33,1265.0,61.46,REST_RECOMMENDED,REST_RECOMMENDED
22.63,64.28,22.76,65.74,1768.06,43.63,CAUTION,REST_RECOMMENDED
16.56,109.3,27.31,79.87,614.97,44.46,CAUTION,REST_RECOMMENDED
22.64,61.46,49.38,81.03,587.62,50.33,REST_RECOMMENDED,REST_RECOMMENDED
31.25,13.84,1.91,103.31,1611.87,62.05,REST_RECOMMENDED,REST_RECOMMENDED
23.1,76.13,33.24,52.08,861.61,55.29,REST_RECOMMENDED,REST_RECOMMENDED
28.29,67.64,7.07,48.9,301.07,69.0,REST_RECOMMENDED,REST_RECOMMENDED
24.15,98.99,25.89,90.78,1512.01,66.37,REST_RECOMMENDED,REST_RECOMMENDED
29.97,120.51,11.18,24.86,867.18,82.05,REST_REQUIRED,REST_BEFORE_NEXT_VISIT
21.55,102.83,45.65,123.58,1573.28,57.04,REST_RECOMMENDED,REST_RECOMMENDED
29.16,29.75,6.45,102.78,324.06,63.94,REST_RECOMMENDED,REST_RECOMMENDED
29.7,74.79,25.86,87.06,202.72,81.07,REST_REQUIRED,REST_BEFORE_NEXT_VISIT
22.09,115.62,25.08,165.64,2268.85,56.4,REST_RECOMMENDED,REST_RECOMMENDED
21.81,78.74,21.52,100.32,1041.35,46.0,CAUTION,REST_RECOMMENDED
28.46,88.4,20.95,76.6,1932.78,83.0,REST_REQUIRED,REST_BEFORE_NEXT_VISIT
31.8,129.69,17.99,55.09,336.29,84.21,REST_REQUIRED,REST_BEFORE_NEXT_VISIT
23.23,94.64,30.22,39.25,1209.56,62.25,REST_RECOMMENDED,REST_RECOMMENDED
29.61,91.19,21.4,129.63,421.68,91.0,IMMEDIATE_REST,REST_BEFORE_NEXT_VISIT
26.76,71.72,23.73,106.32,204.67,67.66,REST_RECOMMENDED,REST_RECOMMENDED
22.08,78.19,35.42,118.51,955.07,51.86,REST_RECOMMENDED,REST_RECOMMENDED
34.33,79.39,35.11,88.15,678.04,86.16,IMMEDIATE_REST,REST_BEFORE_NEXT_VISIT
25.64,88.58,28.8,171.77,534.91,71.92,REST_REQUIRED,REST_BEFORE_NEXT_VISIT
32.7,60.58,17.35,25.22,96.29,67.71,REST_RECOMMENDED,REST_RECOMMENDED
32.61,52.05,48.05,49.34,874.43,76.28,REST_REQUIRED,REST_BEFORE_NEXT_VISIT
30.94,36.73,40.06,156.84,353.4,77.0,REST_REQUIRED,REST_BEFORE_NEXT_VISIT
30.94,78.71,12.97,36.27,1214.07,78.28,REST_REQUIRED,REST_BEFORE_NEXT_VISIT
18.81,34.54,34.56,65.35,164.07,23.5,LOW,MOVABLE
22.62,42.21,29.1,46.32,417.3,31.06,CAUTION,MOVABLE
18.36,85.47,18.96,91.1,255.89,29.1,LOW,MOVABLE
24.06,115.89,30.93,46.37,123.8,57.73,REST_RECOMMENDED,REST_RECOMMENDED
24.71,26.8,31.26,141.58,1320.43,44.9,CAUTION,REST_RECOMMENDED
30.91,63.49,16.83,55.82,1112.28,75.0,REST_REQUIRED,REST_BEFORE_NEXT_VISIT
28.41,6.99,41.36,10.25,145.93,59.69,REST_RECOMMENDED,REST_RECOMMENDED
31.85,32.18,21.97,28.58,2080.82,69.83,REST_RECOMMENDED,REST_BEFORE_NEXT_VISIT
22.43,27.74,2.06,13.99,1813.1,17.07,LOW,MOVABLE
24.24,99.29,40.67,41.19,1681.33,60.0,REST_RECOMMENDED,REST_RECOMMENDED
20.34,32.9,45.33,71.31,275.92,24.41,LOW,MOVABLE
20.12,36.76,40.88,74.59,1496.71,27.66,LOW,MOVABLE
26.14,70.2,15.32,31.69,729.97,67.03,REST_RECOMMENDED,REST_RECOMMENDED
30.06,15.59,22.56,83.95,306.23,63.87,REST_RECOMMENDED,REST_RECOMMENDED
26.6,103.79,13.77,108.95,545.98,73.0,REST_REQUIRED,REST_BEFORE_NEXT_VISIT
23.66,110.04,43.36,74.4,496.95,64.97,REST_RECOMMENDED,REST_RECOMMENDED
25.86,73.4,26.64,115.36,1209.48,72.89,REST_REQUIRED,REST_BEFORE_NEXT_VISIT
26.51,134.6,23.31,57.69,706.71,70.0,REST_REQUIRED,REST_BEFORE_NEXT_VISIT
23.1,4.17,14.72,125.78,1323.27,36.14,CAUTION,MOVABLE
21.19,101.29,36.37,59.53,621.26,52.2,REST_RECOMMENDED,REST_RECOMMENDED
16.89,60.09,42.18,80.94,228.25,33.74,CAUTION,MOVABLE
21.19,87.18,46.72,44.04,884.82,43.92,CAUTION,REST_RECOMMENDED
30.33,36.26,23.05,88.69,36.8,72.67,REST_REQUIRED,REST_BEFORE_NEXT_VISIT
21.48,23.83,22.67,41.66,1322.89,25.7,LOW,MOVABLE
24.57,121.4,6.94,69.01,1982.24,55.97,REST_RECOMMENDED,REST_RECOMMENDED
21.05,112.2,11.15,138.0,911.46,54.41,REST_RECOMMENDED,REST_RECOMMENDED
21.71,90.39,12.83,103.43,643.95,48.42,CAUTION,REST_RECOMMENDED
28.04,72.38,4.19,102.96,559.34,80.07,REST_REQUIRED,REST_BEFORE_NEXT_VISIT
19.34,143.03,30.06,36.46,557.6,41.62,CAUTION,REST_RECOMMENDED
23.03,129.11,14.58,42.65,1641.9,59.78,REST_RECOMMENDED,REST_RECOMMENDED
20.44,43.9,22.52,34.87,2053.39,20.0,LOW,MOVABLE
25.7,88.15,12.84,125.4,1393.1,73.02,REST_REQUIRED,REST_BEFORE_NEXT_VISIT
24.51,110.29,37.19,29.91,2143.11,57.0,REST_RECOMMENDED,REST_RECOMMENDED
28.63,48.87,28.66,82.51,613.68,73.57,REST_REQUIRED,REST_BEFORE_NEXT_VISIT
29.1,107.28,26.91,24.76,1059.59,85.54,IMMEDIATE_REST,REST_BEFORE_NEXT_VISIT
32.84,77.3,25.8,55.27,1545.36,88.75,IMMEDIATE_REST,REST_BEFORE_NEXT_VISIT
23.4,106.88,18.8,110.39,2088.04,67.14,REST_RECOMMENDED,REST_RECOMMENDED
27.51,80.6,23.14,69.41,623.71,68.88,REST_RECOMMENDED,REST_RECOMMENDED
21.26,40.97,18.88,71.98,1650.25,35.28,CAUTION,MOVABLE
23.94,63.5,21.97,34.52,1379.23,49.0,CAUTION,REST_RECOMMENDED
21.0,57.4,29.01,135.67,558.02,37.41,CAUTION,MOVABLE
27.76,136.65,26.78,50.1,406.84,69.93,REST_RECOMMENDED,REST_BEFORE_NEXT_VISIT
32.32,21.54,23.45,108.18,1562.99,69.46,REST_RECOMMENDED,REST_BEFORE_NEXT_VISIT
27.18,28.98,21.44,165.42,2651.05,59.28,REST_RECOMMENDED,REST_RECOMMENDED
27.37,67.84,12.67,30.5,992.17,58.0,REST_RECOMMENDED,REST_RECOMMENDED
17.01,22.4,40.95,58.76,1288.82,19.81,LOW,MOVABLE
29.94,113.91,15.73,87.47,809.21,89.59,IMMEDIATE_REST,REST_BEFORE_NEXT_VISIT
20.41,57.05,38.47,101.56,1065.08,37.44,CAUTION,MOVABLE
32.85,72.84,24.52,150.82,994.99,88.78,IMMEDIATE_REST,REST_BEFORE_NEXT_VISIT
23.02,32.81,36.05,81.32,2461.14,47.0,CAUTION,REST_RECOMMENDED
26.18,80.72,11.8,71.17,598.58,66.54,REST_RECOMMENDED,REST_RECOMMENDED
28.14,98.9,28.41,128.14,709.5,93.4,IMMEDIATE_REST,REST_BEFORE_NEXT_VISIT
30.03,79.74,2.92,139.43,882.34,79.35,REST_REQUIRED,REST_BEFORE_NEXT_VISIT
31.27,46.69,28.77,148.08,1520.35,80.39,REST_REQUIRED,REST_BEFORE_NEXT_VISIT
23.38,9.34,27.82,33.8,1303.18,37.86,CAUTION,MOVABLE
25.55,77.58,39.07,61.2,648.46,76.5,REST_REQUIRED,REST_BEFORE_NEXT_VISIT
23.88,86.58,27.96,68.09,275.36,55.77,REST_RECOMMENDED,REST_RECOMMENDED
20.17,37.99,16.32,65.62,1913.19,24.96,LOW,MOVABLE
30.98,19.84,14.76,53.01,1026.97,61.36,REST_RECOMMENDED,REST_RECOMMENDED
33.65,31.74,20.72,27.67,770.47,66.71,REST_RECOMMENDED,REST_RECOMMENDED
30.86,70.06,33.99,84.7,684.66,92.71,IMMEDIATE_REST,REST_BEFORE_NEXT_VISIT
28.81,83.93,11.54,75.43,1381.01,83.0,REST_REQUIRED,REST_BEFORE_NEXT_VISIT
18.85,113.8,44.35,118.88,336.02,46.15,CAUTION,REST_RECOMMENDED
19.46,102.17,45.73,125.82,572.78,52.84,REST_RECOMMENDED,REST_RECOMMENDED
27.19,137.54,24.02,85.68,755.49,83.67,REST_REQUIRED,REST_BEFORE_NEXT_VISIT
31.35,86.2,17.58,133.48,264.28,77.0,REST_REQUIRED,REST_BEFORE_NEXT_VISIT
22.94,75.73,18.39,105.85,438.09,48.99,CAUTION,REST_RECOMMENDED
32.58,27.44,19.41,80.68,149.96,63.51,REST_RECOMMENDED,REST_RECOMMENDED
19.65,32.85,19.63,98.66,1475.17,23.0,LOW,MOVABLE
21.92,126.38,43.96,92.11,664.6,60.76,REST_RECOMMENDED,REST_RECOMMENDED
28.86,114.01,26.05,27.54,1458.48,85.2,IMMEDIATE_REST,REST_BEFORE_NEXT_VISIT
22.64,70.55,12.2,116.13,368.51,41.96,CAUTION,REST_RECOMMENDED
18.32,72.83,10.86,131.55,1636.69,32.0,CAUTION,MOVABLE
31.61,67.26,7.59,106.48,1049.36,87.97,IMMEDIATE_REST,REST_BEFORE_NEXT_VISIT
16.27,97.99,18.03,50.46,1746.02,33.0,CAUTION,MOVABLE
28.72,88.9,21.45,33.04,801.8,77.0,REST_REQUIRED,REST_BEFORE_NEXT_VISIT
26.75,57.9,48.76,94.07,801.71,66.16,REST_RECOMMENDED,REST_RECOMMENDED
30.17,80.93,31.51,72.95,285.27,84.88,REST_REQUIRED,REST_BEFORE_NEXT_VISIT
33.16,88.28,10.16,97.34,431.27,84.67,REST_REQUIRED,REST_BEFORE_NEXT_VISIT
27.4,59.56,23.62,18.72,405.81,49.0,CAUTION,REST_RECOMMENDED
32.79,77.41,36.91,60.93,1590.9,86.0,IMMEDIATE_REST,REST_BEFORE_NEXT_VISIT
23.01,60.47,8.09,116.25,1112.5,54.32,REST_RECOMMENDED,REST_RECOMMENDED
25.06,41.94,23.53,38.79,1851.33,55.0,REST_RECOMMENDED,REST_RECOMMENDED
29.43,96.95,24.13,39.77,189.48,82.38,REST_REQUIRED,REST_BEFORE_NEXT_VISIT
23.3,91.36,25.72,99.57,558.59,65.69,REST_RECOMMENDED,REST_RECOMMENDED
27.82,49.66,7.46,59.25,860.29,48.74,CAUTION,REST_RECOMMENDED
25.27,70.58,27.17,91.88,964.87,76.94,REST_REQUIRED,REST_BEFORE_NEXT_VISIT
24.93,37.84,21.59,145.73,1310.33,47.0,CAUTION,REST_RECOMMENDED
27.63,63.72,43.1,120.31,1057.54,81.69,REST_REQUIRED,REST_BEFORE_NEXT_VISIT
32.64,165.28,13.18,93.98,1435.82,95.33,IMMEDIATE_REST,REST_BEFORE_NEXT_VISIT
21.31,102.13,33.16,127.78,204.0,57.12,REST_RECOMMENDED,REST_RECOMMENDED
28.64,94.15,43.59,79.51,104.04,90.78,IMMEDIATE_REST,REST_BEFORE_NEXT_VISIT
22.87,139.06,8.14,36.41,1222.0,46.25,CAUTION,REST_RECOMMENDED
21.69,46.56,11.13,13.13,888.19,26.59,LOW,MOVABLE
21.5,64.78,39.73,95.38,2624.52,54.49,REST_RECOMMENDED,REST_RECOMMENDED
24.25,95.0,7.56,15.67,2233.6,51.32,REST_RECOMMENDED,REST_RECOMMENDED
28.01,52.57,8.97,67.36,870.99,70.44,REST_REQUIRED,REST_BEFORE_NEXT_VISIT
32.94,13.57,17.54,91.02,1134.62,65.28,REST_RECOMMENDED,REST_RECOMMENDED
18.75,28.94,17.79,24.91,1820.57,8.16,LOW,MOVABLE
19.74,94.15,22.6,48.32,1180.53,37.0,CAUTION,MOVABLE
22.89,65.14,16.42,109.87,948.03,42.73,CAUTION,REST_RECOMMENDED
25.76,40.26,17.17,73.02,558.04,55.65,REST_RECOMMENDED,REST_RECOMMENDED
25.51,99.33,23.39,76.12,1362.33,76.68,REST_REQUIRED,REST_BEFORE_NEXT_VISIT
25.9,110.8,18.35,38.74,1874.24,74.38,REST_REQUIRED,REST_BEFORE_NEXT_VISIT
27.12,75.7,44.59,139.88,1007.82,77.68,REST_REQUIRED,REST_BEFORE_NEXT_VISIT
26.66,78.36,17.84,74.77,787.87,65.2,REST_RECOMMENDED,REST_RECOMMENDED
21.75,65.02,41.4,29.16,148.2,40.79,CAUTION,REST_RECOMMENDED
17.84,113.53,15.95,87.52,419.16,42.86,CAUTION,REST_RECOMMENDED
24.26,43.11,14.6,128.52,31.59,38.0,CAUTION,MOVABLE
27.77,102.48,31.02,125.93,847.19,80.0,REST_REQUIRED,REST_BEFORE_NEXT_VISIT
29.55,129.94,34.77,94.91,1943.99,100.0,IMMEDIATE_REST,REST_BEFORE_NEXT_VISIT
25.46,96.42,7.61,110.18,2056.93,72.0,REST_REQUIRED,REST_BEFORE_NEXT_VISIT
20.79,116.14,38.98,97.44,1351.97,47.0,CAUTION,REST_RECOMMENDED
28.39,31.49,10.77,96.7,578.09,78.82,REST_REQUIRED,REST_BEFORE_NEXT_VISIT
17.32,119.76,10.3,134.6,177.54,42.23,CAUTION,REST_RECOMMENDED
30.5,55.52,34.56,124.42,349.24,80.17,REST_REQUIRED,REST_BEFORE_NEXT_VISIT
30.96,62.51,33.72,23.35,1117.47,79.3,REST_REQUIRED,REST_BEFORE_NEXT_VISIT
27.87,20.48,42.91,39.77,985.16,49.66,CAUTION,REST_RECOMMENDED
17.59,26.38,46.07,79.42,712.58,19.83,LOW,MOVABLE
29.61,63.47,42.62,21.96,873.08,80.42,REST_REQUIRED,REST_BEFORE_NEXT_VISIT
30.42,108.06,34.84,127.99,516.81,100.0,IMMEDIATE_REST,REST_BEFORE_NEXT_VISIT
26.72,27.9,40.05,69.8,1624.52,55.87,REST_RECOMMENDED,REST_RECOMMENDED
27.05,32.44,12.9,43.06,123.81,52.83,REST_RECOMMENDED,REST_RECOMMENDED
18.0,43.98,19.61,27.78,114.16,11.43,LOW,MOVABLE
32.9,11.87,16.67,19.01,1269.6,55.0,REST_RECOMMENDED,REST_RECOMMENDED
26.19,46.69,10.55,78.57,11.37,56.37,REST_RECOMMENDED,REST_RECOMMENDED
22.59,45.42,30.93,112.95,1707.48,40.5,CAUTION,REST_RECOMMENDED
22.58,40.18,17.1,53.2,1945.35,27.28,LOW,MOVABLE
22.36,46.85,12.91,62.01,1478.79,31.62,CAUTION,MOVABLE
27.52,22.61,13.58,132.19,1083.31,55.86,REST_RECOMMENDED,REST_RECOMMENDED
21.91,99.37,9.51,79.91,277.49,39.0,CAUTION,MOVABLE
24.68,14.58,22.43,139.2,2172.2,43.72,CAUTION,REST_RECOMMENDED
26.14,116.84,18.81,16.83,2002.64,65.0,REST_RECOMMENDED,REST_RECOMMENDED
24.82,22.48,8.78,139.43,178.63,35.42,CAUTION,MOVABLE
26.31,101.88,14.43,101.57,438.73,79.72,REST_REQUIRED,REST_BEFORE_NEXT_VISIT
32.51,82.25,29.13,35.18,2151.82,79.0,REST_REQUIRED,REST_BEFORE_NEXT_VISIT
29.52,71.82,34.33,99.63,150.74,87.75,IMMEDIATE_REST,REST_BEFORE_NEXT_VISIT
33.71,110.17,23.6,24.31,882.21,88.12,IMMEDIATE_REST,REST_BEFORE_NEXT_VISIT
18.03,69.33,30.59,58.14,1540.82,32.64,CAUTION,MOVABLE
20.8,73.0,11.46,78.4,2276.97,29.0,LOW,MOVABLE
27.07,78.58,18.03,58.22,890.73,64.57,REST_RECOMMENDED,REST_RECOMMENDED
27.44,51.64,16.83,31.89,690.28,53.05,REST_RECOMMENDED,REST_RECOMMENDED
31.91,127.11,19.81,59.54,375.68,82.56,REST_REQUIRED,REST_BEFORE_NEXT_VISIT
22.23,66.57,13.47,25.85,929.22,34.99,CAUTION,MOVABLE
22.76,101.81,26.18,91.1,1434.96,60.6,REST_RECOMMENDED,REST_RECOMMENDED
28.57,87.22,43.7,101.62,1286.71,91.75,IMMEDIATE_REST,REST_BEFORE_NEXT_VISIT
23.82,46.79,5.11,134.92,1896.22,43.94,CAUTION,REST_RECOMMENDED
30.61,59.37,18.7,89.95,463.81,67.07,REST_RECOMMENDED,REST_RECOMMENDED
33.74,85.15,17.52,20.43,509.16,71.67,REST_REQUIRED,REST_BEFORE_NEXT_VISIT
21.9,77.86,16.74,35.46,1105.6,41.36,CAUTION,REST_RECOMMENDED
23.4,107.23,7.3,119.9,494.55,61.25,REST_RECOMMENDED,REST_RECOMMENDED
17.54,44.09,18.32,144.34,2414.89,23.0,LOW,MOVABLE
21.1,44.2,4.96,33.75,1218.36,34.0,CAUTION,MOVABLE
18.54,49.31,35.69,150.36,932.18,30.11,CAUTION,MOVABLE
26.62,56.1,26.4,117.88,1356.71,63.7,REST_RECOMMENDED,REST_RECOMMENDED
26.66,43.79,21.5,74.72,450.91,63.32,REST_RECOMMENDED,REST_RECOMMENDED
18.06,33.1,12.77,115.79,535.7,25.01,LOW,MOVABLE
30.41,137.58,2.76,70.01,664.46,82.24,REST_REQUIRED,REST_BEFORE_NEXT_VISIT
27.47,61.87,19.37,50.23,1231.07,60.48,REST_RECOMMENDED,REST_RECOMMENDED
33.22,84.62,40.57,81.81,717.73,89.49,IMMEDIATE_REST,REST_BEFORE_NEXT_VISIT
24.19,47.58,41.98,23.02,1631.28,40.99,CAUTION,REST_RECOMMENDED
27.54,66.6,26.37,104.52,741.81,69.03,REST_RECOMMENDED,REST_BEFORE_NEXT_VISIT
24.09,110.61,49.0,78.64,710.16,65.68,REST_RECOMMENDED,REST_RECOMMENDED
24.33,85.06,47.07,70.59,951.47,54.39,REST_RECOMMENDED,REST_RECOMMENDED
27.56,32.65,8.49,32.33,713.18,46.0,CAUTION,REST_RECOMMENDED
32.69,51.51,20.99,54.5,1919.39,70.0,REST_REQUIRED,REST_BEFORE_NEXT_VISIT
30.96,93.88,19.88,64.31,615.93,90.25,IMMEDIATE_REST,REST_BEFORE_NEXT_VISIT
28.25,100.43,25.15,64.79,1384.33,94.78,IMMEDIATE_REST,REST_BEFORE_NEXT_VISIT
19.52,114.99,12.47,134.72,394.49,38.47,CAUTION,MOVABLE
25.3,80.4,31.54,131.83,1642.18,74.0,REST_REQUIRED,REST_BEFORE_NEXT_VISIT
30.67,19.4,19.77,38.92,1912.19,58.0,REST_RECOMMENDED,REST_RECOMMENDED
31.14,75.1,36.68,91.47,959.38,88.13,IMMEDIATE_REST,REST_BEFORE_NEXT_VISIT
24.14,94.88,24.0,51.41,1551.82,61.44,REST_RECOMMENDED,REST_RECOMMENDED
25.91,73.0,19.42,117.52,410.71,64.28,REST_RECOMMENDED,REST_RECOMMENDED
23.85,77.3,36.53,92.2,508.54,59.32,REST_RECOMMENDED,REST_RECOMMENDED
19.86,48.62,20.52,138.15,969.49,31.19,CAUTION,MOVABLE
30.18,53.93,31.19,34.62,679.61,74.27,REST_REQUIRED,REST_BEFORE_NEXT_VISIT
25.43,50.61,20.13,139.74,237.49,59.81,REST_RECOMMENDED,REST_RECOMMENDED
27.5,18.11,46.81,90.96,1506.32,62.79,REST_RECOMMENDED,REST_RECOMMENDED
28.94,14.19,14.16,112.79,598.75,71.1,REST_REQUIRED,REST_BEFORE_NEXT_VISIT
21.36,26.68,4.06,9.95,621.14,10.94,LOW,MOVABLE
26.83,59.86,29.32,71.58,1792.45,62.69,REST_RECOMMENDED,REST_RECOMMENDED
33.48,74.92,23.15,85.97,2154.13,87.88,IMMEDIATE_REST,REST_BEFORE_NEXT_VISIT
19.46,62.79,14.4,129.01,1430.78,32.16,CAUTION,MOVABLE
26.78,49.91,36.53,96.0,1378.83,70.51,REST_REQUIRED,REST_BEFORE_NEXT_VISIT
29.22,68.35,21.95,105.27,1133.71,89.1,IMMEDIATE_REST,REST_BEFORE_NEXT_VISIT
21.12,76.05,23.4,64.95,1042.59,43.66,CAUTION,REST_RECOMMENDED
16.92,49.74,23.98,76.08,816.14,24.34,LOW,MOVABLE
25.17,65.91,17.03,23.87,703.52,55.0,REST_RECOMMENDED,REST_RECOMMENDED
32.8,14.01,4.08,108.4,1024.68,71.08,REST_REQUIRED,REST_BEFORE_NEXT_VISIT
24.68,50.43,12.93,54.49,756.66,41.24,CAUTION,REST_RECOMMENDED
23.77,37.64,33.52,72.23,1090.43,50.77,REST_RECOMMENDED,REST_RECOMMENDED
20.19,113.8,19.0,53.48,1538.62,34.79,CAUTION,MOVABLE
28.28,116.19,13.83,71.9,793.81,85.15,IMMEDIATE_REST,REST_BEFORE_NEXT_VISIT
21.27,10.84,26.62,95.44,1458.33,33.96,CAUTION,MOVABLE
21.74,123.12,20.85,88.28,400.06,54.1,REST_RECOMMENDED,REST_RECOMMENDED
18.85,29.14,26.08,148.2,1484.96,23.35,LOW,MOVABLE
30.21,109.55,45.62,107.7,1313.89,97.0,IMMEDIATE_REST,REST_BEFORE_NEXT_VISIT
19.8,55.84,17.79,46.73,2072.62,16.0,LOW,MOVABLE
16.71,51.28,15.93,60.55,1307.13,20.0,LOW,MOVABLE
24.18,29.76,24.26,53.46,1478.69,33.58,CAUTION,MOVABLE
27.9,51.01,18.03,83.9,1963.31,55.0,REST_RECOMMENDED,REST_RECOMMENDED
29.94,123.34,21.7,13.69,297.07,84.71,REST_REQUIRED,REST_BEFORE_NEXT_VISIT
19.63,27.18,9.4,50.18,891.28,7.0,LOW,MOVABLE
28.29,138.22,18.27,125.88,1343.16,90.0,IMMEDIATE_REST,REST_BEFORE_NEXT_VISIT
25.09,103.41,15.11,148.45,1265.98,80.02,REST_REQUIRED,REST_BEFORE_NEXT_VISIT
30.71,66.25,10.09,35.38,847.65,76.03,REST_REQUIRED,REST_BEFORE_NEXT_VISIT
28.28,53.52,20.06,103.38,1202.52,86.86,IMMEDIATE_REST,REST_BEFORE_NEXT_VISIT
18.17,41.26,10.94,147.15,268.57,19.15,LOW,MOVABLE
33.3,171.38,4.12,84.92,750.5,83.87,REST_REQUIRED,REST_BEFORE_NEXT_VISIT
21.79,24.79,13.52,30.87,365.15,17.74,LOW,MOVABLE
31.11,57.58,17.09,119.42,666.13,74.7,REST_REQUIRED,REST_BEFORE_NEXT_VISIT
25.71,96.36,23.21,33.57,831.04,75.36,REST_REQUIRED,REST_BEFORE_NEXT_VISIT
27.68,91.34,33.55,47.95,1861.84,76.7,REST_REQUIRED,REST_BEFORE_NEXT_VISIT
21.93,112.18,8.85,73.27,729.21,47.42,CAUTION,REST_RECOMMENDED
32.19,84.89,25.71,76.9,2151.28,84.96,REST_REQUIRED,REST_BEFORE_NEXT_VISIT
27.84,51.35,19.4,131.01,859.42,60.26,REST_RECOMMENDED,REST_RECOMMENDED
21.57,69.91,15.87,126.0,1129.15,52.19,REST_RECOMMENDED,REST_RECOMMENDED
26.18,54.08,23.3,101.48,632.09,60.82,REST_RECOMMENDED,REST_RECOMMENDED
28.52,89.95,22.0,10.37,1730.76,76.04,REST_REQUIRED,REST_BEFORE_NEXT_VISIT
27.83,43.7,23.15,160.98,624.61,60.0,REST_RECOMMENDED,REST_RECOMMENDED
19.75,123.34,32.05,89.98,1400.96,44.0,CAUTION,REST_RECOMMENDED
18.52,54.56,11.5,75.21,360.01,17.0,LOW,MOVABLE
23.05,87.59,28.21,116.38,849.0,58.94,REST_RECOMMENDED,REST_RECOMMENDED
23.81,28.58,29.33,103.95,1924.26,41.79,CAUTION,REST_RECOMMENDED
17.43,157.43,28.73,21.49,1667.41,35.08,CAUTION,MOVABLE
30.18,14.8,39.39,40.64,430.82,67.24,REST_RECOMMENDED,REST_RECOMMENDED
24.98,73.66,33.21,112.65,794.57,57.0,REST_RECOMMENDED,REST_RECOMMENDED
21.67,65.6,17.54,32.1,488.04,38.88,CAUTION,MOVABLE
25.74,142.58,35.51,67.81,875.38,79.65,REST_REQUIRED,REST_BEFORE_NEXT_VISIT
26.81,79.64,19.78,154.32,550.39,67.23,REST_RECOMMENDED,REST_RECOMMENDED
17.36,42.24,16.56,24.62,95.78,13.62,LOW,MOVABLE
23.31,69.81,7.01,129.44,1037.32,50.13,REST_RECOMMENDED,REST_RECOMMENDED
26.73,63.83,17.14,54.81,1393.04,62.98,REST_RECOMMENDED,REST_RECOMMENDED
26.01,110.86,6.61,66.99,1721.32,72.12,REST_REQUIRED,REST_BEFORE_NEXT_VISIT
22.06,56.15,36.03,83.7,270.49,37.03,CAUTION,MOVABLE
26.59,70.27,29.32,155.92,431.5,80.02,REST_REQUIRED,REST_BEFORE_NEXT_VISIT
21.97,14.71,38.83,83.7,1843.7,32.18,CAUTION,MOVABLE
24.57,111.74,33.8,83.73,1448.1,73.06,REST_REQUIRED,REST_BEFORE_NEXT_VISIT
28.25,12.38,11.06,87.32,262.47,58.71,REST_RECOMMENDED,REST_RECOMMENDED
24.07,15.44,14.54,49.41,1169.3,28.33,LOW,MOVABLE
28.44,33.67,26.91,113.89,1889.39,86.9,IMMEDIATE_REST,REST_BEFORE_NEXT_VISIT
17.7,18.38,15.82,101.42,538.61,15.18,LOW,MOVABLE
27.08,76.8,16.02,129.56,1282.61,71.43,REST_REQUIRED,REST_BEFORE_NEXT_VISIT
25.46,57.05,40.99,161.33,808.91,66.01,REST_RECOMMENDED,REST_RECOMMENDED
27.1,40.07,39.46,47.5,1614.49,60.44,REST_RECOMMENDED,REST_RECOMMENDED
29.36,74.17,18.52,58.92,298.3,71.86,REST_REQUIRED,REST_BEFORE_NEXT_VISIT
17.41,87.52,13.67,119.71,1446.45,32.0,CAUTION,MOVABLE
27.85,60.9,31.07,59.4,1381.6,68.19,REST_RECOMMENDED,REST_RECOMMENDED
30.82,65.26,45.52,170.92,1058.96,94.99,IMMEDIATE_REST,REST_BEFORE_NEXT_VISIT
24.8,79.74,28.5,73.34,902.67,53.28,REST_RECOMMENDED,REST_RECOMMENDED
29.5,47.58,13.51,12.58,2160.64,64.95,REST_RECOMMENDED,REST_RECOMMENDED
24.33,12.83,29.79,77.89,921.75,41.59,CAUTION,REST_RECOMMENDED
19.8,50.78,6.36,109.4,1692.76,21.98,LOW,MOVABLE
30.42,66.87,29.66,152.43,849.68,90.81,IMMEDIATE_REST,REST_BEFORE_NEXT_VISIT
23.03,44.5,29.63,158.04,310.35,45.47,CAUTION,REST_RECOMMENDED
28.16,66.47,20.6,78.67,1890.87,84.29,REST_REQUIRED,REST_BEFORE_NEXT_VISIT
31.74,31.15,35.26,34.46,480.68,73.64,REST_REQUIRED,REST_BEFORE_NEXT_VISIT
28.9,43.43,45.29,108.17,202.77,79.59,REST_REQUIRED,REST_BEFORE_NEXT_VISIT
28.47,63.56,14.26,56.25,1609.03,76.47,REST_REQUIRED,REST_BEFORE_NEXT_VISIT
26.85,138.09,39.14,89.28,202.59,81.22,REST_REQUIRED,REST_BEFORE_NEXT_VISIT
23.97,10.35,4.57,43.61,1587.61,26.01,LOW,MOVABLE
28.61,53.28,22.91,84.03,1106.52,77.56,REST_REQUIRED,REST_BEFORE_NEXT_VISIT
18.89,47.42,14.67,93.79,1413.83,27.74,LOW,MOVABLE
21.15,69.51,29.32,50.34,447.49,40.95,CAUTION,REST_RECOMMENDED
25.37,48.41,11.84,71.27,966.55,54.91,REST_RECOMMENDED,REST_RECOMMENDED
25.92,121.26,7.23,123.87,725.09,70.31,REST_REQUIRED,REST_BEFORE_NEXT_VISIT
29.64,117.0,25.13,79.28,530.82,94.64,IMMEDIATE_REST,REST_BEFORE_NEXT_VISIT
23.78,142.18,9.09,35.41,1101.01,51.04,REST_RECOMMENDED,REST_RECOMMENDED
27.75,84.58,47.27,58.43,238.89,67.25,REST_RECOMMENDED,REST_RECOMMENDED
27.04,46.5,20.4,21.63,316.75,49.0,CAUTION,REST_RECOMMENDED
26.95,61.51,11.6,23.66,132.43,53.68,REST_RECOMMENDED,REST_RECOMMENDED
32.33,78.46,16.28,21.65,542.97,70.11,REST_REQUIRED,REST_BEFORE_NEXT_VISIT
33.3,123.25,21.27,124.43,882.79,92.79,IMMEDIATE_REST,REST_BEFORE_NEXT_VISIT
25.43,75.82,43.62,93.48,1172.7,74.0,REST_REQUIRED,REST_BEFORE_NEXT_VISIT
25.57,33.99,51.75,39.46,42.5,57.5,REST_RECOMMENDED,REST_RECOMMENDED
31.1,30.57,26.71,34.81,815.25,68.0,REST_RECOMMENDED,REST_RECOMMENDED
30.83,74.46,7.86,112.93,1552.97,83.92,REST_REQUIRED,REST_BEFORE_NEXT_VISIT
26.09,51.49,9.32,68.54,875.29,52.06,REST_RECOMMENDED,REST_RECOMMENDED
24.4,46.16,16.45,63.89,702.41,40.37,CAUTION,REST_RECOMMENDED
31.86,100.28,17.78,80.86,1281.78,90.88,IMMEDIATE_REST,REST_BEFORE_NEXT_VISIT
19.79,25.59,16.44,87.64,1060.33,16.56,LOW,MOVABLE
29.13,94.79,38.38,161.17,585.67,100.0,IMMEDIATE_REST,REST_BEFORE_NEXT_VISIT
28.8,59.35,26.17,91.76,1294.07,83.08,REST_REQUIRED,REST_BEFORE_NEXT_VISIT
22.48,81.12,25.54,102.75,1798.02,46.0,CAUTION,REST_RECOMMENDED
21.99,120.0,42.94,147.36,348.51,58.09,REST_RECOMMENDED,REST_RECOMMENDED
19.03,39.57,6.77,56.15,850.89,11.0,LOW,MOVABLE
22.37,95.63,51.75,118.72,717.02,55.13,REST_RECOMMENDED,REST_RECOMMENDED
21.08,70.48,18.32,120.09,935.19,45.84,CAUTION,REST_RECOMMENDED
18.92,65.37,16.0,95.99,2247.04,32.55,CAUTION,MOVABLE
26.41,32.3,48.52,106.78,199.04,62.54,REST_RECOMMENDED,REST_RECOMMENDED
24.96,91.44,17.61,119.97,1125.76,64.79,REST_RECOMMENDED,REST_RECOMMENDED
31.0,99.57,26.56,37.66,268.27,82.33,REST_REQUIRED,REST_BEFORE_NEXT_VISIT
24.37,38.82,11.25,40.52,4.8,31.0,CAUTION,MOVABLE
30.6,94.58,12.78,117.41,1081.77,93.85,IMMEDIATE_REST,REST_BEFORE_NEXT_VISIT
25.44,81.22,21.34,55.61,640.43,62.55,REST_RECOMMENDED,REST_RECOMMENDED
29.44,50.73,30.56,22.67,725.04,68.0,REST_RECOMMENDED,REST_RECOMMENDED
28.24,104.71,9.98,163.08,1550.3,91.43,IMMEDIATE_REST,REST_BEFORE_NEXT_VISIT
22.86,49.26,48.07,106.6,1375.18,48.28,CAUTION,REST_RECOMMENDED
26.16,104.82,40.02,31.37,169.6,70.0,REST_REQUIRED,REST_BEFORE_NEXT_VISIT
22.02,21.81,22.96,75.01,1104.08,27.98,LOW,MOVABLE
16.75,62.45,29.39,127.2,2107.31,36.0,CAUTION,MOVABLE
21.35,48.78,4.85,116.34,635.99,31.32,CAUTION,MOVABLE
25.37,47.17,27.2,125.37,185.41,57.0,REST_RECOMMENDED,REST_RECOMMENDED
31.2,43.01,40.97,21.26,35.54,65.0,REST_RECOMMENDED,REST_RECOMMENDED
24.32,18.4,26.85,123.62,307.37,36.8,CAUTION,MOVABLE
29.84,31.36,17.81,70.56,542.8,68.04,REST_RECOMMENDED,REST_RECOMMENDED
26.03,32.09,21.09,28.8,347.19,50.36,REST_RECOMMENDED,REST_RECOMMENDED
25.42,66.5,45.69,75.79,744.8,72.27,REST_REQUIRED,REST_BEFORE_NEXT_VISIT
24.49,12.79,22.93,46.69,856.95,30.73,CAUTION,MOVABLE
29.57,156.36,22.77,116.32,642.48,95.14,IMMEDIATE_REST,REST_BEFORE_NEXT_VISIT
25.62,30.72,43.1,109.57,1756.59,70.48,REST_REQUIRED,REST_BEFORE_NEXT_VISIT
20.4,102.02,12.8,135.03,1147.49,41.88,CAUTION,REST_RECOMMENDED
32.97,7.25,12.86,64.59,1420.23,62.0,REST_RECOMMENDED,REST_RECOMMENDED
19.83,27.02,23.02,126.88,916.21,23.1,LOW,MOVABLE
21.19,80.21,24.07,48.45,345.84,40.56,CAUTION,REST_RECOMMENDED
27.5,115.45,34.09,41.21,649.69,78.07,REST_REQUIRED,REST_BEFORE_NEXT_VISIT
23.04,98.06,16.74,35.67,1852.56,53.87,REST_RECOMMENDED,REST_RECOMMENDED
31.89,119.16,9.98,64.27,699.02,84.93,REST_REQUIRED,REST_BEFORE_NEXT_VISIT
27.33,34.93,31.9,129.6,1757.64,66.17,REST_RECOMMENDED,REST_RECOMMENDED
24.71,88.87,44.89,99.7,2270.97,65.92,REST_RECOMMENDED,REST_RECOMMENDED
27.58,111.88,56.82,43.83,1249.13,77.71,REST_REQUIRED,REST_BEFORE_NEXT_VISIT
18.36,99.53,33.49,5.18,520.36,36.46,CAUTION,MOVABLE
34.06,111.92,29.83,85.57,1460.17,95.78,IMMEDIATE_REST,REST_BEFORE_NEXT_VISIT
27.32,47.15,40.73,146.88,2332.75,68.53,REST_RECOMMENDED,REST_RECOMMENDED
19.1,33.91,36.65,108.13,1772.06,34.18,CAUTION,MOVABLE
28.82,44.83,47.45,156.19,1709.63,83.04,REST_REQUIRED,REST_BEFORE_NEXT_VISIT
25.0,85.81,17.65,18.27,1010.48,58.35,REST_RECOMMENDED,REST_RECOMMENDED
22.89,42.34,22.97,64.6,2122.01,34.87,CAUTION,MOVABLE
19.16,38.07,22.76,88.73,519.88,28.66,LOW,MOVABLE
17.53,35.3,16.79,98.53,146.0,22.25,LOW,MOVABLE
20.44,44.37,19.21,24.28,736.43,19.02,LOW,MOVABLE
22.33,101.76,9.81,44.31,1819.6,43.37,CAUTION,REST_RECOMMENDED
22.74,41.11,40.17,14.97,755.35,30.58,CAUTION,MOVABLE
24.15,91.8,15.83,108.04,1039.39,61.89,REST_RECOMMENDED,REST_RECOMMENDED
29.84,39.55,26.19,76.96,1145.08,77.07,REST_REQUIRED,REST_BEFORE_NEXT_VISIT
21.26,111.27,22.54,83.35,1956.44,53.34,REST_RECOMMENDED,REST_RECOMMENDED
26.52,59.99,15.95,23.96,630.16,54.1,REST_RECOMMENDED,REST_RECOMMENDED
19.07,63.95,15.57,58.15,798.73,25.5,LOW,MOVABLE
26.3,155.66,13.96,19.57,1291.46,65.0,REST_RECOMMENDED,REST_RECOMMENDED
24.52,133.78,23.35,38.41,562.08,55.0,REST_RECOMMENDED,REST_RECOMMENDED
19.53,61.15,30.42,170.81,966.71,41.33,CAUTION,REST_RECOMMENDED
22.1,12.35,20.36,44.54,844.64,24.49,LOW,MOVABLE
30.29,51.06,12.02,76.91,1961.06,71.39,REST_REQUIRED,REST_BEFORE_NEXT_VISIT
29.97,79.46,9.29,66.86,171.74,71.02,REST_REQUIRED,REST_BEFORE_NEXT_VISIT
24.2,155.04,28.12,110.2,916.45,64.04,REST_RECOMMENDED,REST_RECOMMENDED
20.16,75.91,8.22,137.58,1544.64,33.09,CAUTION,MOVABLE
28.98,98.26,14.4,109.46,1701.25,90.0,IMMEDIATE_REST,REST_BEFORE_NEXT_VISIT
24.68,51.52,20.15,75.27,386.75,41.88,CAUTION,REST_RECOMMENDED
30.71,110.53,5.41,54.29,934.44,79.99,REST_REQUIRED,REST_BEFORE_NEXT_VISIT
25.06,148.05,31.87,50.94,1402.07,75.78,REST_REQUIRED,REST_BEFORE_NEXT_VISIT
18.92,94.89,11.37,21.49,521.87,31.72,CAUTION,MOVABLE
24.37,11.72,41.89,25.33,192.21,29.53,LOW,MOVABLE
22.52,49.19,6.11,64.39,356.03,24.0,LOW,MOVABLE
27.77,69.03,17.96,26.09,240.55,64.65,REST_RECOMMENDED,REST_RECOMMENDED
16.79,51.31,17.52,90.39,2012.52,27.09,LOW,MOVABLE
29.65,85.37,6.29,34.42,1608.35,76.67,REST_REQUIRED,REST_BEFORE_NEXT_VISIT
26.93,26.68,36.31,124.7,367.58,57.74,REST_RECOMMENDED,REST_RECOMMENDED
27.52,117.47,17.05,149.51,2249.32,77.58,REST_REQUIRED,REST_BEFORE_NEXT_VISIT
15.67,84.96,10.77,107.28,1548.41,35.46,CAUTION,MOVABLE
29.1,55.78,42.75,37.2,1085.59,79.71,REST_REQUIRED,REST_BEFORE_NEXT_VISIT
24.79,130.76,19.38,83.83,1582.17,60.08,REST_RECOMMENDED,REST_RECOMMENDED
23.95,99.75,34.5,31.21,2025.08,60.0,REST_RECOMMENDED,REST_RECOMMENDED
26.71,28.02,15.16,77.63,1323.84,50.27,REST_RECOMMENDED,REST_RECOMMENDED
23.73,26.13,35.97,28.35,1459.24,35.61,CAUTION,MOVABLE
26.29,104.47,27.34,69.68,735.21,78.22,REST_REQUIRED,REST_BEFORE_NEXT_VISIT
29.78,108.33,34.38,15.96,1544.75,91.35,IMMEDIATE_REST,REST_BEFORE_NEXT_VISIT
22.04,34.99,31.24,151.81,1690.99,47.48,CAUTION,REST_RECOMMENDED
27.41,102.69,38.39,74.24,1419.37,85.66,IMMEDIATE_REST,REST_BEFORE_NEXT_VISIT
33.51,134.78,45.35,92.86,434.77,96.86,IMMEDIATE_REST,REST_BEFORE_NEXT_VISIT
27.85,25.62,11.39,96.69,425.06,47.0,CAUTION,REST_RECOMMENDED
25.16,69.18,35.56,6.56,319.51,63.96,REST_RECOMMENDED,REST_RECOMMENDED
31.26,108.17,16.74,39.57,153.92,78.0,REST_REQUIRED,REST_BEFORE_NEXT_VISIT
27.05,63.78,28.92,114.52,1360.63,71.0,REST_REQUIRED,REST_BEFORE_NEXT_VISIT
28.55,76.87,15.45,144.28,457.25,83.75,REST_REQUIRED,REST_BEFORE_NEXT_VISIT
24.76,86.44,40.23,79.3,430.79,53.0,REST_RECOMMENDED,REST_RECOMMENDED
21.82,30.04,46.93,155.19,582.18,40.88,CAUTION,REST_RECOMMENDED
24.85,57.99,36.47,71.48,1385.62,47.0,CAUTION,REST_RECOMMENDED
31.15,153.4,30.0,154.59,709.0,100.0,IMMEDIATE_REST,REST_BEFORE_NEXT_VISIT
25.54,17.72,42.29,62.11,1612.54,54.0,REST_RECOMMENDED,REST_RECOMMENDED
26.25,85.21,40.14,94.6,183.25,77.65,REST_REQUIRED,REST_BEFORE_NEXT_VISIT
24.46,76.63,27.09,35.57,2569.45,52.9,REST_RECOMMENDED,REST_RECOMMENDED
27.3,61.96,2.91,79.28,1201.94,63.64,REST_RECOMMENDED,REST_RECOMMENDED
30.17,47.61,12.48,83.12,742.7,73.99,REST_REQUIRED,REST_BEFORE_NEXT_VISIT
25.3,34.75,36.64,136.9,524.48,63.41,REST_RECOMMENDED,REST_RECOMMENDED
21.59,111.25,32.85,42.32,523.83,53.76,REST_RECOMMENDED,REST_RECOMMENDED
32.2,50.88,18.76,31.3,495.6,65.26,REST_RECOMMENDED,REST_RECOMMENDED
19.63,8.91,24.47,143.37,1335.86,23.26,LOW,MOVABLE
27.34,63.73,35.48,68.98,2364.11,76.58,REST_REQUIRED,REST_BEFORE_NEXT_VISIT
33.54,130.84,15.21,89.95,1400.85,87.0,IMMEDIATE_REST,REST_BEFORE_NEXT_VISIT
21.41,91.74,15.21,91.89,2461.65,50.6,REST_RECOMMENDED,REST_RECOMMENDED
25.59,43.98,24.12,86.3,919.22,60.3,REST_RECOMMENDED,REST_RECOMMENDED
24.15,44.38,24.34,82.5,888.42,42.0,CAUTION,REST_RECOMMENDED
23.53,60.0,36.75,104.93,1150.14,64.31,REST_RECOMMENDED,REST_RECOMMENDED
19.18,54.05,7.13,165.76,499.43,17.97,LOW,MOVABLE
17.57,50.14,15.02,140.2,198.33,19.7,LOW,MOVABLE
26.09,65.52,30.55,28.4,2539.81,67.08,REST_RECOMMENDED,REST_RECOMMENDED
25.88,79.16,6.36,153.92,1557.38,70.2,REST_REQUIRED,REST_BEFORE_NEXT_VISIT
25.34,102.72,9.83,64.52,878.42,75.52,REST_REQUIRED,REST_BEFORE_NEXT_VISIT
19.44,40.87,3.18,173.27,1128.46,20.69,LOW,MOVABLE
25.46,91.12,27.91,116.33,1236.99,83.94,REST_REQUIRED,REST_BEFORE_NEXT_VISIT
20.63,29.68,8.54,33.98,531.05,6.97,LOW,MOVABLE
15.91,77.63,48.33,49.13,583.96,33.46,CAUTION,MOVABLE
24.02,56.94,27.31,129.0,1792.81,49.23,CAUTION,REST_RECOMMENDED
25.27,39.58,14.85,127.14,420.16,55.0,REST_RECOMMENDED,REST_RECOMMENDED
29.0,10.05,37.32,32.46,1641.88,69.77,REST_RECOMMENDED,REST_BEFORE_NEXT_VISIT
23.41,46.41,18.02,89.41,373.58,37.0,CAUTION,MOVABLE
27.41,38.87,44.35,104.2,810.21,63.0,REST_RECOMMENDED,REST_RECOMMENDED
25.98,110.08,23.34,127.77,409.54,76.0,REST_REQUIRED,REST_BEFORE_NEXT_VISIT
28.55,42.41,18.68,69.65,881.28,70.44,REST_REQUIRED,REST_BEFORE_NEXT_VISIT
19.87,124.22,8.08,73.64,881.98,32.0,CAUTION,MOVABLE
32.3,92.58,17.5,101.76,722.48,91.4,IMMEDIATE_REST,REST_BEFORE_NEXT_VISIT
22.79,79.56,43.12,155.36,1420.86,50.09,REST_RECOMMENDED,REST_RECOMMENDED
18.58,54.01,26.91,97.62,797.91,27.77,LOW,MOVABLE
23.74,62.92,39.67,61.63,240.03,55.07,REST_RECOMMENDED,REST_RECOMMENDED
28.83,45.13,19.73,145.61,315.4,75.01,REST_REQUIRED,REST_BEFORE_NEXT_VISIT
26.42,97.76,16.35,140.51,1110.28,75.0,REST_REQUIRED,REST_BEFORE_NEXT_VISIT
25.6,69.97,19.6,39.95,259.01,58.07,REST_RECOMMENDED,REST_RECOMMENDED
18.52,29.48,25.35,119.49,478.61,19.14,LOW,MOVABLE
28.07,67.31,38.12,132.75,331.0,89.31,IMMEDIATE_REST,REST_BEFORE_NEXT_VISIT
17.54,30.65,49.99,57.45,42.88,20.57,LOW,MOVABLE
16.16,130.65,31.2,72.94,1032.04,48.48,CAUTION,REST_RECOMMENDED
17.7,92.66,24.25,37.94,486.04,40.41,CAUTION,REST_RECOMMENDED
18.1,33.08,27.92,20.21,385.73,21.17,LOW,MOVABLE
25.28,32.49,8.78,109.0,1018.41,61.5,REST_RECOMMENDED,REST_RECOMMENDED
26.03,51.31,35.64,58.82,605.42,56.41,REST_RECOMMENDED,REST_RECOMMENDED
17.76,43.05,31.03,14.59,927.87,32.58,CAUTION,MOVABLE
28.92,116.86,35.95,75.22,1619.69,94.0,IMMEDIATE_REST,REST_BEFORE_NEXT_VISIT
19.02,18.15,30.73,46.84,292.67,14.13,LOW,MOVABLE
18.99,46.82,23.39,53.0,599.49,21.64,LOW,MOVABLE
33.47,37.78,12.95,90.53,2258.19,79.38,REST_REQUIRED,REST_BEFORE_NEXT_VISIT
21.23,111.12,20.9,42.7,368.61,44.0,CAUTION,REST_RECOMMENDED
26.42,106.67,30.52,150.38,280.64,86.17,IMMEDIATE_REST,REST_BEFORE_NEXT_VISIT
25.6,123.07,42.01,79.79,127.32,75.94,REST_REQUIRED,REST_BEFORE_NEXT_VISIT
29.45,97.29,45.63,101.54,1124.37,98.98,IMMEDIATE_REST,REST_BEFORE_NEXT_VISIT
24.6,35.07,8.78,78.91,999.93,40.61,CAUTION,REST_RECOMMENDED
22.47,23.71,6.54,7.2,219.76,7.0,LOW,MOVABLE
33.24,119.86,26.97,46.94,151.34,83.74,REST_REQUIRED,REST_BEFORE_NEXT_VISIT
19.38,61.46,12.52,102.26,303.98,32.49,CAUTION,MOVABLE
23.59,94.37,36.84,46.18,427.55,62.69,REST_RECOMMENDED,REST_RECOMMENDED
30.08,110.44,49.48,78.07,528.58,92.77,IMMEDIATE_REST,REST_BEFORE_NEXT_VISIT
25.24,51.9,34.57,89.16,142.01,65.7,REST_RECOMMENDED,REST_RECOMMENDED
18.33,91.3,21.91,85.57,334.93,43.97,CAUTION,REST_RECOMMENDED
24.21,50.07,5.38,102.42,2193.01,42.43,CAUTION,REST_RECOMMENDED
29.09,173.97,32.89,103.98,1999.94,100.0,IMMEDIATE_REST,REST_BEFORE_NEXT_VISIT
24.12,17.8,20.36,92.18,324.85,39.0,CAUTION,MOVABLE
19.26,77.54,10.41,78.46,327.69,27.08,LOW,MOVABLE
30.92,41.99,33.74,125.13,719.85,85.33,IMMEDIATE_REST,REST_BEFORE_NEXT_VISIT
19.34,76.34,56.53,93.33,2135.94,46.1,CAUTION,REST_RECOMMENDED
30.07,69.88,25.7,18.27,2364.21,80.16,REST_REQUIRED,REST_BEFORE_NEXT_VISIT
29.66,70.37,11.06,104.69,349.05,81.62,REST_REQUIRED,REST_BEFORE_NEXT_VISIT
22.0,42.98,31.25,60.3,57.53,35.69,CAUTION,MOVABLE
16.93,141.99,22.74,104.41,149.07,39.0,CAUTION,MOVABLE
30.87,59.79,44.05,113.21,792.54,81.95,REST_REQUIRED,REST_BEFORE_NEXT_VISIT
16.69,89.42,20.02,118.76,483.86,38.61,CAUTION,MOVABLE
22.16,75.97,8.42,116.69,1569.64,44.11,CAUTION,REST_RECOMMENDED
16.2,64.09,5.83,89.52,416.66,23.0,LOW,MOVABLE
19.04,80.45,16.61,63.45,104.6,29.69,LOW,MOVABLE
18.24,131.69,12.35,22.53,1516.39,30.0,CAUTION,MOVABLE
32.68,13.38,41.75,165.32,1398.8,81.34,REST_REQUIRED,REST_BEFORE_NEXT_VISIT
22.28,59.01,11.28,12.5,1430.07,26.47,LOW,MOVABLE
25.63,7.78,51.34,49.51,1348.68,51.5,REST_RECOMMENDED,REST_RECOMMENDED
22.85,71.19,8.2,18.78,683.52,28.98,LOW,MOVABLE
32.79,117.31,40.33,4.5,1368.95,91.66,IMMEDIATE_REST,REST_BEFORE_NEXT_VISIT
17.06,61.77,4.27,23.74,841.59,20.96,LOW,MOVABLE
25.0,77.82,33.12,144.4,1320.51,74.0,REST_REQUIRED,REST_BEFORE_NEXT_VISIT
28.97,110.22,18.41,84.14,1116.61,95.29,IMMEDIATE_REST,REST_BEFORE_NEXT_VISIT
31.87,130.31,7.4,92.63,2010.55,91.48,IMMEDIATE_REST,REST_BEFORE_NEXT_VISIT
25.94,54.57,41.05,65.65,328.17,59.65,REST_RECOMMENDED,REST_RECOMMENDED
18.3,89.84,13.97,20.59,526.53,20.0,LOW,MOVABLE
29.16,52.83,33.72,60.92,18.76,80.28,REST_REQUIRED,REST_BEFORE_NEXT_VISIT
20.25,36.98,32.38,51.17,90.47,21.38,LOW,MOVABLE
15.99,25.3,18.47,69.09,1085.34,15.75,LOW,MOVABLE
23.48,135.29,21.61,41.67,1463.31,57.76,REST_RECOMMENDED,REST_RECOMMENDED
30.7,96.97,19.41,19.14,834.94,78.0,REST_REQUIRED,REST_BEFORE_NEXT_VISIT
19.74,107.8,13.98,166.59,854.62,43.86,CAUTION,REST_RECOMMENDED
30.66,53.91,20.67,46.13,257.46,69.49,REST_RECOMMENDED,REST_BEFORE_NEXT_VISIT
31.05,120.5,8.0,126.28,1489.23,89.22,IMMEDIATE_REST,REST_BEFORE_NEXT_VISIT
30.85,41.51,30.33,105.32,52.94,81.13,REST_REQUIRED,REST_BEFORE_NEXT_VISIT
29.12,99.57,35.54,80.37,371.93,93.6,IMMEDIATE_REST,REST_BEFORE_NEXT_VISIT
30.75,53.96,25.72,92.11,585.64,75.0,REST_REQUIRED,REST_BEFORE_NEXT_VISIT
29.95,60.65,26.58,90.92,652.78,84.0,REST_REQUIRED,REST_BEFORE_NEXT_VISIT
24.97,17.6,29.4,73.56,446.8,33.25,CAUTION,MOVABLE
32.19,123.43,7.33,134.76,1247.05,89.04,IMMEDIATE_REST,REST_BEFORE_NEXT_VISIT
29.08,72.12,13.4,22.79,1796.59,75.76,REST_REQUIRED,REST_BEFORE_NEXT_VISIT
33.36,29.76,33.6,113.4,255.34,69.17,REST_RECOMMENDED,REST_BEFORE_NEXT_VISIT
23.56,91.87,38.61,104.83,1306.81,74.65,REST_REQUIRED,REST_BEFORE_NEXT_VISIT
27.25,45.63,31.07,118.4,1283.41,68.01,REST_RECOMMENDED,REST_RECOMMENDED
25.93,41.49,31.47,65.07,1903.57,67.55,REST_RECOMMENDED,REST_RECOMMENDED
22.38,124.42,25.74,86.16,856.55,51.68,REST_RECOMMENDED,REST_RECOMMENDED
27.44,37.49,12.63,57.93,62.01,50.11,REST_RECOMMENDED,REST_RECOMMENDED
24.74,54.92,7.6,116.18,1420.36,44.15,CAUTION,REST_RECOMMENDED
17.88,45.57,30.95,115.66,1014.53,33.19,CAUTION,MOVABLE
28.62,43.75,20.36,146.87,1264.32,83.03,REST_REQUIRED,REST_BEFORE_NEXT_VISIT
22.01,37.61,12.32,108.68,960.3,31.0,CAUTION,MOVABLE
25.25,86.9,34.45,39.75,528.53,68.06,REST_RECOMMENDED,REST_RECOMMENDED
25.94,37.51,25.16,126.3,2004.38,63.52,REST_RECOMMENDED,REST_RECOMMENDED
28.76,69.21,48.09,117.99,1180.28,90.83,IMMEDIATE_REST,REST_BEFORE_NEXT_VISIT
22.11,73.13,39.23,144.25,1981.76,50.76,REST_RECOMMENDED,REST_RECOMMENDED
23.01,95.13,11.22,49.61,435.38,50.63,REST_RECOMMENDED,REST_RECOMMENDED
30.97,85.04,39.31,97.39,2399.19,89.0,IMMEDIATE_REST,REST_BEFORE_NEXT_VISIT
23.98,81.33,12.67,25.89,972.21,40.0,CAUTION,REST_RECOMMENDED
29.36,111.52,11.24,106.64,182.14,85.98,IMMEDIATE_REST,REST_BEFORE_NEXT_VISIT
19.69,68.91,25.13,32.83,347.74,32.17,CAUTION,MOVABLE
25.22,35.0,27.14,63.99,556.35,60.88,REST_RECOMMENDED,REST_RECOMMENDED
15.97,64.88,19.03,28.19,315.08,25.66,LOW,MOVABLE
32.52,70.99,39.93,117.79,1523.23,90.37,IMMEDIATE_REST,REST_BEFORE_NEXT_VISIT
25.2,56.09,25.62,45.18,1214.58,61.33,REST_RECOMMENDED,REST_RECOMMENDED
32.51,103.67,20.47,87.93,810.5,93.76,IMMEDIATE_REST,REST_BEFORE_NEXT_VISIT
29.22,85.52,6.53,136.47,1147.74,81.29,REST_REQUIRED,REST_BEFORE_NEXT_VISIT
18.96,38.39,21.97,127.65,926.54,30.74,CAUTION,MOVABLE
32.9,10.9,8.41,72.64,1255.35,63.35,REST_RECOMMENDED,REST_RECOMMENDED
17.99,117.96,31.67,110.29,1536.37,50.21,REST_RECOMMENDED,REST_RECOMMENDED
28.98,92.7,26.92,17.31,530.91,86.81,IMMEDIATE_REST,REST_BEFORE_NEXT_VISIT
25.92,41.7,17.65,88.21,1444.78,58.81,REST_RECOMMENDED,REST_RECOMMENDED
25.18,129.69,8.19,80.38,720.96,67.0,REST_RECOMMENDED,REST_RECOMMENDED
20.6,81.32,6.74,82.4,390.08,26.41,LOW,MOVABLE
33.48,74.44,25.88,98.4,1010.12,89.13,IMMEDIATE_REST,REST_BEFORE_NEXT_VISIT
31.98,42.21,19.02,62.88,1767.99,73.61,REST_REQUIRED,REST_BEFORE_NEXT_VISIT
28.65,82.14,9.54,45.53,1371.42,77.83,REST_REQUIRED,REST_BEFORE_NEXT_VISIT
32.04,145.51,31.06,62.65,824.65,98.35,IMMEDIATE_REST,REST_BEFORE_NEXT_VISIT
15.77,129.69,12.5,96.8,1584.9,43.66,CAUTION,REST_RECOMMENDED
27.71,67.01,22.63,104.46,1367.13,74.83,REST_REQUIRED,REST_BEFORE_NEXT_VISIT
29.41,56.79,15.32,58.64,2228.09,73.12,REST_REQUIRED,REST_BEFORE_NEXT_VISIT
22.8,59.77,8.51,121.35,565.95,32.02,CAUTION,MOVABLE
21.52,59.42,45.49,136.98,932.72,45.1,CAUTION,REST_RECOMMENDED
18.37,152.97,8.94,56.76,1430.9,34.46,CAUTION,MOVABLE
18.8,56.8,17.45,97.36,1681.78,23.0,LOW,MOVABLE
27.58,46.77,14.82,119.61,969.76,59.79,REST_RECOMMENDED,REST_RECOMMENDED
23.79,107.54,16.93,102.68,1559.98,61.54,REST_RECOMMENDED,REST_RECOMMENDED
29.08,79.22,9.89,75.32,201.73,76.14,REST_REQUIRED,REST_BEFORE_NEXT_VISIT
24.46,114.36,3.96,148.12,1083.09,59.95,REST_RECOMMENDED,REST_RECOMMENDED
22.77,116.49,32.97,27.82,521.99,45.0,CAUTION,REST_RECOMMENDED
21.48,71.12,8.96,98.69,583.53,41.19,CAUTION,REST_RECOMMENDED
27.77,151.96,30.49,92.81,1814.3,85.92,IMMEDIATE_REST,REST_BEFORE_NEXT_VISIT
27.2,125.35,23.7,53.2,95.29,69.82,REST_RECOMMENDED,REST_BEFORE_NEXT_VISIT
22.43,128.13,22.81,124.58,1236.52,61.46,REST_RECOMMENDED,REST_RECOMMENDED
25.47,83.75,24.49,72.02,1442.05,70.95,REST_REQUIRED,REST_BEFORE_NEXT_VISIT
33.58,127.49,15.54,156.88,1205.34,91.67,IMMEDIATE_REST,REST_BEFORE_NEXT_VISIT
20.82,21.04,16.72,121.19,430.15,16.46,LOW,MOVABLE
32.86,29.58,40.89,58.19,1335.55,65.0,REST_RECOMMENDED,REST_RECOMMENDED
30.01,79.9,24.95,32.4,1313.59,80.27,REST_REQUIRED,REST_BEFORE_NEXT_VISIT
26.83,58.84,38.45,103.84,385.21,66.2,REST_RECOMMENDED,REST_RECOMMENDED
25.21,81.74,12.56,48.13,112.02,55.0,REST_RECOMMENDED,REST_RECOMMENDED
33.8,67.34,32.4,41.66,1037.13,86.17,IMMEDIATE_REST,REST_BEFORE_NEXT_VISIT
29.97,32.66,37.11,71.77,709.05,75.0,REST_REQUIRED,REST_BEFORE_NEXT_VISIT
26.27,35.97,8.94,123.74,1932.79,61.92,REST_RECOMMENDED,REST_RECOMMENDED
31.48,125.28,13.89,54.01,804.3,81.0,REST_REQUIRED,REST_BEFORE_NEXT_VISIT
26.43,30.08,39.48,138.62,615.9,63.64,REST_RECOMMENDED,REST_RECOMMENDED
20.97,101.52,24.67,84.28,1321.23,42.46,CAUTION,REST_RECOMMENDED
19.81,71.53,14.65,63.65,301.56,31.78,CAUTION,MOVABLE
26.59,93.52,39.28,79.29,875.16,77.0,REST_REQUIRED,REST_BEFORE_NEXT_VISIT
27.42,96.69,6.85,99.55,296.82,70.74,REST_REQUIRED,REST_BEFORE_NEXT_VISIT
33.48,70.21,32.86,25.51,1262.61,82.29,REST_REQUIRED,REST_BEFORE_NEXT_VISIT
29.38,133.45,20.9,28.4,528.3,86.8,IMMEDIATE_REST,REST_BEFORE_NEXT_VISIT
31.98,79.46,23.61,167.76,1043.5,90.92,IMMEDIATE_REST,REST_BEFORE_NEXT_VISIT
29.26,39.35,23.76,12.32,85.84,66.04,REST_RECOMMENDED,REST_RECOMMENDED
28.46,98.21,51.81,74.45,356.18,97.22,IMMEDIATE_REST,REST_BEFORE_NEXT_VISIT
17.21,83.76,20.06,89.9,434.45,30.77,CAUTION,MOVABLE
26.17,100.77,18.88,151.23,632.73,77.27,REST_REQUIRED,REST_BEFORE_NEXT_VISIT
21.71,95.8,41.49,33.47,613.2,52.08,REST_RECOMMENDED,REST_RECOMMENDED
29.53,139.79,15.21,36.29,942.23,89.27,IMMEDIATE_REST,REST_BEFORE_NEXT_VISIT
24.84,96.31,20.05,50.15,774.02,55.67,REST_RECOMMENDED,REST_RECOMMENDED
27.37,88.46,27.31,81.85,691.46,71.35,REST_REQUIRED,REST_BEFORE_NEXT_VISIT
28.38,26.24,46.0,62.11,1166.4,69.93,REST_RECOMMENDED,REST_BEFORE_NEXT_VISIT
22.35,70.72,20.37,74.63,1431.31,44.95,CAUTION,REST_RECOMMENDED
27.52,34.27,9.95,117.42,616.41,55.19,REST_RECOMMENDED,REST_RECOMMENDED
23.95,117.29,15.43,69.11,503.05,55.29,REST_RECOMMENDED,REST_RECOMMENDED
27.58,107.09,31.41,104.22,605.05,81.89,REST_REQUIRED,REST_BEFORE_NEXT_VISIT
22.72,37.48,27.43,117.59,2048.49,37.0,CAUTION,MOVABLE
20.09,89.99,20.15,82.62,1430.79,36.72,CAUTION,MOVABLE
21.97,37.88,12.6,58.6,383.0,23.98,LOW,MOVABLE
20.97,123.51,14.79,27.23,2212.22,30.0,CAUTION,MOVABLE
21.75,106.69,4.89,38.67,1107.73,43.15,CAUTION,REST_RECOMMENDED
29.74,41.2,22.45,88.34,1291.91,77.36,REST_REQUIRED,REST_BEFORE_NEXT_VISIT
30.83,86.57,10.73,106.31,73.42,78.7,REST_REQUIRED,REST_BEFORE_NEXT_VISIT
22.75,101.48,31.22,45.15,1379.34,50.0,REST_RECOMMENDED,REST_RECOMMENDED
30.22,87.22,44.23,146.25,1269.27,89.0,IMMEDIATE_REST,REST_BEFORE_NEXT_VISIT
25.68,33.72,33.01,114.66,178.98,65.62,REST_RECOMMENDED,REST_RECOMMENDED
21.77,76.5,37.96,94.88,1867.8,52.55,REST_RECOMMENDED,REST_RECOMMENDED
24.14,42.29,6.58,135.86,1557.5,40.0,CAUTION,REST_RECOMMENDED
25.6,82.43,30.59,126.8,1028.66,78.73,REST_REQUIRED,REST_BEFORE_NEXT_VISIT
31.26,93.11,17.54,72.44,554.76,88.0,IMMEDIATE_REST,REST_BEFORE_NEXT_VISIT
27.29,14.32,5.7,50.14,1640.14,48.39,CAUTION,REST_RECOMMENDED
19.03,86.58,33.99,83.96,1851.96,37.74,CAUTION,MOVABLE
28.01,38.62,23.25,112.77,1160.72,78.38,REST_REQUIRED,REST_BEFORE_NEXT_VISIT
17.88,58.19,36.35,130.08,210.01,31.9,CAUTION,MOVABLE
18.64,24.08,7.37,73.93,538.64,13.83,LOW,MOVABLE
18.66,142.62,38.76,41.53,149.2,41.41,CAUTION,REST_RECOMMENDED
28.51,66.0,49.26,73.52,994.47,86.13,IMMEDIATE_REST,REST_BEFORE_NEXT_VISIT
28.23,131.22,12.82,70.13,259.98,88.65,IMMEDIATE_REST,REST_BEFORE_NEXT_VISIT
16.48,93.04,32.72,153.73,211.81,46.32,CAUTION,REST_RECOMMENDED
29.64,49.37,12.69,73.54,1631.08,70.25,REST_REQUIRED,REST_BEFORE_NEXT_VISIT
25.33,60.01,27.12,92.43,407.04,72.64,REST_REQUIRED,REST_BEFORE_NEXT_VISIT
19.88,43.14,15.95,108.73,829.5,22.29,LOW,MOVABLE
31.52,58.91,7.35,56.9,2215.02,63.0,REST_RECOMMENDED,REST_RECOMMENDED
21.43,112.08,39.96,24.27,587.5,47.73,CAUTION,REST_RECOMMENDED
28.31,94.84,14.61,70.62,860.36,88.86,IMMEDIATE_REST,REST_BEFORE_NEXT_VISIT
28.76,28.64,28.63,112.81,1170.26,72.09,REST_REQUIRED,REST_BEFORE_NEXT_VISIT
25.42,12.65,1.44,33.25,1426.01,40.64,CAUTION,REST_RECOMMENDED
24.87,77.72,27.83,109.69,571.68,56.41,REST_RECOMMENDED,REST_RECOMMENDED
19.78,57.25,7.84,41.27,894.73,11.0,LOW,MOVABLE
31.98,48.84,46.7,85.7,1545.81,78.55,REST_REQUIRED,REST_BEFORE_NEXT_VISIT
23.52,47.79,51.92,85.25,393.8,49.7,CAUTION,REST_RECOMMENDED
21.57,29.57,6.08,74.73,1941.7,23.12,LOW,MOVABLE
27.39,126.82,13.17,104.32,324.64,76.06,REST_REQUIRED,REST_BEFORE_NEXT_VISIT
25.19,29.65,16.26,144.73,985.48,52.13,REST_RECOMMENDED,REST_RECOMMENDED
27.36,98.58,8.15,21.23,1777.24,63.13,REST_RECOMMENDED,REST_RECOMMENDED
26.25,98.89,31.89,9.99,859.07,72.92,REST_REQUIRED,REST_BEFORE_NEXT_VISIT
23.52,74.28,37.11,71.82,2355.1,56.0,REST_RECOMMENDED,REST_RECOMMENDED
28.35,26.24,28.97,60.4,1659.9,66.0,REST_RECOMMENDED,REST_RECOMMENDED
23.4,126.31,29.25,161.61,241.91,63.76,REST_RECOMMENDED,REST_RECOMMENDED
17.39,128.31,35.52,30.17,1144.94,44.99,CAUTION,REST_RECOMMENDED
27.98,19.99,22.5,77.7,1697.41,51.42,REST_RECOMMENDED,REST_RECOMMENDED
16.76,97.38,47.17,108.63,386.2,48.11,CAUTION,REST_RECOMMENDED
18.44,24.95,16.1,115.94,638.68,13.0,LOW,MOVABLE
25.17,41.86,4.37,168.59,861.89,53.67,REST_RECOMMENDED,REST_RECOMMENDED
27.48,64.87,14.65,63.53,1540.11,70.43,REST_REQUIRED,REST_BEFORE_NEXT_VISIT
25.02,75.65,21.16,56.87,61.46,64.31,REST_RECOMMENDED,REST_RECOMMENDED
25.84,47.18,17.21,30.67,1207.37,51.0,REST_RECOMMENDED,REST_RECOMMENDED
24.99,66.49,27.69,149.72,1239.95,56.74,REST_RECOMMENDED,REST_RECOMMENDED
29.9,65.96,39.18,91.47,1001.15,95.38,IMMEDIATE_REST,REST_BEFORE_NEXT_VISIT
22.86,67.93,23.82,90.04,614.09,48.91,CAUTION,REST_RECOMMENDED
29.82,44.63,17.11,122.11,1046.79,75.77,REST_REQUIRED,REST_BEFORE_NEXT_VISIT
22.7,71.78,43.35,64.04,452.77,50.2,REST_RECOMMENDED,REST_RECOMMENDED
29.34,72.58,23.5,126.87,1259.2,86.0,IMMEDIATE_REST,REST_BEFORE_NEXT_VISIT
20.56,91.41,33.2,86.59,897.42,44.93,CAUTION,REST_RECOMMENDED
29.85,87.08,28.78,80.1,1691.06,90.31,IMMEDIATE_REST,REST_BEFORE_NEXT_VISIT
15.52,102.43,34.15,120.18,454.26,45.5,CAUTION,REST_RECOMMENDED
24.25,8.53,3.76,54.37,501.06,23.73,LOW,MOVABLE
20.97,129.98,28.83,161.35,1669.32,44.0,CAUTION,REST_RECOMMENDED
25.81,128.75,13.63,70.99,695.1,74.39,REST_REQUIRED,REST_BEFORE_NEXT_VISIT
29.99,42.36,8.02,78.33,829.76,68.75,REST_RECOMMENDED,REST_RECOMMENDED
32.36,129.74,42.8,43.18,682.13,93.12,IMMEDIATE_REST,REST_BEFORE_NEXT_VISIT
26.19,31.95,18.27,121.85,659.58,57.12,REST_RECOMMENDED,REST_RECOMMENDED
28.32,30.28,8.48,163.0,2316.97,72.63,REST_REQUIRED,REST_BEFORE_NEXT_VISIT
27.52,39.44,34.55,101.04,1254.89,67.83,REST_RECOMMENDED,REST_RECOMMENDED
27.88,89.24,3.73,100.86,888.34,62.0,REST_RECOMMENDED,REST_RECOMMENDED
33.23,56.8,40.29,45.74,495.46,70.54,REST_REQUIRED,REST_BEFORE_NEXT_VISIT
26.44,102.82,21.87,6.15,478.14,70.88,REST_REQUIRED,REST_BEFORE_NEXT_VISIT
27.01,55.63,5.33,78.54,1025.59,52.0,REST_RECOMMENDED,REST_RECOMMENDED
25.85,24.05,14.37,63.56,2464.26,51.39,REST_RECOMMENDED,REST_RECOMMENDED
21.12,71.04,33.25,8.52,86.74,35.28,CAUTION,MOVABLE
33.8,119.6,34.43,78.65,303.53,92.01,IMMEDIATE_REST,REST_BEFORE_NEXT_VISIT
20.16,85.07,18.81,37.35,428.37,24.01,LOW,MOVABLE
26.45,40.26,9.01,99.73,1095.27,59.55,REST_RECOMMENDED,REST_RECOMMENDED
21.67,36.01,11.97,152.6,915.86,34.87,CAUTION,MOVABLE
29.18,28.34,21.74,98.79,1390.39,69.97,REST_RECOMMENDED,REST_BEFORE_NEXT_VISIT
28.16,115.27,29.27,109.51,1632.68,94.38,IMMEDIATE_REST,REST_BEFORE_NEXT_VISIT
31.07,79.04,26.13,106.17,265.88,81.0,REST_REQUIRED,REST_BEFORE_NEXT_VISIT
20.06,40.26,31.61,56.76,373.8,24.97,LOW,MOVABLE
29.37,43.59,10.86,15.28,1381.28,66.2,REST_RECOMMENDED,REST_RECOMMENDED
25.57,15.27,11.9,88.77,1824.82,50.39,REST_RECOMMENDED,REST_RECOMMENDED
20.36,82.58,48.47,123.42,1481.81,40.17,CAUTION,REST_RECOMMENDED
26.45,58.31,12.59,92.41,622.06,63.52,REST_RECOMMENDED,REST_RECOMMENDED
30.52,107.62,24.15,32.25,1205.94,90.81,IMMEDIATE_REST,REST_BEFORE_NEXT_VISIT
30.45,115.6,41.26,53.05,1465.56,91.9,IMMEDIATE_REST,REST_BEFORE_NEXT_VISIT
22.82,113.37,48.04,135.59,2042.48,61.11,REST_RECOMMENDED,REST_RECOMMENDED
29.49,38.65,22.72,108.66,224.39,75.57,REST_REQUIRED,REST_BEFORE_NEXT_VISIT
23.3,34.16,16.52,99.8,855.84,43.13,CAUTION,REST_RECOMMENDED
26.68,54.78,7.92,39.84,1960.79,49.57,CAUTION,REST_RECOMMENDED
19.11,114.54,18.7,98.86,87.51,39.2,CAUTION,REST_RECOMMENDED
26.86,149.32,34.85,91.0,271.79,77.44,REST_REQUIRED,REST_BEFORE_NEXT_VISIT
20.94,57.42,42.14,57.74,1370.6,26.88,LOW,MOVABLE
24.1,19.47,27.27,94.65,1083.27,44.39,CAUTION,REST_RECOMMENDED
31.77,69.55,15.35,72.5,939.39,79.12,REST_REQUIRED,REST_BEFORE_NEXT_VISIT
25.13,97.05,6.64,48.69,280.75,60.0,REST_RECOMMENDED,REST_RECOMMENDED
24.49,119.02,7.97,36.44,609.21,52.5,REST_RECOMMENDED,REST_RECOMMENDED
27.82,23.87,12.3,54.71,662.77,43.2,CAUTION,REST_RECOMMENDED
24.1,112.14,24.23,28.74,1945.4,54.0,REST_RECOMMENDED,REST_RECOMMENDED
20.7,122.9,35.98,25.82,899.42,44.92,CAUTION,REST_RECOMMENDED
23.53,26.85,35.79,135.15,954.1,40.11,CAUTION,REST_RECOMMENDED
27.38,96.26,15.52,80.02,1983.06,72.0,REST_REQUIRED,REST_BEFORE_NEXT_VISIT
26.01,26.05,30.58,50.56,909.2,48.0,CAUTION,REST_RECOMMENDED
20.71,106.53,27.07,69.41,541.82,44.31,CAUTION,REST_RECOMMENDED
34.91,126.62,31.72,89.75,537.24,92.0,IMMEDIATE_REST,REST_BEFORE_NEXT_VISIT
26.09,34.14,9.13,146.52,1551.0,55.73,REST_RECOMMENDED,REST_RECOMMENDED
26.94,26.24,38.22,68.43,677.33,56.5,REST_RECOMMENDED,REST_RECOMMENDED
31.92,85.57,9.64,147.86,841.09,80.94,REST_REQUIRED,REST_BEFORE_NEXT_VISIT
23.42,97.43,26.63,54.27,1125.02,63.27,REST_RECOMMENDED,REST_RECOMMENDED
24.2,59.54,15.07,43.81,1805.27,38.21,CAUTION,MOVABLE
20.46,66.67,44.72,2.49,1102.48,34.74,CAUTION,MOVABLE
23.43,99.8,19.15,12.39,2064.51,52.85,REST_RECOMMENDED,REST_RECOMMENDED
22.7,49.6,32.14,122.1,1472.2,40.53,CAUTION,REST_RECOMMENDED
28.53,119.35,15.73,13.92,1685.88,83.44,REST_REQUIRED,REST_BEFORE_NEXT_VISIT
28.23,26.45,7.49,78.39,278.81,58.43,REST_RECOMMENDED,REST_RECOMMENDED
29.28,105.78,50.38,91.11,365.63,98.18,IMMEDIATE_REST,REST_BEFORE_NEXT_VISIT
20.74,54.31,14.87,74.2,1187.38,28.17,LOW,MOVABLE
19.04,90.65,35.79,85.81,807.54,48.59,CAUTION,REST_RECOMMENDED
24.9,43.44,6.04,121.88,450.66,41.66,CAUTION,REST_RECOMMENDED
20.55,67.54,44.94,71.47,598.01,35.04,CAUTION,MOVABLE
20.45,2.66,38.5,83.26,386.46,16.91,LOW,MOVABLE
28.63,81.08,42.13,129.62,1831.57,94.75,IMMEDIATE_REST,REST_BEFORE_NEXT_VISIT
28.25,37.91,25.48,79.32,1218.46,79.1,REST_REQUIRED,REST_BEFORE_NEXT_VISIT
28.4,80.64,4.85,96.47,423.64,81.14,REST_REQUIRED,REST_BEFORE_NEXT_VISIT
27.39,137.07,37.93,85.95,1538.04,84.08,REST_REQUIRED,REST_BEFORE_NEXT_VISIT
31.4,24.62,34.83,36.08,1406.14,65.31,REST_RECOMMENDED,REST_RECOMMENDED
21.57,38.74,14.21,112.4,81.19,34.49,CAUTION,MOVABLE
31.25,95.26,19.31,107.4,2073.54,95.21,IMMEDIATE_REST,REST_BEFORE_NEXT_VISIT
20.4,37.18,13.81,152.15,1088.68,25.36,LOW,MOVABLE
30.1,90.89,21.28,150.86,989.25,100.0,IMMEDIATE_REST,REST_BEFORE_NEXT_VISIT
32.86,64.09,23.12,124.93,218.55,85.41,IMMEDIATE_REST,REST_BEFORE_NEXT_VISIT
25.41,6.84,12.61,18.94,285.1,37.32,CAUTION,MOVABLE
25.91,91.78,37.61,76.54,1392.9,83.05,REST_REQUIRED,REST_BEFORE_NEXT_VISIT
22.61,67.07,29.66,143.62,645.99,47.56,CAUTION,REST_RECOMMENDED
27.43,56.08,40.98,120.85,1539.09,71.4,REST_REQUIRED,REST_BEFORE_NEXT_VISIT
32.58,72.05,9.06,35.71,634.55,70.0,REST_REQUIRED,REST_BEFORE_NEXT_VISIT
29.41,91.27,26.97,74.12,1300.46,94.59,IMMEDIATE_REST,REST_BEFORE_NEXT_VISIT
31.07,21.58,20.24,50.17,617.44,60.0,REST_RECOMMENDED,REST_RECOMMENDED
29.01,104.23,11.54,71.67,942.85,87.62,IMMEDIATE_REST,REST_BEFORE_NEXT_VISIT
19.32,47.74,27.59,50.64,711.12,19.53,LOW,MOVABLE
25.85,61.26,15.8,14.54,1118.18,65.17,REST_RECOMMENDED,REST_RECOMMENDED
19.2,85.31,19.87,81.43,581.37,30.3,CAUTION,MOVABLE
33.76,146.44,46.35,94.78,1151.65,100.0,IMMEDIATE_REST,REST_BEFORE_NEXT_VISIT
30.76,24.13,35.45,85.35,2281.96,70.74,REST_REQUIRED,REST_BEFORE_NEXT_VISIT
22.09,62.18,41.39,59.91,629.47,41.88,CAUTION,REST_RECOMMENDED
31.45,121.67,12.21,47.63,1432.18,83.0,REST_REQUIRED,REST_BEFORE_NEXT_VISIT
28.87,2.91,33.51,57.84,814.36,71.44,REST_REQUIRED,REST_BEFORE_NEXT_VISIT
18.0,51.92,13.72,74.08,298.46,17.49,LOW,MOVABLE
28.56,75.26,18.1,100.16,804.71,87.48,IMMEDIATE_REST,REST_BEFORE_NEXT_VISIT
20.05,52.65,14.1,106.27,648.41,24.7,LOW,MOVABLE
24.59,63.98,53.1,102.91,1189.29,63.73,REST_RECOMMENDED,REST_RECOMMENDED
25.46,96.26,25.84,54.02,2068.75,78.64,REST_REQUIRED,REST_BEFORE_NEXT_VISIT
20.77,112.58,36.0,67.63,1648.96,44.0,CAUTION,REST_RECOMMENDED
24.52,58.26,37.8,68.06,346.18,45.34,CAUTION,REST_RECOMMENDED
24.71,41.89,23.37,118.19,407.22,50.84,REST_RECOMMENDED,REST_RECOMMENDED
27.02,25.35,40.44,43.12,1270.3,51.04,REST_RECOMMENDED,REST_RECOMMENDED
31.63,88.28,23.91,127.2,1830.25,86.64,IMMEDIATE_REST,REST_BEFORE_NEXT_VISIT
27.5,114.41,41.75,145.5,769.01,81.36,REST_REQUIRED,REST_BEFORE_NEXT_VISIT
30.61,18.53,25.96,68.36,312.25,68.62,REST_RECOMMENDED,REST_RECOMMENDED
20.95,45.72,1.58,78.65,637.76,15.11,LOW,MOVABLE
29.26,51.25,14.38,123.0,2182.96,76.17,REST_REQUIRED,REST_BEFORE_NEXT_VISIT
33.12,107.22,4.47,30.53,1837.69,82.81,REST_REQUIRED,REST_BEFORE_NEXT_VISIT
31.57,82.91,16.8,63.22,418.22,76.41,REST_REQUIRED,REST_BEFORE_NEXT_VISIT
23.82,65.62,11.3,55.69,333.89,46.45,CAUTION,REST_RECOMMENDED
27.36,81.07,32.06,62.53,704.17,69.0,REST_RECOMMENDED,REST_RECOMMENDED
27.07,51.3,32.52,94.36,1310.32,68.74,REST_RECOMMENDED,REST_RECOMMENDED
27.87,34.14,20.04,140.15,1416.58,62.0,REST_RECOMMENDED,REST_RECOMMENDED
32.84,77.07,22.81,51.15,642.37,77.0,REST_REQUIRED,REST_BEFORE_NEXT_VISIT
29.15,117.06,6.68,48.08,778.0,82.76,REST_REQUIRED,REST_BEFORE_NEXT_VISIT
31.04,78.48,17.99,59.68,1193.6,78.67,REST_REQUIRED,REST_BEFORE_NEXT_VISIT
24.13,105.44,40.17,81.79,954.81,66.7,REST_RECOMMENDED,REST_RECOMMENDED
21.78,104.69,21.68,90.09,873.08,52.0,REST_RECOMMENDED,REST_RECOMMENDED
29.53,77.5,19.13,65.41,2238.58,82.12,REST_REQUIRED,REST_BEFORE_NEXT_VISIT
29.15,115.78,26.13,15.94,486.57,84.86,REST_REQUIRED,REST_BEFORE_NEXT_VISIT
29.22,88.39,20.71,96.54,486.52,84.24,REST_REQUIRED,REST_BEFORE_NEXT_VISIT
22.59,79.93,11.94,57.36,858.55,33.53,CAUTION,MOVABLE
29.32,87.63,25.71,86.74,1455.18,88.97,IMMEDIATE_REST,REST_BEFORE_NEXT_VISIT
19.64,29.3,16.87,31.87,923.1,10.12,LOW,MOVABLE
24.47,131.34,3.86,30.06,1715.06,52.77,REST_RECOMMENDED,REST_RECOMMENDED
29.91,51.27,22.86,37.34,1709.1,70.44,REST_REQUIRED,REST_BEFORE_NEXT_VISIT
25.28,26.26,24.26,46.49,2096.67,48.24,CAUTION,REST_RECOMMENDED
19.36,138.73,28.22,34.34,943.23,36.69,CAUTION,MOVABLE
20.92,34.09,57.56,33.38,1446.11,32.87,CAUTION,MOVABLE
25.37,74.62,11.43,18.4,523.37,55.0,REST_RECOMMENDED,REST_RECOMMENDED
19.6,18.78,31.75,150.28,1394.21,22.23,LOW,MOVABLE
25.47,39.14,35.38,135.64,753.18,63.0,REST_RECOMMENDED,REST_RECOMMENDED
32.84,68.66,40.59,21.8,1452.74,88.7,IMMEDIATE_REST,REST_BEFORE_NEXT_VISIT
23.88,137.15,1.49,113.66,342.85,56.9,REST_RECOMMENDED,REST_RECOMMENDED
25.71,76.89,10.34,85.82,12.74,65.12,REST_RECOMMENDED,REST_RECOMMENDED
29.91,61.02,15.52,46.21,495.64,74.3,REST_REQUIRED,REST_BEFORE_NEXT_VISIT
24.07,136.34,16.9,168.82,425.54,59.07,REST_RECOMMENDED,REST_RECOMMENDED
23.53,93.42,20.52,97.46,1169.68,70.75,REST_REQUIRED,REST_BEFORE_NEXT_VISIT
28.2,18.59,48.67,98.84,408.74,74.56,REST_REQUIRED,REST_BEFORE_NEXT_VISIT
28.67,51.73,27.28,77.81,303.67,71.99,REST_REQUIRED,REST_BEFORE_NEXT_VISIT
23.6,77.45,37.69,104.06,245.52,62.02,REST_RECOMMENDED,REST_RECOMMENDED
26.43,141.13,7.81,88.84,474.86,72.32,REST_REQUIRED,REST_BEFORE_NEXT_VISIT
23.09,17.06,29.52,152.78,431.72,39.36,CAUTION,REST_RECOMMENDED
24.35,22.79,7.48,17.43,377.38,19.0,LOW,MOVABLE
27.41,35.96,14.42,96.18,557.04,56.0,REST_RECOMMENDED,REST_RECOMMENDED
34.46,53.53,18.09,52.62,1379.49,66.75,REST_RECOMMENDED,REST_RECOMMENDED
22.58,69.01,24.86,145.77,14.49,44.31,CAUTION,REST_RECOMMENDED
32.71,49.7,23.45,105.54,1703.02,81.76,REST_REQUIRED,REST_BEFORE_NEXT_VISIT
21.01,44.74,30.86,34.99,398.31,32.81,CAUTION,MOVABLE
23.41,115.09,16.07,59.54,1094.6,59.58,REST_RECOMMENDED,REST_RECOMMENDED
24.37,47.18,6.51,118.68,754.58,39.08,CAUTION,REST_RECOMMENDED
31.31,20.31,18.99,156.25,946.31,63.0,REST_RECOMMENDED,REST_RECOMMENDED
30.68,46.33,22.8,55.11,1839.14,76.61,REST_REQUIRED,REST_BEFORE_NEXT_VISIT
24.55,66.63,25.59,105.91,787.39,65.01,REST_RECOMMENDED,REST_RECOMMENDED
31.82,57.13,16.94,83.34,1515.25,70.54,REST_REQUIRED,REST_BEFORE_NEXT_VISIT
20.28,83.02,5.26,19.85,701.01,26.5,LOW,MOVABLE
19.25,81.45,12.75,97.13,2744.53,35.01,CAUTION,MOVABLE
18.77,33.64,23.12,47.42,1238.03,24.82,LOW,MOVABLE
32.51,92.27,27.92,107.23,364.93,94.54,IMMEDIATE_REST,REST_BEFORE_NEXT_VISIT
26.66,27.45,27.3,157.03,895.12,52.89,REST_RECOMMENDED,REST_RECOMMENDED
21.31,101.78,34.71,78.46,571.7,59.84,REST_RECOMMENDED,REST_RECOMMENDED
22.97,70.7,20.51,71.59,2194.85,49.48,CAUTION,REST_RECOMMENDED
27.76,65.43,30.46,89.32,460.14,74.34,REST_REQUIRED,REST_BEFORE_NEXT_VISIT
16.85,77.41,57.05,34.18,1999.72,32.0,CAUTION,MOVABLE
28.24,28.74,26.55,134.31,1011.78,71.07,REST_REQUIRED,REST_BEFORE_NEXT_VISIT
20.46,49.27,33.91,111.24,875.54,31.48,CAUTION,MOVABLE
29.33,53.65,25.35,130.53,1164.79,80.41,REST_REQUIRED,REST_BEFORE_NEXT_VISIT
28.55,31.88,21.13,24.26,428.74,68.69,REST_RECOMMENDED,REST_RECOMMENDED
18.4,30.18,7.67,80.55,900.67,16.94,LOW,MOVABLE
23.62,42.73,18.91,45.13,1814.11,43.95,CAUTION,REST_RECOMMENDED
29.32,139.33,5.84,106.95,1794.22,87.09,IMMEDIATE_REST,REST_BEFORE_NEXT_VISIT
23.24,69.32,11.4,125.73,582.35,54.88,REST_RECOMMENDED,REST_RECOMMENDED
19.27,23.86,19.31,58.62,1834.54,13.4,LOW,MOVABLE
21.42,110.83,45.33,27.43,1120.1,47.32,CAUTION,REST_RECOMMENDED
26.84,63.69,40.81,43.89,2484.71,68.08,REST_RECOMMENDED,REST_RECOMMENDED
33.24,49.56,2.3,57.38,864.77,65.58,REST_RECOMMENDED,REST_RECOMMENDED
21.69,115.81,28.9,76.8,1217.0,54.02,REST_RECOMMENDED,REST_RECOMMENDED
26.34,20.02,3.31,81.95,1063.02,48.67,CAUTION,REST_RECOMMENDED
30.26,30.57,26.09,121.8,535.77,80.13,REST_REQUIRED,REST_BEFORE_NEXT_VISIT
29.72,113.95,47.7,47.03,2379.5,91.28,IMMEDIATE_REST,REST_BEFORE_NEXT_VISIT
21.18,113.77,15.3,109.46,782.35,49.99,CAUTION,REST_RECOMMENDED
28.42,82.2,25.3,48.06,1458.15,82.23,REST_REQUIRED,REST_BEFORE_NEXT_VISIT
25.86,68.49,33.74,113.84,2044.14,80.27,REST_REQUIRED,REST_BEFORE_NEXT_VISIT
19.45,119.56,19.38,27.5,1366.66,34.0,CAUTION,MOVABLE
26.82,83.75,26.78,51.98,1148.62,64.46,REST_RECOMMENDED,REST_RECOMMENDED
29.24,61.53,17.34,26.44,1977.51,72.92,REST_REQUIRED,REST_BEFORE_NEXT_VISIT
24.2,77.09,23.92,47.28,1328.71,51.77,REST_RECOMMENDED,REST_RECOMMENDED
18.08,57.43,18.57,99.96,219.57,23.66,LOW,MOVABLE
29.16,60.58,17.0,96.19,906.45,82.19,REST_REQUIRED,REST_BEFORE_NEXT_VISIT
23.29,75.93,3.24,104.16,1274.5,52.89,REST_RECOMMENDED,REST_RECOMMENDED
23.71,68.61,38.92,111.77,860.09,57.0,REST_RECOMMENDED,REST_RECOMMENDED
23.88,77.43,5.65,123.83,943.18,51.41,REST_RECOMMENDED,REST_RECOMMENDED
30.43,61.74,20.5,63.12,363.28,81.95,REST_REQUIRED,REST_BEFORE_NEXT_VISIT
23.93,71.57,5.22,57.29,804.76,40.3,CAUTION,REST_RECOMMENDED
19.94,105.91,17.68,69.48,863.97,36.16,CAUTION,MOVABLE
30.32,12.17,8.85,19.68,992.17,57.03,REST_RECOMMENDED,REST_RECOMMENDED
20.96,76.09,27.57,65.36,1610.7,39.09,CAUTION,REST_RECOMMENDED
21.72,8.09,10.3,153.41,550.55,27.49,LOW,MOVABLE
25.58,87.52,28.44,36.26,597.27,63.33,REST_RECOMMENDED,REST_RECOMMENDED
23.77,35.25,3.93,81.23,302.14,37.73,CAUTION,MOVABLE
31.56,126.02,16.04,139.67,1297.91,92.94,IMMEDIATE_REST,REST_BEFORE_NEXT_VISIT
27.69,102.45,26.71,117.99,1527.67,87.51,IMMEDIATE_REST,REST_BEFORE_NEXT_VISIT
32.98,99.56,26.21,48.96,1938.41,87.45,IMMEDIATE_REST,REST_BEFORE_NEXT_VISIT
29.16,139.05,43.3,153.21,721.0,99.13,IMMEDIATE_REST,REST_BEFORE_NEXT_VISIT
29.65,51.36,25.42,129.65,2033.51,81.95,REST_REQUIRED,REST_BEFORE_NEXT_VISIT
29.63,33.25,47.09,111.55,1800.04,80.07,REST_REQUIRED,REST_BEFORE_NEXT_VISIT
19.56,95.09,20.76,163.24,1379.5,44.0,CAUTION,REST_RECOMMENDED
16.3,59.14,36.6,105.27,216.38,27.14,LOW,MOVABLE
28.12,110.05,26.3,90.02,937.84,94.29,IMMEDIATE_REST,REST_BEFORE_NEXT_VISIT
20.01,56.93,30.72,115.22,1460.67,37.17,CAUTION,MOVABLE
29.65,58.52,3.84,26.58,700.21,61.25,REST_RECOMMENDED,REST_RECOMMENDED
28.34,128.9,17.51,30.09,931.2,85.18,IMMEDIATE_REST,REST_BEFORE_NEXT_VISIT
22.64,64.17,12.97,95.38,256.13,43.36,CAUTION,REST_RECOMMENDED
30.53,83.41,16.37,119.55,1381.65,82.22,REST_REQUIRED,REST_BEFORE_NEXT_VISIT
22.32,70.51,16.97,80.02,2200.23,39.26,CAUTION,REST_RECOMMENDED
17.34,40.45,9.77,43.38,301.23,10.0,LOW,MOVABLE
23.89,13.83,27.71,26.58,1981.39,35.94,CAUTION,MOVABLE
23.61,107.85,12.55,20.97,1586.14,54.67,REST_RECOMMENDED,REST_RECOMMENDED
30.06,60.27,37.96,95.15,1214.43,89.81,IMMEDIATE_REST,REST_BEFORE_NEXT_VISIT
26.0,106.51,7.07,75.37,2290.55,71.66,REST_REQUIRED,REST_BEFORE_NEXT_VISIT
16.17,26.54,31.71,93.26,320.47,19.0,LOW,MOVABLE
21.58,92.39,26.0,15.03,1061.44,48.39,CAUTION,REST_RECOMMENDED
32.67,86.16,14.04,46.77,1774.16,75.0,REST_REQUIRED,REST_BEFORE_NEXT_VISIT
20.66,52.96,23.38,87.07,1016.13,25.99,LOW,MOVABLE
23.68,104.7,11.69,114.9,823.2,60.92,REST_RECOMMENDED,REST_RECOMMENDED
17.58,22.11,25.3,71.34,371.16,19.97,LOW,MOVABLE
17.38,135.71,12.33,26.88,2236.89,32.98,CAUTION,MOVABLE
26.85,37.41,18.45,47.74,1853.54,55.06,REST_RECOMMENDED,REST_RECOMMENDED
21.46,23.18,44.23,135.31,146.44,34.8,CAUTION,MOVABLE
24.39,111.25,26.37,133.03,1891.25,66.33,REST_RECOMMENDED,REST_RECOMMENDED
23.61,28.33,14.75,89.84,1212.48,34.68,CAUTION,MOVABLE
20.28,81.92,40.01,93.33,1938.94,45.69,CAUTION,REST_RECOMMENDED
25.92,41.82,34.53,119.04,239.19,61.47,REST_RECOMMENDED,REST_RECOMMENDED
31.1,74.17,14.43,118.01,1187.89,82.0,REST_REQUIRED,REST_BEFORE_NEXT_VISIT
23.65,20.72,13.22,140.52,755.98,33.41,CAUTION,MOVABLE
24.04,52.15,47.05,66.48,709.02,46.92,CAUTION,REST_RECOMMENDED
17.58,52.53,12.64,28.79,423.53,13.86,LOW,MOVABLE
29.95,91.96,45.02,69.7,1282.3,97.46,IMMEDIATE_REST,REST_BEFORE_NEXT_VISIT
16.48,114.88,23.68,105.45,643.55,45.88,CAUTION,REST_RECOMMENDED
19.85,49.57,23.81,117.38,411.4,24.0,LOW,MOVABLE
27.57,41.71,33.05,57.83,406.17,55.11,REST_RECOMMENDED,REST_RECOMMENDED
29.83,49.81,31.82,38.9,1371.08,74.77,REST_REQUIRED,REST_BEFORE_NEXT_VISIT
26.67,139.89,15.33,80.39,558.0,70.0,REST_REQUIRED,REST_BEFORE_NEXT_VISIT
28.3,33.49,31.57,136.85,583.11,79.68,REST_REQUIRED,REST_BEFORE_NEXT_VISIT
21.2,104.7,47.65,86.72,1045.28,55.45,REST_RECOMMENDED,REST_RECOMMENDED
18.52,105.27,34.55,76.36,695.67,45.48,CAUTION,REST_RECOMMENDED
25.01,106.25,12.55,149.12,3.46,71.89,REST_REQUIRED,REST_BEFORE_NEXT_VISIT
30.96,126.93,20.75,99.06,461.59,95.41,IMMEDIATE_REST,REST_BEFORE_NEXT_VISIT
24.92,47.6,12.28,151.31,1491.32,50.01,REST_RECOMMENDED,REST_RECOMMENDED
30.43,65.39,17.86,27.75,1066.68,72.23,REST_REQUIRED,REST_BEFORE_NEXT_VISIT
34.25,66.11,10.66,26.54,1140.78,75.44,REST_REQUIRED,REST_BEFORE_NEXT_VISIT
21.99,29.56,25.05,107.75,1076.9,29.84,LOW,MOVABLE
20.58,69.27,37.87,68.42,1813.11,36.0,CAUTION,MOVABLE
23.06,98.75,11.6,97.58,2153.76,61.41,REST_RECOMMENDED,REST_RECOMMENDED
23.98,92.08,14.11,130.24,792.58,60.33,REST_RECOMMENDED,REST_RECOMMENDED
26.19,8.04,34.08,80.96,1581.76,54.0,REST_RECOMMENDED,REST_RECOMMENDED
19.88,54.19,30.59,67.02,1058.1,29.56,LOW,MOVABLE
16.37,57.4,7.32,112.23,384.95,17.0,LOW,MOVABLE
22.97,60.64,25.39,50.18,682.41,37.41,CAUTION,MOVABLE
26.38,131.58,32.57,17.56,1294.74,76.23,REST_REQUIRED,REST_BEFORE_NEXT_VISIT
31.12,57.19,19.61,56.12,876.77,68.18,REST_RECOMMENDED,REST_RECOMMENDED
23.76,64.69,17.34,51.55,642.69,48.03,CAUTION,REST_RECOMMENDED
33.19,13.75,20.83,56.69,2464.64,70.41,REST_REQUIRED,REST_BEFORE_NEXT_VISIT
29.48,92.6,10.41,75.88,1500.51,87.91,IMMEDIATE_REST,REST_BEFORE_NEXT_VISIT
27.6,87.41,14.42,59.21,2730.53,60.0,REST_RECOMMENDED,REST_RECOMMENDED
31.12,64.67,24.6,79.27,471.07,86.5,IMMEDIATE_REST,REST_BEFORE_NEXT_VISIT
33.08,144.08,45.99,74.81,1667.55,97.74,IMMEDIATE_REST,REST_BEFORE_NEXT_VISIT
19.85,97.4,42.4,147.12,1341.1,48.81,CAUTION,REST_RECOMMENDED
29.82,67.71,32.86,73.64,1799.58,86.0,IMMEDIATE_REST,REST_BEFORE_NEXT_VISIT
29.96,135.05,26.54,24.32,1047.56,84.0,REST_REQUIRED,REST_BEFORE_NEXT_VISIT
29.04,111.25,35.88,114.08,936.73,99.0,IMMEDIATE_REST,REST_BEFORE_NEXT_VISIT
24.89,35.01,8.73,12.46,964.77,32.66,CAUTION,MOVABLE
30.18,67.08,47.82,82.08,1311.99,90.34,IMMEDIATE_REST,REST_BEFORE_NEXT_VISIT
25.93,47.89,15.15,36.33,1437.44,59.31,REST_RECOMMENDED,REST_RECOMMENDED
28.5,86.68,33.26,131.22,1440.66,91.81,IMMEDIATE_REST,REST_BEFORE_NEXT_VISIT
25.77,148.14,28.0,82.77,661.07,75.52,REST_REQUIRED,REST_BEFORE_NEXT_VISIT
25.07,24.7,36.78,28.97,1406.15,47.0,CAUTION,REST_RECOMMENDED
25.37,38.42,30.74,41.18,1719.83,58.0,REST_RECOMMENDED,REST_RECOMMENDED
25.11,107.23,43.59,80.3,2318.75,81.71,REST_REQUIRED,REST_BEFORE_NEXT_VISIT
28.28,70.52,21.78,61.85,949.1,86.62,IMMEDIATE_REST,REST_BEFORE_NEXT_VISIT
27.16,109.13,8.95,54.49,2231.5,66.33,REST_RECOMMENDED,REST_RECOMMENDED
18.74,89.27,26.62,59.55,136.5,27.27,LOW,MOVABLE
27.74,46.81,17.87,116.15,1535.04,64.12,REST_RECOMMENDED,REST_RECOMMENDED
32.61,20.9,18.23,62.09,2177.95,67.66,REST_RECOMMENDED,REST_RECOMMENDED
27.9,75.2,46.5,120.75,729.41,79.43,REST_REQUIRED,REST_BEFORE_NEXT_VISIT
22.47,70.71,18.41,54.67,1422.64,35.0,CAUTION,MOVABLE
27.73,100.42,36.81,158.22,1162.5,85.46,IMMEDIATE_REST,REST_BEFORE_NEXT_VISIT
30.66,52.98,15.99,165.47,1119.21,74.57,REST_REQUIRED,REST_BEFORE_NEXT_VISIT
16.16,49.13,8.54,145.49,100.39,15.0,LOW,MOVABLE
20.8,82.96,29.45,155.94,541.52,37.06,CAUTION,MOVABLE
23.13,70.98,31.18,125.86,2330.75,63.77,REST_RECOMMENDED,REST_RECOMMENDED
18.76,103.49,11.06,58.33,477.75,33.8,CAUTION,MOVABLE
27.67,21.73,9.74,80.2,877.14,42.0,CAUTION,REST_RECOMMENDED
32.83,27.23,7.35,25.84,613.3,57.35,REST_RECOMMENDED,REST_RECOMMENDED
25.14,65.24,24.53,84.0,555.56,70.76,REST_REQUIRED,REST_BEFORE_NEXT_VISIT
19.55,17.81,17.41,104.25,1022.5,15.0,LOW,MOVABLE
24.4,112.75,23.29,90.05,722.21,62.38,REST_RECOMMENDED,REST_RECOMMENDED
28.73,68.65,13.8,13.29,664.54,74.5,REST_REQUIRED,REST_BEFORE_NEXT_VISIT
24.44,103.82,30.76,71.94,202.29,63.01,REST_RECOMMENDED,REST_RECOMMENDED
29.66,58.5,22.84,65.57,868.45,77.08,REST_REQUIRED,REST_BEFORE_NEXT_VISIT
26.46,75.6,36.09,54.05,321.56,66.61,REST_RECOMMENDED,REST_RECOMMENDED
27.23,41.42,48.09,107.43,1421.82,66.65,REST_RECOMMENDED,REST_RECOMMENDED
30.77,18.23,31.4,96.17,77.52,72.1,REST_REQUIRED,REST_BEFORE_NEXT_VISIT
30.65,53.61,21.88,41.98,1479.51,74.27,REST_REQUIRED,REST_BEFORE_NEXT_VISIT
28.99,53.79,26.25,67.07,1735.89,74.0,REST_REQUIRED,REST_BEFORE_NEXT_VISIT
33.02,77.16,29.15,129.44,1170.54,87.54,IMMEDIATE_REST,REST_BEFORE_NEXT_VISIT
23.73,46.48,42.15,98.37,2710.31,50.57,REST_RECOMMENDED,REST_RECOMMENDED
25.91,46.67,38.9,82.51,1270.76,62.28,REST_RECOMMENDED,REST_RECOMMENDED
23.63,104.6,17.74,44.39,951.65,53.11,REST_RECOMMENDED,REST_RECOMMENDED
26.38,59.33,45.87,110.4,1873.17,65.66,REST_RECOMMENDED,REST_RECOMMENDED
31.33,33.0,25.32,80.87,1873.41,74.34,REST_REQUIRED,REST_BEFORE_NEXT_VISIT
27.15,24.95,25.69,27.9,599.53,44.78,CAUTION,REST_RECOMMENDED
29.96,51.39,27.27,13.1,1197.25,67.0,REST_RECOMMENDED,REST_RECOMMENDED
21.59,158.32,27.41,120.54,320.6,55.0,REST_RECOMMENDED,REST_RECOMMENDED
29.58,43.92,50.83,71.5,574.4,75.57,REST_REQUIRED,REST_BEFORE_NEXT_VISIT
29.27,117.44,9.95,69.27,1899.66,90.15,IMMEDIATE_REST,REST_BEFORE_NEXT_VISIT
19.8,55.14,27.37,99.18,1275.33,34.41,CAUTION,MOVABLE
31.19,85.56,30.03,148.31,951.68,92.09,IMMEDIATE_REST,REST_BEFORE_NEXT_VISIT
22.5,84.69,50.61,114.46,981.36,56.8,REST_RECOMMENDED,REST_RECOMMENDED
21.07,32.52,13.15,87.22,552.45,31.7,CAUTION,MOVABLE
29.42,32.29,6.09,124.47,810.69,73.32,REST_REQUIRED,REST_BEFORE_NEXT_VISIT
24.37,43.03,6.78,70.18,1976.53,42.55,CAUTION,REST_RECOMMENDED
26.66,26.63,19.53,118.48,285.28,47.61,CAUTION,REST_RECOMMENDED
19.77,96.18,18.71,74.53,1725.51,38.41,CAUTION,MOVABLE
21.06,101.09,30.05,73.13,1367.45,56.6,REST_RECOMMENDED,REST_RECOMMENDED
24.6,14.33,34.79,48.1,34.61,32.28,CAUTION,MOVABLE
21.43,119.82,15.49,55.73,735.36,48.13,CAUTION,REST_RECOMMENDED
23.16,115.62,24.75,45.41,1678.13,65.06,REST_RECOMMENDED,REST_RECOMMENDED
28.08,101.63,3.96,101.0,2414.88,93.51,IMMEDIATE_REST,REST_BEFORE_NEXT_VISIT
31.08,157.59,38.42,60.69,877.24,96.18,IMMEDIATE_REST,REST_BEFORE_NEXT_VISIT
24.29,75.91,36.41,76.29,2001.16,57.66,REST_RECOMMENDED,REST_RECOMMENDED
28.15,42.18,33.81,39.71,1606.37,73.0,REST_REQUIRED,REST_BEFORE_NEXT_VISIT
31.26,95.83,39.69,113.43,1279.14,99.65,IMMEDIATE_REST,REST_BEFORE_NEXT_VISIT
25.34,71.06,29.77,76.21,76.59,63.0,REST_RECOMMENDED,REST_RECOMMENDED
24.06,68.84,17.26,103.69,758.44,53.73,REST_RECOMMENDED,REST_RECOMMENDED
20.37,68.89,9.03,68.07,649.37,28.19,LOW,MOVABLE
22.12,97.24,31.58,8.79,1311.54,53.96,REST_RECOMMENDED,REST_RECOMMENDED
28.67,32.3,23.11,115.16,1119.77,77.0,REST_REQUIRED,REST_BEFORE_NEXT_VISIT
24.46,77.79,19.17,137.93,71.34,47.0,CAUTION,REST_RECOMMENDED
23.57,56.76,22.66,88.62,690.54,42.0,CAUTION,REST_RECOMMENDED
28.55,114.84,37.54,23.37,1237.41,91.26,IMMEDIATE_REST,REST_BEFORE_NEXT_VISIT
29.64,58.49,19.52,82.67,1077.23,77.51,REST_REQUIRED,REST_BEFORE_NEXT_VISIT
30.09,47.08,37.25,8.9,2295.8,72.34,REST_REQUIRED,REST_BEFORE_NEXT_VISIT
22.49,79.51,7.97,113.15,912.66,37.81,CAUTION,MOVABLE
31.22,96.52,32.35,11.74,1095.0,91.49,IMMEDIATE_REST,REST_BEFORE_NEXT_VISIT
24.07,61.15,41.79,50.94,24.14,52.25,REST_RECOMMENDED,REST_RECOMMENDED
23.55,82.86,10.6,29.05,1565.53,42.0,CAUTION,REST_RECOMMENDED
27.87,108.09,10.56,84.37,1327.84,72.0,REST_REQUIRED,REST_BEFORE_NEXT_VISIT
25.43,81.02,15.57,68.54,1340.7,69.79,REST_RECOMMENDED,REST_BEFORE_NEXT_VISIT
25.9,139.88,45.26,143.15,1176.74,84.44,REST_REQUIRED,REST_BEFORE_NEXT_VISIT
28.31,72.35,18.44,58.94,1984.4,75.76,REST_REQUIRED,REST_BEFORE_NEXT_VISIT
23.73,49.64,29.21,115.19,806.57,47.07,CAUTION,REST_RECOMMENDED
31.19,49.72,21.86,163.24,1102.91,77.0,REST_REQUIRED,REST_BEFORE_NEXT_VISIT
23.92,60.31,20.88,121.95,1055.95,56.6,REST_RECOMMENDED,REST_RECOMMENDED
25.63,29.66,44.42,122.75,2079.44,58.71,REST_RECOMMENDED,REST_RECOMMENDED
18.16,38.04,10.99,100.79,231.95,18.0,LOW,MOVABLE
28.72,136.99,33.75,34.93,1734.93,93.27,IMMEDIATE_REST,REST_BEFORE_NEXT_VISIT
16.93,41.24,41.53,140.82,954.31,31.21,CAUTION,MOVABLE
25.85,72.9,16.65,26.99,465.13,56.91,REST_RECOMMENDED,REST_RECOMMENDED
22.36,48.86,3.79,49.18,1262.93,29.45,LOW,MOVABLE
31.84,94.49,7.86,97.95,813.11,88.96,IMMEDIATE_REST,REST_BEFORE_NEXT_VISIT
22.68,58.44,18.19,77.57,880.95,34.27,CAUTION,MOVABLE
25.52,143.38,8.0,136.96,101.84,70.67,REST_REQUIRED,REST_BEFORE_NEXT_VISIT
26.91,59.82,42.75,49.0,940.23,60.08,REST_RECOMMENDED,REST_RECOMMENDED
27.2,57.75,39.73,158.81,1284.05,65.78,REST_RECOMMENDED,REST_RECOMMENDED
20.52,52.64,9.17,147.25,282.79,18.97,LOW,MOVABLE
25.65,8.13,37.35,96.45,1126.23,61.05,REST_RECOMMENDED,REST_RECOMMENDED
20.99,12.17,32.24,50.22,365.16,18.03,LOW,MOVABLE
19.1,56.13,35.41,11.77,1105.3,26.89,LOW,MOVABLE
28.39,59.82,18.23,120.88,219.78,71.74,REST_REQUIRED,REST_BEFORE_NEXT_VISIT
29.15,56.68,16.38,93.06,1834.18,79.71,REST_REQUIRED,REST_BEFORE_NEXT_VISIT
23.82,125.15,8.63,25.73,196.17,42.0,CAUTION,REST_RECOMMENDED
21.33,36.28,28.3,103.64,541.81,36.04,CAUTION,MOVABLE
24.8,46.27,6.25,30.69,649.93,31.0,CAUTION,MOVABLE
24.28,87.47,30.13,140.02,1372.47,59.0,REST_RECOMMENDED,REST_RECOMMENDED
30.28,14.84,16.95,57.8,1789.79,62.62,REST_RECOMMENDED,REST_RECOMMENDED
23.69,127.75,36.44,44.88,1514.01,60.79,REST_RECOMMENDED,REST_RECOMMENDED
21.86,56.44,36.62,92.27,1550.89,43.86,CAUTION,REST_RECOMMENDED
18.24,32.99,26.29,101.39,1485.67,33.29,CAUTION,MOVABLE
24.73,91.92,24.75,109.65,63.53,59.98,REST_RECOMMENDED,REST_RECOMMENDED
27.39,64.04,24.42,41.91,79.23,62.71,REST_RECOMMENDED,REST_RECOMMENDED
22.6,52.38,31.65,77.85,1171.48,42.29,CAUTION,REST_RECOMMENDED
21.29,55.08,42.84,78.87,2296.2,40.89,CAUTION,REST_RECOMMENDED
29.46,86.53,27.25,140.73,665.89,86.96,IMMEDIATE_REST,REST_BEFORE_NEXT_VISIT
21.1,100.59,6.52,69.71,1992.5,44.0,CAUTION,REST_RECOMMENDED
33.89,24.52,20.77,138.75,2028.54,72.09,REST_REQUIRED,REST_BEFORE_NEXT_VISIT
29.15,158.83,25.74,48.97,991.97,88.94,IMMEDIATE_REST,REST_BEFORE_NEXT_VISIT
29.78,148.09,12.53,139.43,698.39,89.73,IMMEDIATE_REST,REST_BEFORE_NEXT_VISIT
24.71,73.84,25.88,39.94,1525.39,50.13,REST_RECOMMENDED,REST_RECOMMENDED
17.81,38.4,34.07,130.55,468.54,27.0,LOW,MOVABLE
31.45,28.55,14.89,106.29,968.51,64.77,REST_RECOMMENDED,REST_RECOMMENDED
22.72,96.75,20.48,93.49,1537.03,58.95,REST_RECOMMENDED,REST_RECOMMENDED
19.45,143.35,36.34,51.14,1513.94,42.92,CAUTION,REST_RECOMMENDED
27.05,79.69,22.32,71.84,1919.82,73.02,REST_REQUIRED,REST_BEFORE_NEXT_VISIT
28.17,92.16,17.01,29.75,1034.35,89.23,IMMEDIATE_REST,REST_BEFORE_NEXT_VISIT
17.57,40.41,5.65,70.18,208.56,15.43,LOW,MOVABLE
31.28,105.92,14.88,89.07,714.94,92.3,IMMEDIATE_REST,REST_BEFORE_NEXT_VISIT
26.26,159.48,16.01,56.0,444.96,69.03,REST_RECOMMENDED,REST_BEFORE_NEXT_VISIT
26.01,37.61,27.53,85.16,2140.54,62.17,REST_RECOMMENDED,REST_RECOMMENDED
22.32,71.69,39.88,106.41,468.32,49.03,CAUTION,REST_RECOMMENDED
24.21,84.77,20.78,28.97,884.29,44.0,CAUTION,REST_RECOMMENDED
20.62,60.7,20.17,98.28,605.63,34.93,CAUTION,MOVABLE
23.11,113.13,11.78,99.15,784.88,60.79,REST_RECOMMENDED,REST_RECOMMENDED
25.19,45.38,13.55,46.0,1029.26,53.96,REST_RECOMMENDED,REST_RECOMMENDED
18.96,77.15,32.76,160.86,224.06,34.0,CAUTION,MOVABLE
21.37,131.35,25.38,110.47,349.28,52.48,REST_RECOMMENDED,REST_RECOMMENDED
24.55,95.96,38.71,35.55,1086.03,66.25,REST_RECOMMENDED,REST_RECOMMENDED
23.06,90.32,17.3,136.44,1756.46,65.8,REST_RECOMMENDED,REST_RECOMMENDED
31.6,88.23,38.44,57.03,1616.24,86.64,IMMEDIATE_REST,REST_BEFORE_NEXT_VISIT
25.75,85.92,25.62,32.54,359.67,71.58,REST_REQUIRED,REST_BEFORE_NEXT_VISIT
20.29,57.11,13.65,72.42,771.25,24.1,LOW,MOVABLE
32.51,23.7,27.76,20.87,1027.02,65.87,REST_RECOMMENDED,REST_RECOMMENDED
29.99,65.42,9.28,62.88,1624.82,81.06,REST_REQUIRED,REST_BEFORE_NEXT_VISIT
25.48,70.61,25.82,56.86,410.46,67.95,REST_RECOMMENDED,REST_RECOMMENDED
22.97,107.84,13.77,59.53,310.42,44.09,CAUTION,REST_RECOMMENDED
27.29,47.78,16.74,13.95,1826.37,54.78,REST_RECOMMENDED,REST_RECOMMENDED
23.7,30.39,17.24,96.04,773.85,41.0,CAUTION,REST_RECOMMENDED
24.7,71.83,9.78,161.79,560.31,52.17,REST_RECOMMENDED,REST_RECOMMENDED
21.52,65.47,8.56,99.76,341.3,40.58,CAUTION,REST_RECOMMENDED
31.04,61.34,17.37,104.9,773.12,83.11,REST_REQUIRED,REST_BEFORE_NEXT_VISIT
17.73,132.55,27.52,46.23,1776.8,45.43,CAUTION,REST_RECOMMENDED
17.54,22.76,30.18,88.25,2111.42,24.34,LOW,MOVABLE
22.55,119.04,19.51,51.24,993.91,43.88,CAUTION,REST_RECOMMENDED
24.32,21.04,29.33,53.42,1267.2,35.28,CAUTION,MOVABLE
25.05,61.42,39.93,88.17,1677.15,72.74,REST_REQUIRED,REST_BEFORE_NEXT_VISIT
23.68,82.65,20.6,30.55,438.11,46.0,CAUTION,REST_RECOMMENDED
21.49,17.14,31.29,92.41,1480.35,32.32,CAUTION,MOVABLE
23.08,77.1,39.14,83.44,652.9,54.0,REST_RECOMMENDED,REST_RECOMMENDED
24.23,7.85,35.65,132.82,1372.91,42.79,CAUTION,REST_RECOMMENDED
19.12,132.91,13.49,100.47,849.77,42.62,CAUTION,REST_RECOMMENDED
28.62,68.35,5.69,33.25,1521.33,76.21,REST_REQUIRED,REST_BEFORE_NEXT_VISIT
29.5,46.25,43.83,83.93,409.17,76.76,REST_REQUIRED,REST_BEFORE_NEXT_VISIT
25.5,64.56,22.95,141.38,146.62,66.0,REST_RECOMMENDED,REST_RECOMMENDED
26.27,17.85,11.29,104.43,1792.15,58.4,REST_RECOMMENDED,REST_RECOMMENDED
17.77,48.67,29.75,93.13,1200.62,27.0,LOW,MOVABLE
19.78,76.81,35.86,26.86,505.11,30.53,CAUTION,MOVABLE
23.88,86.29,7.54,76.71,1143.08,57.9,REST_RECOMMENDED,REST_RECOMMENDED
24.15,68.47,30.13,46.95,1827.65,57.37,REST_RECOMMENDED,REST_RECOMMENDED
31.57,119.27,27.18,40.89,217.56,82.75,REST_REQUIRED,REST_BEFORE_NEXT_VISIT
31.25,12.6,20.56,114.31,355.74,70.85,REST_REQUIRED,REST_BEFORE_NEXT_VISIT
18.42,102.77,27.24,69.77,456.1,42.18,CAUTION,REST_RECOMMENDED
24.56,37.35,37.51,69.73,1678.64,50.65,REST_RECOMMENDED,REST_RECOMMENDED
21.92,123.41,13.06,81.43,248.83,52.0,REST_RECOMMENDED,REST_RECOMMENDED
15.9,52.02,20.62,45.73,748.98,23.68,LOW,MOVABLE
27.71,105.12,33.28,40.56,268.87,73.75,REST_REQUIRED,REST_BEFORE_NEXT_VISIT
23.43,79.14,35.69,102.21,2231.8,64.0,REST_RECOMMENDED,REST_RECOMMENDED
30.04,18.28,28.39,49.38,1491.77,64.76,REST_RECOMMENDED,REST_RECOMMENDED
34.48,104.39,38.57,122.01,1077.26,97.99,IMMEDIATE_REST,REST_BEFORE_NEXT_VISIT
27.71,40.75,10.56,108.09,568.6,57.35,REST_RECOMMENDED,REST_RECOMMENDED
25.31,56.63,12.7,87.3,233.06,55.48,REST_RECOMMENDED,REST_RECOMMENDED
19.34,54.02,17.5,56.27,331.88,17.31,LOW,MOVABLE
32.38,30.45,35.75,125.15,1943.72,81.03,REST_REQUIRED,REST_BEFORE_NEXT_VISIT
21.14,94.23,38.66,117.43,1388.37,63.67,REST_RECOMMENDED,REST_RECOMMENDED
18.38,43.22,20.38,39.45,110.77,18.16,LOW,MOVABLE
32.32,54.61,25.52,127.16,1638.23,83.12,REST_REQUIRED,REST_BEFORE_NEXT_VISIT
31.13,26.48,22.99,42.03,712.57,61.38,REST_RECOMMENDED,REST_RECOMMENDED
27.0,52.84,20.99,39.54,136.16,53.26,REST_RECOMMENDED,REST_RECOMMENDED
27.73,36.38,45.74,69.39,1324.76,64.77,REST_RECOMMENDED,REST_RECOMMENDED
27.55,1.75,13.18,63.59,159.22,44.63,CAUTION,REST_RECOMMENDED
22.09,117.29,33.75,45.82,1741.63,51.56,REST_RECOMMENDED,REST_RECOMMENDED
24.24,102.08,16.21,32.51,245.93,52.36,REST_RECOMMENDED,REST_RECOMMENDED
19.37,55.32,19.24,33.42,258.35,14.13,LOW,MOVABLE
33.66,82.61,19.02,97.98,1610.43,84.61,REST_REQUIRED,REST_BEFORE_NEXT_VISIT
28.84,17.55,31.83,104.64,1599.92,72.0,REST_REQUIRED,REST_BEFORE_NEXT_VISIT
20.57,65.97,42.96,139.12,2286.26,43.26,CAUTION,REST_RECOMMENDED
29.96,54.27,35.17,106.93,872.84,81.22,REST_REQUIRED,REST_BEFORE_NEXT_VISIT
30.78,171.4,11.15,19.49,674.01,78.76,REST_REQUIRED,REST_BEFORE_NEXT_VISIT
24.19,27.65,47.27,108.78,153.24,39.02,CAUTION,REST_RECOMMENDED
26.64,45.38,55.78,90.55,1286.78,65.0,REST_RECOMMENDED,REST_RECOMMENDED
26.9,55.2,32.13,45.56,905.32,58.87,REST_RECOMMENDED,REST_RECOMMENDED
20.94,134.95,29.76,108.54,411.66,43.9,CAUTION,REST_RECOMMENDED
30.47,50.82,28.61,79.78,1337.44,74.3,REST_REQUIRED,REST_BEFORE_NEXT_VISIT
24.87,109.73,7.29,116.76,654.57,55.0,REST_RECOMMENDED,REST_RECOMMENDED
33.62,63.78,13.08,111.51,1875.78,83.44,REST_REQUIRED,REST_BEFORE_NEXT_VISIT
25.96,74.05,12.39,94.19,1142.7,75.29,REST_REQUIRED,REST_BEFORE_NEXT_VISIT
33.24,47.93,23.39,97.26,591.44,78.28,REST_REQUIRED,REST_BEFORE_NEXT_VISIT
31.87,69.17,19.1,39.1,318.86,73.96,REST_REQUIRED,REST_BEFORE_NEXT_VISIT
34.43,120.65,31.52,27.9,732.39,85.0,IMMEDIATE_REST,REST_BEFORE_NEXT_VISIT
29.37,48.74,9.5,146.08,1350.47,70.0,REST_REQUIRED,REST_BEFORE_NEXT_VISIT
28.08,64.85,33.08,134.86,948.83,88.38,IMMEDIATE_REST,REST_BEFORE_NEXT_VISIT
33.25,67.85,39.15,149.81,524.22,89.22,IMMEDIATE_REST,REST_BEFORE_NEXT_VISIT
16.17,20.51,15.47,95.7,1132.15,17.46,LOW,MOVABLE
24.0,18.86,24.39,73.01,474.02,33.0,CAUTION,MOVABLE
23.87,49.91,13.54,19.4,854.91,34.37,CAUTION,MOVABLE
27.1,106.0,20.09,107.72,738.79,77.0,REST_REQUIRED,REST_BEFORE_NEXT_VISIT
22.78,33.16,33.27,45.31,375.48,33.67,CAUTION,MOVABLE
27.14,52.96,7.24,65.22,1078.64,52.0,REST_RECOMMENDED,REST_RECOMMENDED
16.95,105.47,17.42,120.06,107.38,35.86,CAUTION,MOVABLE
17.26,51.46,9.5,89.21,1854.69,18.6,LOW,MOVABLE
31.18,39.33,45.7,46.9,973.44,79.16,REST_REQUIRED,REST_BEFORE_NEXT_VISIT
27.3,116.69,40.53,70.74,1207.4,79.0,REST_REQUIRED,REST_BEFORE_NEXT_VISIT
20.78,147.03,34.08,130.49,1017.25,53.85,REST_RECOMMENDED,REST_RECOMMENDED
31.18,36.43,12.87,40.05,1055.98,69.68,REST_RECOMMENDED,REST_BEFORE_NEXT_VISIT
30.52,28.42,26.67,44.08,631.73,63.34,REST_RECOMMENDED,REST_RECOMMENDED
22.94,137.4,26.26,80.23,1630.62,51.0,REST_RECOMMENDED,REST_RECOMMENDED
26.08,91.68,6.82,16.64,1864.67,65.18,REST_RECOMMENDED,REST_RECOMMENDED
18.13,103.81,16.55,31.09,595.25,34.3,CAUTION,MOVABLE
28.26,103.66,8.02,48.99,1327.02,80.0,REST_REQUIRED,REST_BEFORE_NEXT_VISIT
25.13,88.26,29.36,49.06,530.37,64.28,REST_RECOMMENDED,REST_RECOMMENDED
29.21,16.78,3.26,88.71,2140.49,59.52,REST_RECOMMENDED,REST_RECOMMENDED
22.67,18.04,41.88,41.41,1373.84,27.56,LOW,MOVABLE
23.17,126.4,37.8,108.29,275.27,67.54,REST_RECOMMENDED,REST_RECOMMENDED
22.12,6.39,13.81,139.47,432.39,22.0,LOW,MOVABLE
28.17,58.69,48.05,47.86,311.6,73.04,REST_REQUIRED,REST_BEFORE_NEXT_VISIT
23.86,64.37,28.92,87.98,674.13,51.0,REST_RECOMMENDED,REST_RECOMMENDED
23.02,11.67,12.63,115.04,1584.84,35.87,CAUTION,MOVABLE
20.94,101.93,19.97,15.49,944.13,28.98,LOW,MOVABLE
32.57,54.89,7.54,78.91,823.13,65.0,REST_RECOMMENDED,REST_RECOMMENDED
24.3,18.45,13.43,100.99,1714.81,41.35,CAUTION,REST_RECOMMENDED
26.61,132.69,30.01,107.27,742.52,81.69,REST_REQUIRED,REST_BEFORE_NEXT_VISIT
22.1,93.87,18.99,128.09,530.52,51.95,REST_RECOMMENDED,REST_RECOMMENDED
22.65,57.82,17.8,19.63,1094.05,23.4,LOW,MOVABLE
21.78,66.78,48.6,55.89,1242.34,48.26,CAUTION,REST_RECOMMENDED
28.18,60.54,12.84,74.98,981.29,78.93,REST_REQUIRED,REST_BEFORE_NEXT_VISIT
29.21,113.01,34.55,81.45,1651.41,94.57,IMMEDIATE_REST,REST_BEFORE_NEXT_VISIT
22.04,21.72,28.99,74.4,616.89,26.61,LOW,MOVABLE
26.43,58.37,28.49,45.37,1751.78,57.49,REST_RECOMMENDED,REST_RECOMMENDED
20.08,139.29,23.88,75.9,1151.92,45.04,CAUTION,REST_RECOMMENDED
29.09,45.63,7.75,39.71,971.82,64.18,REST_RECOMMENDED,REST_RECOMMENDED
16.52,46.48,15.25,66.84,1266.92,26.25,LOW,MOVABLE
30.93,77.86,21.86,113.37,1432.35,86.0,IMMEDIATE_REST,REST_BEFORE_NEXT_VISIT
24.42,33.12,42.5,167.73,848.0,50.07,REST_RECOMMENDED,REST_RECOMMENDED
32.23,101.87,17.0,30.58,615.14,85.42,IMMEDIATE_REST,REST_BEFORE_NEXT_VISIT
30.42,32.88,30.24,92.59,122.53,76.83,REST_REQUIRED,REST_BEFORE_NEXT_VISIT
29.85,61.69,12.18,83.73,1830.47,81.34,REST_REQUIRED,REST_BEFORE_NEXT_VISIT
28.53,20.93,10.71,76.28,1104.71,71.35,REST_REQUIRED,REST_BEFORE_NEXT_VISIT
23.6,55.67,19.94,56.08,407.84,33.0,CAUTION,MOVABLE
31.0,104.43,8.88,78.18,1689.17,90.99,IMMEDIATE_REST,REST_BEFORE_NEXT_VISIT
25.43,70.21,29.12,52.47,2509.17,64.0,REST_RECOMMENDED,REST_RECOMMENDED
22.32,53.95,15.71,37.51,11.94,21.0,LOW,MOVABLE
23.42,45.41,23.89,55.92,1484.62,43.92,CAUTION,REST_RECOMMENDED
27.63,90.01,35.26,128.24,215.37,77.0,REST_REQUIRED,REST_BEFORE_NEXT_VISIT
21.09,116.34,20.61,40.13,31.25,42.0,CAUTION,REST_RECOMMENDED
25.63,36.01,44.85,54.29,495.19,58.55,REST_RECOMMENDED,REST_RECOMMENDED
25.07,75.14,34.68,89.18,1378.39,75.27,REST_REQUIRED,REST_BEFORE_NEXT_VISIT
33.66,48.98,10.73,141.98,140.49,68.0,REST_RECOMMENDED,REST_RECOMMENDED
34.48,45.3,15.73,29.01,1612.05,72.11,REST_REQUIRED,REST_BEFORE_NEXT_VISIT
23.63,60.05,8.85,44.15,1231.49,42.0,CAUTION,REST_RECOMMENDED
23.06,34.56,34.35,100.6,755.15,51.17,REST_RECOMMENDED,REST_RECOMMENDED
34.48,67.51,29.52,50.02,1421.75,82.11,REST_REQUIRED,REST_BEFORE_NEXT_VISIT
29.09,75.96,2.36,49.65,217.63,72.81,REST_REQUIRED,REST_BEFORE_NEXT_VISIT
25.29,70.57,25.66,79.1,120.95,73.68,REST_REQUIRED,REST_BEFORE_NEXT_VISIT
22.76,6.18,14.88,65.06,334.46,25.3,LOW,MOVABLE
24.64,54.71,38.42,140.59,101.35,47.84,CAUTION,REST_RECOMMENDED
17.26,116.03,8.4,58.52,99.73,26.55,LOW,MOVABLE
26.23,43.78,28.32,83.91,788.91,62.71,REST_RECOMMENDED,REST_RECOMMENDED
26.2,107.54,10.83,87.08,1978.82,75.08,REST_REQUIRED,REST_BEFORE_NEXT_VISIT
26.87,34.77,3.84,101.07,1848.88,59.16,REST_RECOMMENDED,REST_RECOMMENDED
28.98,48.76,23.51,127.61,741.2,77.11,REST_REQUIRED,REST_BEFORE_NEXT_VISIT
26.1,63.09,14.37,55.74,258.63,55.38,REST_RECOMMENDED,REST_RECOMMENDED
22.86,160.39,18.97,25.15,1940.72,41.21,CAUTION,REST_RECOMMENDED
19.9,39.85,17.16,49.97,1687.22,17.28,LOW,MOVABLE
29.28,101.32,6.1,94.51,1943.94,95.31,IMMEDIATE_REST,REST_BEFORE_NEXT_VISIT
17.94,33.38,26.87,38.41,2016.08,25.44,LOW,MOVABLE
19.54,140.55,15.21,71.49,778.7,39.04,CAUTION,REST_RECOMMENDED
32.15,59.9,31.05,40.89,119.55,68.38,REST_RECOMMENDED,REST_RECOMMENDED
24.83,108.15,10.38,52.79,590.53,56.47,REST_RECOMMENDED,REST_RECOMMENDED
25.88,2.11,10.94,5.7,1370.54,40.74,CAUTION,REST_RECOMMENDED
21.05,33.66,22.59,100.31,991.45,35.9,CAUTION,MOVABLE
31.56,91.25,5.56,67.9,192.3,79.0,REST_REQUIRED,REST_BEFORE_NEXT_VISIT
32.81,119.19,25.12,25.76,205.04,81.48,REST_REQUIRED,REST_BEFORE_NEXT_VISIT
30.49,71.91,36.59,22.86,1536.93,81.73,REST_REQUIRED,REST_BEFORE_NEXT_VISIT
29.01,103.19,15.94,58.8,429.66,84.41,REST_REQUIRED,REST_BEFORE_NEXT_VISIT
28.61,72.25,17.03,16.25,766.18,73.99,REST_REQUIRED,REST_BEFORE_NEXT_VISIT
20.82,87.52,18.97,127.87,513.38,37.46,CAUTION,MOVABLE
21.34,22.42,24.39,123.56,1675.08,34.57,CAUTION,MOVABLE
27.84,45.98,37.85,149.25,1922.56,67.45,REST_RECOMMENDED,REST_RECOMMENDED
28.09,80.18,49.31,112.65,1426.15,93.52,IMMEDIATE_REST,REST_BEFORE_NEXT_VISIT
22.06,101.18,38.88,40.01,860.57,56.07,REST_RECOMMENDED,REST_RECOMMENDED
21.31,84.78,4.29,65.02,1285.12,39.11,CAUTION,REST_RECOMMENDED
25.11,50.22,10.13,96.0,976.04,58.96,REST_RECOMMENDED,REST_RECOMMENDED
21.26,68.38,29.0,107.51,774.23,44.95,CAUTION,REST_RECOMMENDED
33.31,147.6,49.71,122.79,322.05,98.55,IMMEDIATE_REST,REST_BEFORE_NEXT_VISIT
25.25,24.9,31.8,153.9,1676.76,59.8,REST_RECOMMENDED,REST_RECOMMENDED
22.66,35.4,26.37,55.61,1782.2,35.69,CAUTION,MOVABLE
25.32,35.74,19.75,67.55,1949.02,55.0,REST_RECOMMENDED,REST_RECOMMENDED
26.55,109.06,27.64,142.02,704.34,81.09,REST_REQUIRED,REST_BEFORE_NEXT_VISIT
21.97,98.91,19.76,148.94,901.08,50.15,REST_RECOMMENDED,REST_RECOMMENDED
23.83,50.63,43.1,52.86,1588.94,47.36,CAUTION,REST_RECOMMENDED
31.76,57.7,15.12,105.59,943.19,78.47,REST_REQUIRED,REST_BEFORE_NEXT_VISIT
20.12,74.63,16.37,53.09,1176.15,26.73,LOW,MOVABLE
29.0,31.89,33.14,108.29,1567.09,80.0,REST_REQUIRED,REST_BEFORE_NEXT_VISIT
17.97,38.44,3.24,53.19,1246.0,17.62,LOW,MOVABLE
33.73,12.62,37.76,47.82,1622.1,70.09,REST_REQUIRED,REST_BEFORE_NEXT_VISIT
22.43,120.14,39.62,39.92,1480.65,57.14,REST_RECOMMENDED,REST_RECOMMENDED
21.33,80.76,33.67,54.16,734.1,40.8,CAUTION,REST_RECOMMENDED
20.84,91.43,23.96,81.02,2055.56,42.08,CAUTION,REST_RECOMMENDED
27.77,42.75,12.54,113.01,935.26,60.1,REST_RECOMMENDED,REST_RECOMMENDED
24.4,118.3,28.93,68.96,1117.18,61.0,REST_RECOMMENDED,REST_RECOMMENDED
18.01,45.52,39.84,74.42,1452.85,27.56,LOW,MOVABLE
33.3,108.39,26.81,82.83,512.57,93.53,IMMEDIATE_REST,REST_BEFORE_NEXT_VISIT
30.48,61.02,33.37,157.87,894.72,93.35,IMMEDIATE_REST,REST_BEFORE_NEXT_VISIT
16.77,84.94,28.27,50.72,114.2,24.0,LOW,MOVABLE
30.29,16.6,26.75,59.35,687.59,60.68,REST_RECOMMENDED,REST_RECOMMENDED
24.85,33.47,19.11,67.2,1284.95,40.0,CAUTION,REST_RECOMMENDED
24.35,87.41,16.22,59.71,380.41,48.11,CAUTION,REST_RECOMMENDED
23.58,64.27,17.91,101.47,66.2,54.03,REST_RECOMMENDED,REST_RECOMMENDED
24.39,121.2,28.33,113.31,279.79,62.23,REST_RECOMMENDED,REST_RECOMMENDED
34.49,49.44,46.46,111.94,565.09,78.0,REST_REQUIRED,REST_BEFORE_NEXT_VISIT
24.68,3.39,24.63,76.18,385.14,38.43,CAUTION,MOVABLE
25.23,42.07,45.78,44.15,1413.37,64.81,REST_RECOMMENDED,REST_RECOMMENDED
22.74,162.63,9.62,87.57,392.53,41.0,CAUTION,REST_RECOMMENDED
28.35,58.79,12.7,20.36,1595.85,68.69,REST_RECOMMENDED,REST_RECOMMENDED
29.23,13.27,37.71,78.09,1116.69,69.0,REST_RECOMMENDED,REST_RECOMMENDED
34.16,121.02,2.88,78.58,14.21,84.32,REST_REQUIRED,REST_BEFORE_NEXT_VISIT
22.15,89.96,24.03,77.06,842.03,41.27,CAUTION,REST_RECOMMENDED
30.01,59.15,37.37,53.68,1144.77,75.83,REST_REQUIRED,REST_BEFORE_NEXT_VISIT
27.39,123.44,14.43,132.95,470.33,74.8,REST_REQUIRED,REST_BEFORE_NEXT_VISIT
29.74,24.16,10.74,70.3,1125.93,63.83,REST_RECOMMENDED,REST_RECOMMENDED
29.62,129.44,19.6,133.01,728.74,88.66,IMMEDIATE_REST,REST_BEFORE_NEXT_VISIT
22.96,34.06,18.13,103.1,2353.76,37.26,CAUTION,MOVABLE
18.92,38.03,37.04,106.17,1349.54,36.34,CAUTION,MOVABLE
21.37,31.11,11.26,46.12,511.57,32.24,CAUTION,MOVABLE
16.6,74.58,16.45,112.14,1668.61,36.39,CAUTION,MOVABLE
29.19,93.17,31.78,66.77,227.99,92.68,IMMEDIATE_REST,REST_BEFORE_NEXT_VISIT
31.78,33.19,12.1,73.44,1078.61,70.0,REST_REQUIRED,REST_BEFORE_NEXT_VISIT
27.83,140.29,34.66,72.67,1185.22,82.01,REST_REQUIRED,REST_BEFORE_NEXT_VISIT
20.95,111.86,48.9,71.99,1615.11,44.0,CAUTION,REST_RECOMMENDED
28.78,100.71,8.5,96.27,136.3,84.76,REST_REQUIRED,REST_BEFORE_NEXT_VISIT
25.76,71.26,40.37,90.6,1606.76,74.0,REST_REQUIRED,REST_BEFORE_NEXT_VISIT
31.85,152.39,39.07,94.43,2006.07,97.82,IMMEDIATE_REST,REST_BEFORE_NEXT_VISIT
26.81,44.87,3.49,74.64,2075.76,53.88,REST_RECOMMENDED,REST_RECOMMENDED
31.02,73.08,38.91,164.22,845.95,93.16,IMMEDIATE_REST,REST_BEFORE_NEXT_VISIT
30.13,57.19,10.95,61.4,369.56,69.69,REST_RECOMMENDED,REST_BEFORE_NEXT_VISIT
19.64,94.91,37.71,145.58,951.67,47.21,CAUTION,REST_RECOMMENDED
29.45,93.6,17.48,106.43,461.29,91.5,IMMEDIATE_REST,REST_BEFORE_NEXT_VISIT
31.58,62.41,26.04,30.03,1549.3,80.83,REST_REQUIRED,REST_BEFORE_NEXT_VISIT
19.12,117.55,10.43,31.18,1046.19,38.15,CAUTION,MOVABLE
31.99,74.95,29.47,54.89,2117.39,80.08,REST_REQUIRED,REST_BEFORE_NEXT_VISIT
30.31,59.64,10.27,59.98,1898.2,67.07,REST_RECOMMENDED,REST_RECOMMENDED
20.29,83.43,48.33,70.94,2003.03,40.99,CAUTION,REST_RECOMMENDED
25.63,70.26,28.9,46.93,1164.05,67.26,REST_RECOMMENDED,REST_RECOMMENDED
21.94,93.49,4.74,121.0,2254.88,52.97,REST_RECOMMENDED,REST_RECOMMENDED
30.68,38.33,35.42,81.02,715.79,80.81,REST_REQUIRED,REST_BEFORE_NEXT_VISIT
20.84,70.93,27.03,35.35,139.34,28.76,LOW,MOVABLE
34.49,163.26,35.97,63.27,1050.87,97.32,IMMEDIATE_REST,REST_BEFORE_NEXT_VISIT
30.56,12.52,34.86,66.17,1606.98,74.04,REST_REQUIRED,REST_BEFORE_NEXT_VISIT
27.4,91.91,11.11,62.88,1428.19,75.89,REST_REQUIRED,REST_BEFORE_NEXT_VISIT
18.42,28.14,53.71,151.86,470.41,21.61,LOW,MOVABLE
27.61,49.65,23.14,68.72,450.92,56.0,REST_RECOMMENDED,REST_RECOMMENDED
31.28,56.47,20.79,115.0,1521.16,81.29,REST_REQUIRED,REST_BEFORE_NEXT_VISIT
21.46,52.38,12.67,34.81,2370.92,29.61,LOW,MOVABLE
34.64,81.27,26.98,71.37,986.47,84.73,REST_REQUIRED,REST_BEFORE_NEXT_VISIT
27.0,115.34,35.75,12.23,745.37,76.53,REST_REQUIRED,REST_BEFORE_NEXT_VISIT
25.98,110.84,23.12,46.48,1842.43,76.34,REST_REQUIRED,REST_BEFORE_NEXT_VISIT
24.86,108.33,42.03,39.35,1781.94,61.17,REST_RECOMMENDED,REST_RECOMMENDED
21.25,75.13,16.48,124.71,2419.61,51.05,REST_RECOMMENDED,REST_RECOMMENDED
22.42,32.87,19.9,115.1,1011.29,35.35,CAUTION,MOVABLE
25.04,63.51,15.62,35.07,1568.46,65.4,REST_RECOMMENDED,REST_RECOMMENDED
26.79,38.74,22.23,116.15,1038.73,67.6,REST_RECOMMENDED,REST_RECOMMENDED
26.53,74.06,51.21,48.37,597.56,71.51,REST_REQUIRED,REST_BEFORE_NEXT_VISIT
32.23,101.23,6.74,98.58,812.0,95.6,IMMEDIATE_REST,REST_BEFORE_NEXT_VISIT
28.73,18.08,17.93,119.04,645.98,67.11,REST_RECOMMENDED,REST_RECOMMENDED
20.67,95.7,17.4,31.87,1015.52,33.86,CAUTION,MOVABLE
26.21,25.07,18.44,101.68,1175.27,55.99,REST_RECOMMENDED,REST_RECOMMENDED
26.11,105.51,8.05,113.97,856.21,76.39,REST_REQUIRED,REST_BEFORE_NEXT_VISIT
17.45,50.43,5.28,83.17,1950.38,18.25,LOW,MOVABLE
22.71,49.45,9.36,39.42,630.35,24.6,LOW,MOVABLE
26.2,118.84,14.83,65.37,1281.36,77.27,REST_REQUIRED,REST_BEFORE_NEXT_VISIT
19.38,123.78,23.89,99.55,83.66,42.12,CAUTION,REST_RECOMMENDED
30.67,42.74,22.28,82.93,54.48,77.62,REST_REQUIRED,REST_BEFORE_NEXT_VISIT
19.07,120.77,16.26,104.86,2075.82,45.49,CAUTION,REST_RECOMMENDED
22.24,59.29,27.28,135.93,595.01,35.28,CAUTION,MOVABLE
28.45,67.2,13.95,41.01,927.17,76.55,REST_REQUIRED,REST_BEFORE_NEXT_VISIT
24.51,55.18,25.13,51.68,16.79,35.83,CAUTION,MOVABLE
21.75,29.56,29.08,60.54,1423.27,26.0,LOW,MOVABLE
23.56,33.25,17.07,48.79,1281.58,36.53,CAUTION,MOVABLE
32.33,139.71,46.2,128.86,1106.13,100.0,IMMEDIATE_REST,REST_BEFORE_NEXT_VISIT
20.32,41.54,23.78,74.39,1034.03,28.49,LOW,MOVABLE
28.5,121.01,9.19,53.31,550.46,79.53,REST_REQUIRED,REST_BEFORE_NEXT_VISIT
17.54,15.61,7.73,97.13,225.81,7.0,LOW,MOVABLE
20.62,75.98,17.57,82.6,1515.08,30.02,CAUTION,MOVABLE
29.42,55.74,15.12,124.22,737.1,77.63,REST_REQUIRED,REST_BEFORE_NEXT_VISIT
28.37,125.36,42.87,115.93,1685.4,100.0,IMMEDIATE_REST,REST_BEFORE_NEXT_VISIT
19.42,78.93,6.83,18.49,1548.18,26.65,LOW,MOVABLE
27.45,80.99,30.47,64.94,1317.49,73.75,REST_REQUIRED,REST_BEFORE_NEXT_VISIT
23.16,69.34,10.83,121.45,1178.07,52.83,REST_RECOMMENDED,REST_RECOMMENDED
24.23,104.21,22.88,61.14,308.24,61.68,REST_RECOMMENDED,REST_RECOMMENDED
24.5,91.57,16.68,86.17,1309.13,63.91,REST_RECOMMENDED,REST_RECOMMENDED
23.23,94.85,16.61,72.49,933.61,64.87,REST_RECOMMENDED,REST_RECOMMENDED
33.29,118.66,43.59,135.14,1233.31,100.0,IMMEDIATE_REST,REST_BEFORE_NEXT_VISIT
29.98,108.84,18.32,89.86,794.73,90.19,IMMEDIATE_REST,REST_BEFORE_NEXT_VISIT
17.59,109.18,22.57,41.1,274.65,37.74,CAUTION,MOVABLE
18.38,75.71,13.32,85.77,920.14,31.91,CAUTION,MOVABLE
26.68,55.57,10.67,44.04,914.61,53.55,REST_RECOMMENDED,REST_RECOMMENDED
25.32,47.63,13.59,6.47,2300.59,48.0,CAUTION,REST_RECOMMENDED
19.52,53.29,20.17,91.8,863.44,31.5,CAUTION,MOVABLE
27.01,52.2,30.46,104.67,748.27,67.94,REST_RECOMMENDED,REST_RECOMMENDED
26.04,94.47,33.1,39.5,1237.94,77.98,REST_REQUIRED,REST_BEFORE_NEXT_VISIT
28.29,27.1,20.65,112.58,630.67,70.8,REST_REQUIRED,REST_BEFORE_NEXT_VISIT
22.0,50.46,21.84,53.65,1115.7,30.0,CAUTION,MOVABLE
28.56,105.47,38.23,97.81,655.43,96.25,IMMEDIATE_REST,REST_BEFORE_NEXT_VISIT
32.26,26.34,13.56,29.09,742.8,60.04,REST_RECOMMENDED,REST_RECOMMENDED
25.05,113.22,5.41,92.33,1608.65,77.82,REST_REQUIRED,REST_BEFORE_NEXT_VISIT
21.67,73.74,47.71,78.56,988.21,48.13,CAUTION,REST_RECOMMENDED
19.4,8.69,44.58,114.71,1425.76,23.18,LOW,MOVABLE
29.01,109.89,40.18,12.29,963.7,85.15,IMMEDIATE_REST,REST_BEFORE_NEXT_VISIT
17.54,49.86,32.78,116.1,819.09,28.0,LOW,MOVABLE
32.77,51.87,46.09,15.05,570.73,72.93,REST_REQUIRED,REST_BEFORE_NEXT_VISIT
27.25,30.54,33.44,32.62,1818.25,60.93,REST_RECOMMENDED,REST_RECOMMENDED
31.95,35.59,34.03,129.24,198.12,78.52,REST_REQUIRED,REST_BEFORE_NEXT_VISIT
30.34,19.72,47.67,99.47,503.65,72.94,REST_REQUIRED,REST_BEFORE_NEXT_VISIT
31.17,16.3,2.43,23.05,36.04,49.55,CAUTION,REST_RECOMMENDED
25.22,93.24,39.82,20.62,624.31,71.5,REST_REQUIRED,REST_BEFORE_NEXT_VISIT
25.7,15.81,17.34,87.29,863.9,49.85,CAUTION,REST_RECOMMENDED
29.73,72.33,30.55,62.32,2006.8,87.29,IMMEDIATE_REST,REST_BEFORE_NEXT_VISIT
25.96,69.71,16.52,61.5,1145.03,65.37,REST_RECOMMENDED,REST_RECOMMENDED
26.02,45.88,14.75,63.85,5.08,53.99,REST_RECOMMENDED,REST_RECOMMENDED
19.18,129.55,41.29,107.56,1703.27,48.82,CAUTION,REST_RECOMMENDED
24.55,34.79,23.79,38.79,1127.49,40.0,CAUTION,REST_RECOMMENDED
17.27,47.02,15.0,127.33,1351.36,29.65,LOW,MOVABLE
17.98,55.49,35.54,96.62,1887.32,30.69,CAUTION,MOVABLE
30.21,101.86,14.63,59.43,319.34,83.32,REST_REQUIRED,REST_BEFORE_NEXT_VISIT
26.31,55.58,28.75,37.14,2229.85,55.14,REST_RECOMMENDED,REST_RECOMMENDED
27.0,55.18,27.57,79.14,1193.6,59.0,REST_RECOMMENDED,REST_RECOMMENDED
27.82,35.04,19.2,70.01,79.3,58.18,REST_RECOMMENDED,REST_RECOMMENDED
30.27,29.58,38.67,38.33,625.17,66.18,REST_RECOMMENDED,REST_RECOMMENDED
25.9,10.41,23.9,138.59,1365.41,54.0,REST_RECOMMENDED,REST_RECOMMENDED
20.15,91.07,31.24,130.49,616.76,52.45,REST_RECOMMENDED,REST_RECOMMENDED
29.22,61.57,30.25,13.16,897.13,77.0,REST_REQUIRED,REST_BEFORE_NEXT_VISIT
21.38,32.33,25.53,59.02,434.72,27.36,LOW,MOVABLE
31.06,80.79,7.35,36.82,1829.28,77.78,REST_REQUIRED,REST_BEFORE_NEXT_VISIT
22.68,46.78,36.26,102.94,2011.91,43.15,CAUTION,REST_RECOMMENDED
21.25,106.3,8.91,65.96,817.95,49.55,CAUTION,REST_RECOMMENDED
29.42,97.79,20.39,55.88,697.76,85.45,IMMEDIATE_REST,REST_BEFORE_NEXT_VISIT
26.21,37.95,33.53,89.72,755.13,64.57,REST_RECOMMENDED,REST_RECOMMENDED
22.99,29.16,20.4,122.45,257.3,29.87,LOW,MOVABLE
26.66,98.66,32.32,16.53,1019.97,79.52,REST_REQUIRED,REST_BEFORE_NEXT_VISIT
26.54,85.76,2.45,133.41,1732.72,67.22,REST_RECOMMENDED,REST_RECOMMENDED
32.9,45.08,11.72,127.59,760.88,71.0,REST_REQUIRED,REST_BEFORE_NEXT_VISIT
23.16,93.14,11.34,49.05,1526.43,53.0,REST_RECOMMENDED,REST_RECOMMENDED
24.23,80.66,24.18,91.73,751.22,62.13,REST_RECOMMENDED,REST_RECOMMENDED
26.81,39.06,10.94,101.82,2172.23,61.74,REST_RECOMMENDED,REST_RECOMMENDED
22.46,123.38,16.17,89.06,221.95,44.29,CAUTION,REST_RECOMMENDED
29.19,62.59,8.42,21.04,1547.41,73.32,REST_REQUIRED,REST_BEFORE_NEXT_VISIT
24.05,41.62,35.51,132.41,970.84,49.83,CAUTION,REST_RECOMMENDED
24.85,49.18,45.2,85.16,1115.74,50.82,REST_RECOMMENDED,REST_RECOMMENDED
30.5,95.91,38.42,18.19,941.1,91.48,IMMEDIATE_REST,REST_BEFORE_NEXT_VISIT
25.12,50.99,27.01,112.55,459.27,61.16,REST_RECOMMENDED,REST_RECOMMENDED
32.04,116.81,19.11,35.64,565.81,81.0,REST_REQUIRED,REST_BEFORE_NEXT_VISIT
27.59,45.28,6.36,55.72,206.81,46.11,CAUTION,REST_RECOMMENDED
26.69,70.1,13.13,77.62,1089.79,67.47,REST_RECOMMENDED,REST_RECOMMENDED
34.54,73.11,28.74,120.57,565.38,86.15,IMMEDIATE_REST,REST_BEFORE_NEXT_VISIT
33.12,38.48,21.57,78.62,362.52,77.36,REST_REQUIRED,REST_BEFORE_NEXT_VISIT
16.88,125.5,18.19,134.48,760.14,41.76,CAUTION,REST_RECOMMENDED
25.81,112.17,31.49,96.35,644.03,84.52,REST_REQUIRED,REST_BEFORE_NEXT_VISIT
30.29,25.92,22.36,137.35,1193.71,75.61,REST_REQUIRED,REST_BEFORE_NEXT_VISIT
15.94,105.37,23.89,161.35,1300.61,50.31,REST_RECOMMENDED,REST_RECOMMENDED
18.89,113.84,25.83,58.09,1409.67,41.49,CAUTION,REST_RECOMMENDED
20.25,39.85,49.48,30.29,1539.11,29.22,LOW,MOVABLE
19.12,124.66,36.45,113.37,1824.95,47.0,CAUTION,REST_RECOMMENDED
26.36,38.07,18.31,88.27,1238.47,55.0,REST_RECOMMENDED,REST_RECOMMENDED
28.88,45.4,2.71,61.6,378.34,64.65,REST_RECOMMENDED,REST_RECOMMENDED
29.21,19.16,40.86,118.78,1431.85,74.12,REST_REQUIRED,REST_BEFORE_NEXT_VISIT
25.78,94.85,35.49,123.32,647.24,81.3,REST_REQUIRED,REST_BEFORE_NEXT_VISIT
21.44,75.45,31.47,68.57,554.26,49.21,CAUTION,REST_RECOMMENDED
29.49,82.44,24.46,56.53,1276.52,82.93,REST_REQUIRED,REST_BEFORE_NEXT_VISIT
25.57,65.71,6.77,120.82,415.61,62.21,REST_RECOMMENDED,REST_RECOMMENDED
26.55,77.89,11.76,85.05,836.26,62.0,REST_RECOMMENDED,REST_RECOMMENDED
31.32,130.88,22.36,112.58,229.65,90.92,IMMEDIATE_REST,REST_BEFORE_NEXT_VISIT
22.05,87.6,18.0,104.1,358.63,47.64,CAUTION,REST_RECOMMENDED
22.73,63.34,34.72,50.6,401.56,47.37,CAUTION,REST_RECOMMENDED
25.56,73.66,33.09,108.77,1625.01,78.9,REST_REQUIRED,REST_BEFORE_NEXT_VISIT
24.46,115.43,43.21,70.96,355.08,64.43,REST_RECOMMENDED,REST_RECOMMENDED
30.09,87.47,12.69,46.15,1776.03,80.84,REST_REQUIRED,REST_BEFORE_NEXT_VISIT
21.69,39.83,8.68,35.35,1172.59,26.02,LOW,MOVABLE
20.81,133.76,18.22,74.61,658.65,35.44,CAUTION,MOVABLE
25.47,85.78,13.52,101.11,1063.45,68.43,REST_RECOMMENDED,REST_RECOMMENDED
23.6,39.3,25.86,127.44,1318.13,48.59,CAUTION,REST_RECOMMENDED
25.43,127.74,34.22,134.9,713.03,85.2,IMMEDIATE_REST,REST_BEFORE_NEXT_VISIT
24.47,58.48,26.79,107.01,139.38,45.79,CAUTION,REST_RECOMMENDED
27.63,68.48,4.81,48.49,23.84,55.82,REST_RECOMMENDED,REST_RECOMMENDED
23.46,9.93,10.98,99.89,2299.13,44.08,CAUTION,REST_RECOMMENDED
27.14,39.47,26.94,93.74,316.93,63.09,REST_RECOMMENDED,REST_RECOMMENDED
25.6,65.65,35.4,93.13,1342.46,76.18,REST_REQUIRED,REST_BEFORE_NEXT_VISIT
20.05,95.36,22.18,36.61,2216.28,37.0,CAUTION,MOVABLE
32.36,69.06,13.51,47.81,2035.64,79.15,REST_REQUIRED,REST_BEFORE_NEXT_VISIT
22.88,73.12,10.0,86.53,1862.82,41.09,CAUTION,REST_RECOMMENDED
27.26,56.81,4.03,13.46,647.16,45.03,CAUTION,REST_RECOMMENDED
30.52,100.04,12.38,38.66,1895.12,83.0,REST_REQUIRED,REST_BEFORE_NEXT_VISIT
25.01,94.15,29.29,125.76,1332.58,79.0,REST_REQUIRED,REST_BEFORE_NEXT_VISIT
30.23,9.56,39.9,143.44,256.15,75.33,REST_REQUIRED,REST_BEFORE_NEXT_VISIT
24.16,133.77,13.21,48.38,1807.22,58.33,REST_RECOMMENDED,REST_RECOMMENDED
27.16,128.63,39.23,64.62,861.36,79.18,REST_REQUIRED,REST_BEFORE_NEXT_VISIT
21.32,56.14,12.11,31.34,959.71,24.89,LOW,MOVABLE
16.12,54.35,32.83,90.71,382.9,28.58,LOW,MOVABLE
15.41,68.42,7.97,54.96,1175.07,27.84,LOW,MOVABLE
25.77,74.42,34.24,32.3,1530.67,67.0,REST_RECOMMENDED,REST_RECOMMENDED
23.06,75.86,42.43,22.39,1407.53,53.12,REST_RECOMMENDED,REST_RECOMMENDED
19.35,92.13,8.16,57.14,602.96,33.77,CAUTION,MOVABLE
28.7,63.54,25.65,13.09,841.83,77.02,REST_REQUIRED,REST_BEFORE_NEXT_VISIT
30.71,26.25,9.05,170.7,1353.33,63.61,REST_RECOMMENDED,REST_RECOMMENDED
31.58,24.38,29.73,93.69,1463.6,75.07,REST_REQUIRED,REST_BEFORE_NEXT_VISIT
21.46,29.51,44.42,128.15,742.28,31.67,CAUTION,MOVABLE
20.52,68.46,13.84,94.37,1342.2,34.68,CAUTION,MOVABLE
23.97,32.05,32.16,114.45,499.96,49.76,CAUTION,REST_RECOMMENDED
29.2,85.88,6.24,76.44,857.24,76.83,REST_REQUIRED,REST_BEFORE_NEXT_VISIT
31.29,79.98,17.46,108.17,474.78,83.33,REST_REQUIRED,REST_BEFORE_NEXT_VISIT
25.32,57.85,38.96,115.67,1738.35,65.25,REST_RECOMMENDED,REST_RECOMMENDED
25.07,143.6,14.88,134.02,381.41,72.7,REST_REQUIRED,REST_BEFORE_NEXT_VISIT
22.4,39.21,11.69,112.04,891.52,31.77,CAUTION,MOVABLE
30.18,57.0,40.18,59.01,1862.91,84.27,REST_REQUIRED,REST_BEFORE_NEXT_VISIT
27.22,117.16,9.81,131.82,1192.39,72.0,REST_REQUIRED,REST_BEFORE_NEXT_VISIT
27.01,42.33,34.36,44.95,611.22,57.55,REST_RECOMMENDED,REST_RECOMMENDED
25.69,67.07,22.22,131.52,196.23,66.85,REST_RECOMMENDED,REST_RECOMMENDED
19.12,25.47,41.45,68.22,1263.54,21.46,LOW,MOVABLE
29.63,16.27,8.25,75.16,2849.1,59.6,REST_RECOMMENDED,REST_RECOMMENDED
27.4,138.95,33.79,46.66,2494.27,81.27,REST_REQUIRED,REST_BEFORE_NEXT_VISIT
31.85,115.86,28.54,64.35,132.46,89.08,IMMEDIATE_REST,REST_BEFORE_NEXT_VISIT
29.94,69.35,25.23,84.29,849.59,87.04,IMMEDIATE_REST,REST_BEFORE_NEXT_VISIT
15.39,50.19,29.98,95.19,525.29,25.0,LOW,MOVABLE
32.73,143.52,14.18,109.72,581.87,88.0,IMMEDIATE_REST,REST_BEFORE_NEXT_VISIT
30.96,103.1,11.98,10.03,1147.59,80.73,REST_REQUIRED,REST_BEFORE_NEXT_VISIT
28.75,138.22,10.14,73.91,371.79,91.36,IMMEDIATE_REST,REST_BEFORE_NEXT_VISIT
25.25,17.96,37.81,42.1,922.61,54.93,REST_RECOMMENDED,REST_RECOMMENDED
29.54,61.68,19.77,138.5,1182.28,84.5,REST_REQUIRED,REST_BEFORE_NEXT_VISIT
28.37,7.69,13.5,81.81,1171.41,67.12,REST_RECOMMENDED,REST_RECOMMENDED
22.77,39.51,41.22,12.04,704.47,28.0,LOW,MOVABLE
33.55,140.02,20.28,103.12,802.47,97.76,IMMEDIATE_REST,REST_BEFORE_NEXT_VISIT
31.19,24.48,18.53,76.75,75.74,60.08,REST_RECOMMENDED,REST_RECOMMENDED
22.8,70.06,31.96,34.15,1950.03,46.18,CAUTION,REST_RECOMMENDED
26.58,95.11,36.9,65.79,1377.79,82.29,REST_REQUIRED,REST_BEFORE_NEXT_VISIT
17.57,86.07,15.15,118.16,185.5,32.06,CAUTION,MOVABLE
23.78,22.07,12.12,79.48,1577.57,35.57,CAUTION,MOVABLE
22.56,63.16,20.11,130.35,382.79,45.96,CAUTION,REST_RECOMMENDED
28.14,55.24,20.01,12.42,286.2,64.63,REST_RECOMMENDED,REST_RECOMMENDED
24.79,102.48,39.91,10.75,1315.15,58.49,REST_RECOMMENDED,REST_RECOMMENDED
25.96,88.47,7.59,98.77,986.6,63.74,REST_RECOMMENDED,REST_RECOMMENDED
28.8,44.74,20.55,90.86,769.4,75.36,REST_REQUIRED,REST_BEFORE_NEXT_VISIT
34.24,89.71,6.66,53.25,1382.83,77.02,REST_REQUIRED,REST_BEFORE_NEXT_VISIT
23.36,23.02,31.92,121.23,902.85,46.86,CAUTION,REST_RECOMMENDED
24.7,35.03,4.16,69.82,1321.21,38.65,CAUTION,MOVABLE
27.65,22.19,16.01,12.03,597.41,38.0,CAUTION,MOVABLE
28.75,42.44,22.46,40.37,1253.46,70.21,REST_REQUIRED,REST_BEFORE_NEXT_VISIT
25.27,62.4,51.82,22.27,320.21,61.0,REST_RECOMMENDED,REST_RECOMMENDED
25.11,107.35,40.0,20.92,1487.93,76.23,REST_REQUIRED,REST_BEFORE_NEXT_VISIT
28.74,39.02,28.39,86.6,1683.16,74.0,REST_REQUIRED,REST_BEFORE_NEXT_VISIT
18.12,118.22,18.49,48.52,2228.37,37.02,CAUTION,MOVABLE
24.67,146.67,36.09,62.69,651.92,64.95,REST_RECOMMENDED,REST_RECOMMENDED
19.13,37.66,37.87,55.4,1679.42,25.45,LOW,MOVABLE
27.91,50.77,27.88,49.59,1113.29,56.77,REST_RECOMMENDED,REST_RECOMMENDED
23.02,36.9,41.11,135.19,852.24,51.08,REST_RECOMMENDED,REST_RECOMMENDED
21.18,141.76,27.58,156.64,464.0,56.8,REST_RECOMMENDED,REST_RECOMMENDED
26.18,90.54,16.31,127.1,537.53,79.32,REST_REQUIRED,REST_BEFORE_NEXT_VISIT
20.05,44.49,16.62,62.91,654.58,18.1,LOW,MOVABLE
21.63,74.19,18.43,52.91,978.81,36.65,CAUTION,MOVABLE
16.85,67.21,10.78,87.6,1150.24,29.0,LOW,MOVABLE
26.84,109.81,46.99,74.62,616.43,80.22,REST_REQUIRED,REST_BEFORE_NEXT_VISIT
31.09,70.62,5.91,140.95,476.93,76.0,REST_REQUIRED,REST_BEFORE_NEXT_VISIT
34.36,107.52,17.44,77.4,164.33,82.0,REST_REQUIRED,REST_BEFORE_NEXT_VISIT
21.15,47.99,13.61,88.89,2012.92,36.94,CAUTION,MOVABLE
28.97,50.48,19.01,84.7,2441.43,70.0,REST_REQUIRED,REST_BEFORE_NEXT_VISIT
21.88,73.79,6.09,20.4,1643.71,37.26,CAUTION,MOVABLE
18.59,87.93,25.77,85.16,1100.49,39.19,CAUTION,REST_RECOMMENDED
25.95,23.56,27.81,8.12,784.18,45.57,CAUTION,REST_RECOMMENDED
31.93,10.91,26.81,56.75,610.31,67.59,REST_RECOMMENDED,REST_RECOMMENDED
19.85,61.29,35.57,53.85,1609.45,32.0,CAUTION,MOVABLE
24.55,116.78,37.56,21.54,917.27,55.14,REST_RECOMMENDED,REST_RECOMMENDED
23.48,151.8,22.29,81.09,522.26,62.65,REST_RECOMMENDED,REST_RECOMMENDED
27.07,60.42,23.59,105.97,57.36,66.96,REST_RECOMMENDED,REST_RECOMMENDED
31.14,121.86,20.33,91.93,638.21,92.0,IMMEDIATE_REST,REST_BEFORE_NEXT_VISIT
26.35,104.78,20.03,40.48,465.19,75.98,REST_REQUIRED,REST_BEFORE_NEXT_VISIT
26.95,116.19,26.05,72.24,1675.12,79.43,REST_REQUIRED,REST_BEFORE_NEXT_VISIT
25.44,125.58,16.31,81.13,779.19,71.6,REST_REQUIRED,REST_BEFORE_NEXT_VISIT
28.76,105.53,36.02,5.12,382.24,88.36,IMMEDIATE_REST,REST_BEFORE_NEXT_VISIT
31.85,77.72,40.82,67.41,396.04,85.69,IMMEDIATE_REST,REST_BEFORE_NEXT_VISIT
18.03,97.25,29.85,123.79,131.48,43.51,CAUTION,REST_RECOMMENDED
18.42,73.28,15.38,28.95,503.65,23.71,LOW,MOVABLE
21.69,28.26,16.91,116.1,162.99,20.0,LOW,MOVABLE
31.36,123.2,46.21,68.27,1495.0,98.96,IMMEDIATE_REST,REST_BEFORE_NEXT_VISIT
32.02,52.42,18.71,55.11,715.19,65.58,REST_RECOMMENDED,REST_RECOMMENDED
26.48,41.67,19.92,60.73,1235.4,57.17,REST_RECOMMENDED,REST_RECOMMENDED
16.42,84.94,32.79,99.77,1452.19,42.98,CAUTION,REST_RECOMMENDED
24.69,107.33,41.49,113.48,1471.38,69.2,REST_RECOMMENDED,REST_BEFORE_NEXT_VISIT
26.89,129.19,17.38,72.01,1022.03,72.0,REST_REQUIRED,REST_BEFORE_NEXT_VISIT
23.23,116.0,39.89,40.47,1428.14,64.66,REST_RECOMMENDED,REST_RECOMMENDED
29.87,89.34,6.28,97.43,634.84,82.14,REST_REQUIRED,REST_BEFORE_NEXT_VISIT
20.32,88.38,8.42,43.59,519.27,20.0,LOW,MOVABLE
21.94,68.79,48.59,40.13,1136.61,42.0,CAUTION,REST_RECOMMENDED
33.0,77.84,47.97,88.06,663.23,84.22,REST_REQUIRED,REST_BEFORE_NEXT_VISIT
24.39,25.04,20.69,111.71,224.69,38.76,CAUTION,MOVABLE
28.47,32.96,19.44,68.77,619.64,68.81,REST_RECOMMENDED,REST_RECOMMENDED
18.78,80.74,24.85,124.22,1024.56,39.35,CAUTION,REST_RECOMMENDED
24.49,8.1,26.61,24.33,564.18,35.52,CAUTION,MOVABLE
22.72,80.02,15.51,23.78,977.41,33.48,CAUTION,MOVABLE
29.28,65.96,32.38,91.48,2519.51,91.6,IMMEDIATE_REST,REST_BEFORE_NEXT_VISIT
21.97,55.73,19.57,11.36,926.29,22.39,LOW,MOVABLE
23.6,48.41,26.55,106.53,578.79,51.4,REST_RECOMMENDED,REST_RECOMMENDED
27.45,104.38,36.05,23.72,2129.21,76.03,REST_REQUIRED,REST_BEFORE_NEXT_VISIT
19.03,70.55,22.69,74.97,2474.93,35.1,CAUTION,MOVABLE
24.79,37.03,28.68,94.43,1901.94,47.0,CAUTION,REST_RECOMMENDED
20.58,35.92,39.08,131.42,393.63,27.0,LOW,MOVABLE
24.58,48.09,33.23,72.71,1188.63,52.14,REST_RECOMMENDED,REST_RECOMMENDED
26.77,33.54,13.4,51.7,2232.53,53.36,REST_RECOMMENDED,REST_RECOMMENDED
27.43,147.52,23.53,63.06,2102.06,80.68,REST_REQUIRED,REST_BEFORE_NEXT_VISIT
28.33,86.19,39.7,118.71,524.17,87.0,IMMEDIATE_REST,REST_BEFORE_NEXT_VISIT
30.47,90.97,23.48,72.74,1139.85,99.47,IMMEDIATE_REST,REST_BEFORE_NEXT_VISIT
30.4,55.37,31.41,46.46,721.7,72.01,REST_REQUIRED,REST_BEFORE_NEXT_VISIT
27.53,122.46,11.78,136.21,367.54,73.09,REST_REQUIRED,REST_BEFORE_NEXT_VISIT
24.6,28.84,15.66,111.78,1093.42,40.24,CAUTION,REST_RECOMMENDED
31.32,33.05,11.33,99.56,913.92,76.83,REST_REQUIRED,REST_BEFORE_NEXT_VISIT
26.02,94.3,24.47,91.77,882.88,77.0,REST_REQUIRED,REST_BEFORE_NEXT_VISIT
27.34,70.34,9.8,78.83,1765.91,61.0,REST_RECOMMENDED,REST_RECOMMENDED
17.23,76.71,12.52,118.78,167.69,30.16,CAUTION,MOVABLE
23.43,32.85,18.3,103.04,1515.27,46.02,CAUTION,REST_RECOMMENDED
26.42,83.53,40.11,54.38,1297.96,70.8,REST_REQUIRED,REST_BEFORE_NEXT_VISIT
25.87,33.46,46.78,105.07,1534.34,71.27,REST_REQUIRED,REST_BEFORE_NEXT_VISIT
23.11,82.51,32.97,110.2,721.46,63.16,REST_RECOMMENDED,REST_RECOMMENDED
26.15,112.99,29.15,151.21,1939.85,79.32,REST_REQUIRED,REST_BEFORE_NEXT_VISIT
27.43,104.61,24.0,33.0,1980.36,79.04,REST_REQUIRED,REST_BEFORE_NEXT_VISIT
15.83,60.79,30.59,71.78,924.99,36.43,CAUTION,MOVABLE
25.36,160.83,45.98,138.63,1031.83,83.14,REST_REQUIRED,REST_BEFORE_NEXT_VISIT
21.64,55.83,19.65,151.88,1003.47,37.43,CAUTION,MOVABLE
29.37,40.98,16.96,138.69,808.71,76.46,REST_REQUIRED,REST_BEFORE_NEXT_VISIT
27.71,93.07,45.36,9.82,1098.12,75.58,REST_REQUIRED,REST_BEFORE_NEXT_VISIT
27.02,32.6,33.64,53.43,1613.26,63.66,REST_RECOMMENDED,REST_RECOMMENDED
17.05,85.84,5.79,15.75,659.48,19.08,LOW,MOVABLE
29.29,114.46,52.29,19.5,1459.29,96.1,IMMEDIATE_REST,REST_BEFORE_NEXT_VISIT
19.63,116.8,5.18,145.25,545.01,36.6,CAUTION,MOVABLE
27.57,129.29,38.32,110.8,641.76,84.41,REST_REQUIRED,REST_BEFORE_NEXT_VISIT
26.93,35.37,28.17,61.76,1633.07,62.16,REST_RECOMMENDED,REST_RECOMMENDED
23.83,29.39,13.73,81.99,157.4,30.81,CAUTION,MOVABLE
33.44,2.17,2.65,77.86,66.15,54.36,REST_RECOMMENDED,REST_RECOMMENDED
26.92,68.92,29.81,80.78,1100.69,72.06,REST_REQUIRED,REST_BEFORE_NEXT_VISIT
30.69,79.2,26.2,103.4,1717.35,94.6,IMMEDIATE_REST,REST_BEFORE_NEXT_VISIT
22.09,85.04,21.57,144.36,1291.64,46.0,CAUTION,REST_RECOMMENDED
28.06,17.46,39.59,64.28,1147.79,73.21,REST_REQUIRED,REST_BEFORE_NEXT_VISIT
18.8,81.09,44.64,55.32,457.95,31.76,CAUTION,MOVABLE
17.39,87.63,32.6,55.42,1616.72,38.78,CAUTION,MOVABLE
26.59,61.46,17.64,23.03,1629.42,64.77,REST_RECOMMENDED,REST_RECOMMENDED
25.25,110.37,31.57,126.87,516.21,82.58,REST_REQUIRED,REST_BEFORE_NEXT_VISIT
24.28,22.3,5.85,65.73,255.25,27.18,LOW,MOVABLE
21.75,32.21,5.64,40.32,1665.84,31.46,CAUTION,MOVABLE
19.34,54.54,10.96,102.9,1710.29,31.8,CAUTION,MOVABLE
32.37,49.22,27.93,26.09,1398.27,76.57,REST_REQUIRED,REST_BEFORE_NEXT_VISIT
21.43,47.4,26.94,53.16,188.64,26.21,LOW,MOVABLE
31.02,46.05,13.06,151.48,350.9,71.13,REST_REQUIRED,REST_BEFORE_NEXT_VISIT
33.65,127.58,48.1,79.68,1386.22,100.0,IMMEDIATE_REST,REST_BEFORE_NEXT_VISIT
27.89,71.43,31.45,62.4,1240.59,76.78,REST_REQUIRED,REST_BEFORE_NEXT_VISIT
27.67,126.32,9.69,55.89,591.1,66.45,REST_RECOMMENDED,REST_RECOMMENDED
31.12,38.34,18.61,77.82,1367.72,77.17,REST_REQUIRED,REST_BEFORE_NEXT_VISIT
31.74,118.74,41.37,128.81,1306.52,97.0,IMMEDIATE_REST,REST_BEFORE_NEXT_VISIT
32.12,70.66,11.93,56.87,529.02,74.23,REST_REQUIRED,REST_BEFORE_NEXT_VISIT
30.34,36.13,16.53,43.77,636.31,66.09,REST_RECOMMENDED,REST_RECOMMENDED
32.93,45.32,24.08,52.06,808.81,72.52,REST_REQUIRED,REST_BEFORE_NEXT_VISIT
24.28,31.09,23.7,84.78,1035.51,50.44,REST_RECOMMENDED,REST_RECOMMENDED
20.02,60.71,4.05,117.95,2333.1,33.03,CAUTION,MOVABLE
22.01,52.35,16.12,33.89,1075.82,26.0,LOW,MOVABLE
31.22,62.33,26.69,57.66,1162.93,85.06,IMMEDIATE_REST,REST_BEFORE_NEXT_VISIT
23.8,73.18,11.48,54.02,1318.47,49.08,CAUTION,REST_RECOMMENDED
29.87,43.8,19.46,95.4,1723.27,76.16,REST_REQUIRED,REST_BEFORE_NEXT_VISIT
16.05,60.19,11.94,128.19,755.28,30.0,CAUTION,MOVABLE
31.69,74.79,8.36,56.78,771.48,70.84,REST_REQUIRED,REST_BEFORE_NEXT_VISIT
24.52,86.56,17.15,131.26,2066.38,53.3,REST_RECOMMENDED,REST_RECOMMENDED
31.26,51.85,32.78,119.35,237.77,81.79,REST_REQUIRED,REST_BEFORE_NEXT_VISIT
23.4,112.36,18.09,101.25,1076.38,66.27,REST_RECOMMENDED,REST_RECOMMENDED
19.56,117.1,11.26,117.41,1881.5,40.0,CAUTION,REST_RECOMMENDED
23.25,112.85,20.26,97.73,914.08,68.09,REST_RECOMMENDED,REST_RECOMMENDED
22.87,39.89,4.33,103.89,68.91,29.26,LOW,MOVABLE
22.65,26.79,21.67,109.21,563.71,27.77,LOW,MOVABLE
22.11,39.41,37.1,88.75,138.22,35.48,CAUTION,MOVABLE
31.95,85.24,12.78,42.9,692.58,80.28,REST_REQUIRED,REST_BEFORE_NEXT_VISIT
27.97,101.24,26.72,74.8,633.16,74.0,REST_REQUIRED,REST_BEFORE_NEXT_VISIT
24.63,14.44,22.8,36.14,690.25,33.5,CAUTION,MOVABLE
18.67,23.76,8.3,99.73,314.57,9.35,LOW,MOVABLE
23.54,5.79,31.51,42.15,1950.95,39.76,CAUTION,REST_RECOMMENDED
18.92,96.25,18.38,44.8,521.93,31.0,CAUTION,MOVABLE
17.86,29.79,3.97,31.02,1603.63,6.96,LOW,MOVABLE
33.14,151.62,23.1,46.07,2586.0,88.38,IMMEDIATE_REST,REST_BEFORE_NEXT_VISIT
25.66,116.0,40.7,59.8,1858.99,77.67,REST_REQUIRED,REST_BEFORE_NEXT_VISIT
23.65,106.59,10.12,22.17,1864.3,52.07,REST_RECOMMENDED,REST_RECOMMENDED
29.84,50.26,43.79,103.48,333.43,83.0,REST_REQUIRED,REST_BEFORE_NEXT_VISIT
27.43,127.97,25.57,107.97,1046.53,79.09,REST_REQUIRED,REST_BEFORE_NEXT_VISIT
18.84,38.85,26.06,68.0,1605.8,29.38,LOW,MOVABLE
30.1,121.73,46.68,90.44,826.48,98.9,IMMEDIATE_REST,REST_BEFORE_NEXT_VISIT
18.92,167.69,35.39,71.06,1046.89,48.98,CAUTION,REST_RECOMMENDED
18.02,82.28,16.97,151.85,1029.85,32.0,CAUTION,MOVABLE
20.66,22.45,26.69,59.06,473.46,12.38,LOW,MOVABLE
26.62,46.65,15.57,59.69,605.2,56.26,REST_RECOMMENDED,REST_RECOMMENDED
24.67,41.86,15.96,132.76,591.98,45.04,CAUTION,REST_RECOMMENDED
17.87,15.37,3.47,141.21,305.41,13.04,LOW,MOVABLE
30.86,74.04,39.55,83.26,2127.35,89.61,IMMEDIATE_REST,REST_BEFORE_NEXT_VISIT
22.88,67.42,53.59,134.52,1532.78,53.45,REST_RECOMMENDED,REST_RECOMMENDED
26.46,40.33,25.59,87.21,941.91,57.0,REST_RECOMMENDED,REST_RECOMMENDED
29.82,67.62,9.92,96.37,177.29,75.32,REST_REQUIRED,REST_BEFORE_NEXT_VISIT
27.17,53.11,36.29,12.2,1252.22,55.0,REST_RECOMMENDED,REST_RECOMMENDED
22.49,105.43,33.36,17.81,604.01,45.0,CAUTION,REST_RECOMMENDED
33.01,13.44,15.81,83.75,1281.19,65.22,REST_RECOMMENDED,REST_RECOMMENDED
19.66,82.67,23.64,82.36,1822.51,35.32,CAUTION,MOVABLE
18.16,22.31,11.91,103.53,310.75,15.05,LOW,MOVABLE
22.88,64.27,29.9,89.97,172.42,41.55,CAUTION,REST_RECOMMENDED
28.01,4.61,17.23,79.21,1284.36,62.0,REST_RECOMMENDED,REST_RECOMMENDED
28.97,125.79,8.82,15.44,1669.56,77.0,REST_REQUIRED,REST_BEFORE_NEXT_VISIT
31.39,74.87,30.48,64.25,1056.42,88.19,IMMEDIATE_REST,REST_BEFORE_NEXT_VISIT
27.81,93.94,20.13,31.68,182.15,68.45,REST_RECOMMENDED,REST_RECOMMENDED
27.34,60.14,43.62,121.79,397.27,77.99,REST_REQUIRED,REST_BEFORE_NEXT_VISIT
25.15,100.71,14.0,107.46,2174.44,75.0,REST_REQUIRED,REST_BEFORE_NEXT_VISIT
21.73,65.49,30.39,139.82,2530.91,54.46,REST_RECOMMENDED,REST_RECOMMENDED
26.56,68.76,24.49,63.19,1186.98,68.0,REST_RECOMMENDED,REST_RECOMMENDED
16.16,10.86,13.45,142.51,815.01,14.33,LOW,MOVABLE
26.74,72.74,19.75,174.63,355.08,64.8,REST_RECOMMENDED,REST_RECOMMENDED
22.93,47.51,37.63,41.97,1514.42,33.0,CAUTION,MOVABLE
18.56,136.24,29.53,112.58,496.83,41.0,CAUTION,REST_RECOMMENDED
27.53,41.49,8.14,24.75,1301.63,49.58,CAUTION,REST_RECOMMENDED
20.62,114.02,31.3,112.94,1366.41,50.98,REST_RECOMMENDED,REST_RECOMMENDED
29.76,37.05,46.81,32.84,1123.77,76.89,REST_REQUIRED,REST_BEFORE_NEXT_VISIT
28.58,32.63,15.55,89.57,2017.71,72.86,REST_REQUIRED,REST_BEFORE_NEXT_VISIT
20.74,49.17,23.45,84.29,487.42,25.69,LOW,MOVABLE
32.26,98.08,37.3,6.47,1916.94,89.91,IMMEDIATE_REST,REST_BEFORE_NEXT_VISIT
23.44,17.41,36.86,34.33,209.74,32.11,CAUTION,MOVABLE
19.05,78.42,11.04,121.9,174.91,29.2,LOW,MOVABLE
30.94,104.76,8.3,108.83,741.65,85.0,IMMEDIATE_REST,REST_BEFORE_NEXT_VISIT
30.25,47.59,18.64,120.04,1394.0,74.47,REST_REQUIRED,REST_BEFORE_NEXT_VISIT
29.59,85.88,19.15,103.16,1983.04,83.78,REST_REQUIRED,REST_BEFORE_NEXT_VISIT
28.99,51.13,30.35,148.14,1276.84,81.17,REST_REQUIRED,REST_BEFORE_NEXT_VISIT
28.49,24.87,19.89,102.84,760.19,63.07,REST_RECOMMENDED,REST_RECOMMENDED
29.53,118.74,22.67,50.98,2126.15,91.11,IMMEDIATE_REST,REST_BEFORE_NEXT_VISIT
23.48,142.67,21.18,37.14,1032.29,57.0,REST_RECOMMENDED,REST_RECOMMENDED
30.47,15.93,18.33,85.29,700.37,62.37,REST_RECOMMENDED,REST_RECOMMENDED
30.65,68.72,40.18,92.7,247.27,87.51,IMMEDIATE_REST,REST_BEFORE_NEXT_VISIT
22.02,96.89,27.44,42.92,27.36,42.0,CAUTION,REST_RECOMMENDED
30.61,109.05,8.82,126.61,292.21,82.0,REST_REQUIRED,REST_BEFORE_NEXT_VISIT
25.26,98.36,15.83,98.81,799.85,75.56,REST_REQUIRED,REST_BEFORE_NEXT_VISIT
30.11,75.19,26.32,90.54,782.44,84.17,REST_REQUIRED,REST_BEFORE_NEXT_VISIT
17.59,48.86,13.49,42.33,615.88,14.0,LOW,MOVABLE
29.55,71.11,20.46,111.73,1257.3,88.57,IMMEDIATE_REST,REST_BEFORE_NEXT_VISIT
20.15,47.72,17.17,59.46,1358.59,18.46,LOW,MOVABLE
25.45,33.9,16.17,55.34,1676.82,53.72,REST_RECOMMENDED,REST_RECOMMENDED
23.94,10.5,28.9,18.16,1069.2,34.7,CAUTION,MOVABLE
26.66,39.05,13.97,55.17,455.85,53.02,REST_RECOMMENDED,REST_RECOMMENDED
29.59,141.99,26.68,73.85,730.72,89.66,IMMEDIATE_REST,REST_BEFORE_NEXT_VISIT
25.79,124.53,4.44,60.18,719.79,67.55,REST_RECOMMENDED,REST_RECOMMENDED
26.91,112.36,6.15,85.55,728.3,67.0,REST_RECOMMENDED,REST_RECOMMENDED
24.06,115.91,40.77,79.75,899.43,66.51,REST_RECOMMENDED,REST_RECOMMENDED
30.88,85.42,29.72,127.23,378.22,87.21,IMMEDIATE_REST,REST_BEFORE_NEXT_VISIT
18.79,113.91,21.43,92.68,1999.71,48.17,CAUTION,REST_RECOMMENDED
27.81,81.83,16.92,130.65,292.55,66.29,REST_RECOMMENDED,REST_RECOMMENDED
25.19,71.01,34.47,40.61,1090.32,71.13,REST_REQUIRED,REST_BEFORE_NEXT_VISIT
20.4,79.55,24.57,112.99,688.68,37.02,CAUTION,MOVABLE
21.2,31.72,25.32,44.04,999.21,36.28,CAUTION,MOVABLE
27.15,84.74,45.6,57.63,205.55,63.37,REST_RECOMMENDED,REST_RECOMMENDED
21.06,58.86,46.84,95.66,16.26,35.54,CAUTION,MOVABLE
26.55,150.09,7.03,41.44,270.61,60.0,REST_RECOMMENDED,REST_RECOMMENDED
25.55,66.68,8.29,141.29,593.62,64.2,REST_RECOMMENDED,REST_RECOMMENDED
17.54,34.22,23.33,99.24,1533.49,28.38,LOW,MOVABLE
34.03,75.72,24.77,29.57,1667.9,80.79,REST_REQUIRED,REST_BEFORE_NEXT_VISIT
27.14,63.09,33.68,70.59,405.02,68.0,REST_RECOMMENDED,REST_RECOMMENDED
22.14,112.57,17.08,105.19,1411.85,55.6,REST_RECOMMENDED,REST_RECOMMENDED
25.66,16.72,32.59,105.94,2201.6,60.67,REST_RECOMMENDED,REST_RECOMMENDED
20.08,84.98,20.67,73.79,1227.97,33.11,CAUTION,MOVABLE
17.68,134.11,29.15,92.14,867.06,46.58,CAUTION,REST_RECOMMENDED
22.76,62.78,15.98,129.95,653.38,46.89,CAUTION,REST_RECOMMENDED
22.99,87.76,19.17,72.86,2043.5,39.0,CAUTION,MOVABLE
23.25,73.04,5.94,94.93,1270.44,55.4,REST_RECOMMENDED,REST_RECOMMENDED
30.31,38.0,39.28,44.81,1323.13,76.86,REST_REQUIRED,REST_BEFORE_NEXT_VISIT
29.38,83.9,35.8,95.47,1335.0,95.13,IMMEDIATE_REST,REST_BEFORE_NEXT_VISIT
22.13,103.44,7.92,38.88,1494.16,42.77,CAUTION,REST_RECOMMENDED
17.88,35.49,39.42,119.79,1118.19,31.82,CAUTION,MOVABLE
27.96,58.04,22.17,105.56,1063.8,66.45,REST_RECOMMENDED,REST_RECOMMENDED
25.92,46.9,16.38,54.96,487.4,48.07,CAUTION,REST_RECOMMENDED
30.62,88.2,11.91,83.42,153.82,77.53,REST_REQUIRED,REST_BEFORE_NEXT_VISIT
33.28,123.52,29.32,146.66,1571.22,96.17,IMMEDIATE_REST,REST_BEFORE_NEXT_VISIT
23.4,96.73,21.12,76.6,640.96,59.35,REST_RECOMMENDED,REST_RECOMMENDED
22.4,70.72,11.98,25.57,724.46,30.0,CAUTION,MOVABLE
22.97,108.72,5.94,88.04,2142.04,44.0,CAUTION,REST_RECOMMENDED
28.88,33.83,23.58,49.44,580.18,68.91,REST_RECOMMENDED,REST_RECOMMENDED
24.86,133.46,21.22,146.81,855.51,66.4,REST_RECOMMENDED,REST_RECOMMENDED
20.36,102.88,9.99,131.45,1134.28,37.0,CAUTION,MOVABLE
20.9,116.78,27.42,50.75,283.47,33.25,CAUTION,MOVABLE
20.39,52.13,28.59,154.5,294.06,22.0,LOW,MOVABLE
32.66,54.39,37.47,129.34,855.66,79.6,REST_REQUIRED,REST_BEFORE_NEXT_VISIT
33.6,66.51,26.68,29.54,225.31,71.0,REST_REQUIRED,REST_BEFORE_NEXT_VISIT
23.07,4.34,7.95,83.68,571.12,32.72,CAUTION,MOVABLE
28.45,86.26,30.82,98.22,1814.32,91.13,IMMEDIATE_REST,REST_BEFORE_NEXT_VISIT
20.0,110.8,6.08,77.0,946.62,36.45,CAUTION,MOVABLE
29.05,119.89,8.24,16.97,197.72,73.06,REST_REQUIRED,REST_BEFORE_NEXT_VISIT
28.72,41.17,16.22,98.85,938.13,77.78,REST_REQUIRED,REST_BEFORE_NEXT_VISIT
30.79,84.84,19.67,39.1,1812.08,75.0,REST_REQUIRED,REST_BEFORE_NEXT_VISIT
25.71,93.69,21.15,29.4,1117.94,74.6,REST_REQUIRED,REST_BEFORE_NEXT_VISIT
23.58,79.51,36.65,119.0,420.82,58.77,REST_RECOMMENDED,REST_RECOMMENDED
31.02,7.61,37.49,103.46,385.64,71.82,REST_REQUIRED,REST_BEFORE_NEXT_VISIT
20.12,101.47,48.12,84.09,247.65,39.14,CAUTION,REST_RECOMMENDED
29.22,44.23,13.8,107.22,687.57,74.16,REST_REQUIRED,REST_BEFORE_NEXT_VISIT
34.03,31.17,9.72,144.68,1718.99,75.66,REST_REQUIRED,REST_BEFORE_NEXT_VISIT
22.11,119.84,26.74,76.93,2407.64,51.0,REST_RECOMMENDED,REST_RECOMMENDED
27.41,63.52,20.68,125.97,1347.84,71.0,REST_REQUIRED,REST_BEFORE_NEXT_VISIT
25.99,98.08,32.67,83.27,985.85,83.55,REST_REQUIRED,REST_BEFORE_NEXT_VISIT
29.07,34.67,8.28,123.09,382.54,69.5,REST_RECOMMENDED,REST_BEFORE_NEXT_VISIT
28.7,15.8,19.17,112.17,1129.5,65.0,REST_RECOMMENDED,REST_RECOMMENDED
29.38,18.92,14.18,105.42,2296.96,65.0,REST_RECOMMENDED,REST_RECOMMENDED
26.02,65.07,44.92,61.23,810.29,69.28,REST_RECOMMENDED,REST_BEFORE_NEXT_VISIT
27.17,51.51,25.75,36.43,1419.67,58.19,REST_RECOMMENDED,REST_RECOMMENDED
30.83,56.71,19.33,90.26,1132.98,73.0,REST_REQUIRED,REST_BEFORE_NEXT_VISIT
34.69,30.64,41.89,151.75,750.79,81.66,REST_REQUIRED,REST_BEFORE_NEXT_VISIT
28.48,49.87,7.38,64.71,1388.78,71.71,REST_REQUIRED,REST_BEFORE_NEXT_VISIT
23.24,121.17,36.24,69.98,1586.11,67.82,REST_RECOMMENDED,REST_RECOMMENDED
25.07,34.77,20.04,20.62,449.56,52.03,REST_RECOMMENDED,REST_RECOMMENDED
27.28,32.3,25.82,57.43,1530.87,59.46,REST_RECOMMENDED,REST_RECOMMENDED
26.68,110.42,49.22,54.39,251.72,71.79,REST_REQUIRED,REST_BEFORE_NEXT_VISIT
18.86,45.79,22.25,90.8,1577.68,30.23,CAUTION,MOVABLE
23.86,71.36,29.06,109.72,1010.17,56.77,REST_RECOMMENDED,REST_RECOMMENDED
24.93,37.27,30.64,152.81,974.43,48.0,CAUTION,REST_RECOMMENDED
20.77,46.35,15.64,98.39,517.89,23.02,LOW,MOVABLE
22.3,114.82,48.34,70.86,1224.44,57.94,REST_RECOMMENDED,REST_RECOMMENDED
16.52,158.19,8.8,117.32,1956.79,41.27,CAUTION,REST_RECOMMENDED
25.07,144.47,18.86,79.36,225.42,71.61,REST_REQUIRED,REST_BEFORE_NEXT_VISIT
24.94,50.53,19.47,33.58,241.89,31.0,CAUTION,MOVABLE
22.52,77.33,27.16,107.5,963.71,48.37,CAUTION,REST_RECOMMENDED
24.99,14.34,22.87,69.99,2136.1,43.41,CAUTION,REST_RECOMMENDED
33.96,145.79,9.35,143.66,2616.33,87.54,IMMEDIATE_REST,REST_BEFORE_NEXT_VISIT
27.82,57.4,12.87,70.22,1523.2,55.67,REST_RECOMMENDED,REST_RECOMMENDED
26.11,42.3,10.53,129.59,1715.44,64.93,REST_RECOMMENDED,REST_RECOMMENDED
26.95,81.4,52.58,6.07,572.69,65.83,REST_RECOMMENDED,REST_RECOMMENDED
24.45,50.26,24.43,135.9,565.39,51.05,REST_RECOMMENDED,REST_RECOMMENDED
24.74,6.32,44.63,147.58,403.58,40.55,CAUTION,REST_RECOMMENDED
22.69,71.05,34.01,131.6,1279.81,56.16,REST_RECOMMENDED,REST_RECOMMENDED
23.02,105.8,31.03,91.64,2336.89,69.43,REST_RECOMMENDED,REST_BEFORE_NEXT_VISIT
29.29,31.07,30.65,29.54,169.52,65.87,REST_RECOMMENDED,REST_RECOMMENDED
20.07,91.5,2.73,44.24,1619.51,30.0,CAUTION,MOVABLE
28.52,49.86,26.29,148.1,1183.41,77.0,REST_REQUIRED,REST_BEFORE_NEXT_VISIT
17.28,36.29,29.49,65.07,1661.72,30.4,CAUTION,MOVABLE
22.8,44.63,16.22,138.1,462.79,30.35,CAUTION,MOVABLE
26.56,50.31,38.06,21.37,1475.28,59.89,REST_RECOMMENDED,REST_RECOMMENDED
28.14,128.48,16.6,58.77,864.83,87.69,IMMEDIATE_REST,REST_BEFORE_NEXT_VISIT
20.26,55.04,28.87,156.54,293.06,27.44,LOW,MOVABLE
24.21,116.75,16.04,95.45,1389.53,61.0,REST_RECOMMENDED,REST_RECOMMENDED
29.07,106.07,24.28,33.12,543.26,85.0,IMMEDIATE_REST,REST_BEFORE_NEXT_VISIT
18.88,123.85,8.16,59.29,746.25,32.62,CAUTION,MOVABLE
20.96,12.8,26.19,25.17,60.33,8.73,LOW,MOVABLE
22.03,116.31,28.13,43.97,606.12,51.84,REST_RECOMMENDED,REST_RECOMMENDED
26.96,67.59,7.93,41.38,996.77,55.0,REST_RECOMMENDED,REST_RECOMMENDED
26.56,136.12,24.37,62.71,1869.74,80.79,REST_REQUIRED,REST_BEFORE_NEXT_VISIT
26.27,154.07,28.59,88.73,962.51,81.47,REST_REQUIRED,REST_BEFORE_NEXT_VISIT
19.19,40.23,25.09,36.82,2222.97,21.55,LOW,MOVABLE
17.77,107.42,39.29,64.91,1083.07,51.79,REST_RECOMMENDED,REST_RECOMMENDED
32.45,41.05,40.45,144.61,1462.36,83.2,REST_REQUIRED,REST_BEFORE_NEXT_VISIT
22.24,33.31,4.19,156.95,496.46,29.77,LOW,MOVABLE
18.06,109.28,10.58,71.44,2176.63,37.0,CAUTION,MOVABLE
22.48,55.65,17.98,31.2,1265.06,30.81,CAUTION,MOVABLE
28.62,95.71,33.02,112.22,55.76,94.66,IMMEDIATE_REST,REST_BEFORE_NEXT_VISIT
32.12,31.99,33.79,98.32,859.95,84.08,REST_REQUIRED,REST_BEFORE_NEXT_VISIT
29.69,68.93,8.55,94.97,1726.45,84.24,REST_REQUIRED,REST_BEFORE_NEXT_VISIT
21.35,35.95,9.33,44.17,577.89,24.41,LOW,MOVABLE
28.49,73.89,11.52,109.48,975.57,85.19,IMMEDIATE_REST,REST_BEFORE_NEXT_VISIT
18.42,103.91,8.3,142.43,387.83,34.0,CAUTION,MOVABLE
18.18,102.38,30.64,22.36,880.03,37.33,CAUTION,MOVABLE
27.07,55.43,25.18,89.44,978.01,57.0,REST_RECOMMENDED,REST_RECOMMENDED
26.38,64.89,12.58,124.1,492.38,70.05,REST_REQUIRED,REST_BEFORE_NEXT_VISIT
31.56,11.83,53.73,128.19,1278.74,73.78,REST_REQUIRED,REST_BEFORE_NEXT_VISIT
19.48,143.94,8.91,61.93,636.09,35.41,CAUTION,MOVABLE
31.4,47.13,26.12,31.71,596.32,76.38,REST_REQUIRED,REST_BEFORE_NEXT_VISIT
30.02,114.85,36.27,104.15,749.05,98.97,IMMEDIATE_REST,REST_BEFORE_NEXT_VISIT
31.62,133.73,3.76,60.07,861.26,87.1,IMMEDIATE_REST,REST_BEFORE_NEXT_VISIT
20.58,7.56,10.73,24.59,496.91,2.0,LOW,MOVABLE
28.62,121.1,21.95,4.55,1648.61,88.42,IMMEDIATE_REST,REST_BEFORE_NEXT_VISIT
31.08,153.45,12.69,46.05,1427.35,83.93,REST_REQUIRED,REST_BEFORE_NEXT_VISIT
21.78,36.12,14.29,84.01,2169.78,30.0,CAUTION,MOVABLE
33.5,92.18,25.11,76.16,781.98,89.23,IMMEDIATE_REST,REST_BEFORE_NEXT_VISIT
22.75,21.1,37.69,84.18,1567.9,33.76,CAUTION,MOVABLE
19.91,78.33,14.24,134.7,718.83,30.0,CAUTION,MOVABLE
20.38,60.87,23.21,18.48,2036.42,30.44,CAUTION,MOVABLE
17.67,78.48,36.15,64.66,537.16,38.38,CAUTION,MOVABLE
31.15,163.41,39.86,98.21,837.85,100.0,IMMEDIATE_REST,REST_BEFORE_NEXT_VISIT
18.41,60.22,29.87,33.52,1349.24,34.84,CAUTION,MOVABLE
23.21,33.53,15.4,77.91,519.55,39.6,CAUTION,REST_RECOMMENDED
20.28,101.74,28.73,117.67,1419.1,45.94,CAUTION,REST_RECOMMENDED
30.66,68.68,16.78,137.81,1217.75,83.61,REST_REQUIRED,REST_BEFORE_NEXT_VISIT
27.63,48.37,9.37,39.64,999.19,51.22,REST_RECOMMENDED,REST_RECOMMENDED
22.86,102.34,15.51,56.61,962.09,43.81,CAUTION,REST_RECOMMENDED
16.64,62.58,6.63,109.77,510.03,29.82,LOW,MOVABLE
26.16,86.69,7.75,110.43,425.71,66.1,REST_RECOMMENDED,REST_RECOMMENDED
29.58,27.24,44.51,60.71,532.75,67.0,REST_RECOMMENDED,REST_RECOMMENDED
22.64,142.05,30.11,12.88,2071.22,50.78,REST_RECOMMENDED,REST_RECOMMENDED
29.34,80.12,33.68,49.59,1370.56,86.87,IMMEDIATE_REST,REST_BEFORE_NEXT_VISIT
26.45,38.84,19.01,110.77,1998.41,58.0,REST_RECOMMENDED,REST_RECOMMENDED
32.06,138.92,43.64,91.02,354.59,99.96,IMMEDIATE_REST,REST_BEFORE_NEXT_VISIT
29.89,47.21,41.09,84.51,1060.23,78.93,REST_REQUIRED,REST_BEFORE_NEXT_VISIT
26.19,36.82,18.68,14.98,81.79,43.91,CAUTION,REST_RECOMMENDED
32.62,109.51,45.16,78.89,817.8,97.03,IMMEDIATE_REST,REST_BEFORE_NEXT_VISIT
16.77,26.7,9.5,131.11,51.29,9.01,LOW,MOVABLE
30.85,27.4,10.67,51.72,1896.36,66.36,REST_RECOMMENDED,REST_RECOMMENDED
26.5,117.86,12.04,59.87,961.87,76.24,REST_REQUIRED,REST_BEFORE_NEXT_VISIT
31.24,47.9,30.01,25.82,387.4,76.67,REST_REQUIRED,REST_BEFORE_NEXT_VISIT
25.93,43.08,27.96,114.61,2002.69,62.0,REST_RECOMMENDED,REST_RECOMMENDED
28.48,31.8,36.21,82.46,1191.02,82.52,REST_REQUIRED,REST_BEFORE_NEXT_VISIT
22.96,37.4,48.75,82.12,220.0,38.6,CAUTION,MOVABLE
25.14,20.63,13.26,86.91,253.4,42.0,CAUTION,REST_RECOMMENDED
23.89,113.96,33.7,80.6,2222.12,64.0,REST_RECOMMENDED,REST_RECOMMENDED
17.28,64.01,22.76,49.47,1598.92,32.9,CAUTION,MOVABLE
32.08,88.29,16.07,61.21,440.74,76.0,REST_REQUIRED,REST_BEFORE_NEXT_VISIT
32.0,56.46,46.1,78.44,2011.97,85.75,IMMEDIATE_REST,REST_BEFORE_NEXT_VISIT
27.77,54.49,38.96,79.63,392.64,62.08,REST_RECOMMENDED,REST_RECOMMENDED
18.0,115.86,3.98,86.88,1549.87,36.85,CAUTION,MOVABLE
23.8,50.61,42.56,59.65,241.87,41.94,CAUTION,REST_RECOMMENDED
25.03,112.16,23.67,90.18,1208.7,80.65,REST_REQUIRED,REST_BEFORE_NEXT_VISIT
17.59,65.83,13.31,49.46,982.64,23.34,LOW,MOVABLE
24.39,135.55,25.16,101.39,1439.99,64.86,REST_RECOMMENDED,REST_RECOMMENDED
25.76,54.68,23.72,10.77,716.07,51.67,REST_RECOMMENDED,REST_RECOMMENDED
33.17,67.55,33.51,28.44,425.15,79.02,REST_REQUIRED,REST_BEFORE_NEXT_VISIT
29.94,39.64,19.35,148.75,244.32,70.72,REST_REQUIRED,REST_BEFORE_NEXT_VISIT
15.97,94.76,23.26,37.38,233.35,39.37,CAUTION,REST_RECOMMENDED
34.69,127.02,31.5,43.9,690.28,92.42,IMMEDIATE_REST,REST_BEFORE_NEXT_VISIT
28.87,165.33,18.51,107.55,1017.63,90.5,IMMEDIATE_REST,REST_BEFORE_NEXT_VISIT
23.14,111.38,20.99,25.4,1202.59,56.87,REST_RECOMMENDED,REST_RECOMMENDED
27.99,60.8,17.66,33.47,1397.89,60.0,REST_RECOMMENDED,REST_RECOMMENDED
21.94,102.9,9.83,55.06,1522.78,40.0,CAUTION,REST_RECOMMENDED
16.56,105.8,16.96,142.04,1449.91,47.69,CAUTION,REST_RECOMMENDED
20.02,88.84,13.77,141.01,341.49,29.0,LOW,MOVABLE
21.17,61.51,33.14,28.21,2074.48,42.03,CAUTION,REST_RECOMMENDED
26.28,150.92,18.15,47.52,378.98,68.93,REST_RECOMMENDED,REST_RECOMMENDED
18.45,42.97,10.95,114.0,654.18,22.36,LOW,MOVABLE
27.78,45.98,21.26,75.73,201.7,56.14,REST_RECOMMENDED,REST_RECOMMENDED
29.67,78.0,16.99,78.0,1055.44,83.3,REST_REQUIRED,REST_BEFORE_NEXT_VISIT
27.18,130.06,21.1,101.74,1261.39,82.98,REST_REQUIRED,REST_BEFORE_NEXT_VISIT
23.14,52.55,46.03,76.39,1089.93,52.36,REST_RECOMMENDED,REST_RECOMMENDED
22.55,64.31,9.83,88.88,538.91,35.26,CAUTION,MOVABLE
22.07,98.56,21.64,157.37,211.96,51.7,REST_RECOMMENDED,REST_RECOMMENDED
29.59,56.58,8.84,130.79,1975.19,75.25,REST_REQUIRED,REST_BEFORE_NEXT_VISIT
27.55,150.09,12.97,75.04,527.38,70.0,REST_REQUIRED,REST_BEFORE_NEXT_VISIT
28.75,33.47,31.88,159.87,508.17,85.61,IMMEDIATE_REST,REST_BEFORE_NEXT_VISIT
34.51,65.64,22.78,84.06,1231.1,93.76,IMMEDIATE_REST,REST_BEFORE_NEXT_VISIT
23.1,38.98,31.5,35.23,474.31,47.88,CAUTION,REST_RECOMMENDED
21.46,168.95,9.47,145.45,1256.95,48.96,CAUTION,REST_RECOMMENDED
28.21,150.29,39.27,155.03,1154.7,99.72,IMMEDIATE_REST,REST_BEFORE_NEXT_VISIT
23.64,73.83,21.14,80.74,1502.88,54.77,REST_RECOMMENDED,REST_RECOMMENDED
21.2,37.95,52.6,31.04,2406.27,34.82,CAUTION,MOVABLE
23.18,38.84,19.38,70.69,496.98,39.66,CAUTION,REST_RECOMMENDED
27.43,66.43,9.94,144.71,953.34,63.65,REST_RECOMMENDED,REST_RECOMMENDED
29.31,120.08,47.51,70.12,1240.3,94.0,IMMEDIATE_REST,REST_BEFORE_NEXT_VISIT
17.9,32.21,55.52,49.2,334.44,20.93,LOW,MOVABLE
27.29,90.97,17.53,101.41,960.39,78.26,REST_REQUIRED,REST_BEFORE_NEXT_VISIT
31.21,64.22,39.67,77.85,584.26,91.9,IMMEDIATE_REST,REST_BEFORE_NEXT_VISIT
22.78,110.81,32.29,76.67,535.12,52.0,REST_RECOMMENDED,REST_RECOMMENDED
26.13,90.21,27.43,52.31,2292.91,74.82,REST_REQUIRED,REST_BEFORE_NEXT_VISIT
24.43,109.16,32.66,20.41,680.1,55.0,REST_RECOMMENDED,REST_RECOMMENDED
21.04,15.6,3.54,76.45,362.25,16.0,LOW,MOVABLE
23.84,74.12,21.01,78.21,1256.24,54.27,REST_RECOMMENDED,REST_RECOMMENDED
25.2,33.17,36.48,66.77,1934.5,64.66,REST_RECOMMENDED,REST_RECOMMENDED
21.87,55.54,42.61,50.11,249.16,34.73,CAUTION,MOVABLE
20.25,108.15,31.44,45.93,326.72,37.0,CAUTION,MOVABLE
31.36,78.22,35.54,32.71,1132.01,84.15,REST_REQUIRED,REST_BEFORE_NEXT_VISIT
29.96,44.94,19.85,85.35,367.26,67.0,REST_RECOMMENDED,REST_RECOMMENDED
27.38,60.84,19.79,116.48,405.95,67.94,REST_RECOMMENDED,REST_RECOMMENDED
27.11,109.91,10.59,61.47,1865.9,76.66,REST_REQUIRED,REST_BEFORE_NEXT_VISIT
21.03,73.42,35.35,108.03,336.95,49.34,CAUTION,REST_RECOMMENDED
22.25,101.56,25.35,101.84,241.54,51.54,REST_RECOMMENDED,REST_RECOMMENDED
17.85,76.61,21.07,22.23,1062.12,30.28,CAUTION,MOVABLE
23.59,120.21,19.32,24.89,1340.72,53.76,REST_RECOMMENDED,REST_RECOMMENDED
22.05,8.84,2.85,53.27,174.04,12.4,LOW,MOVABLE
26.77,41.14,25.8,110.63,1725.86,62.0,REST_RECOMMENDED,REST_RECOMMENDED
23.55,58.68,7.98,69.09,401.99,35.41,CAUTION,MOVABLE
29.33,116.36,14.91,58.85,250.23,80.8,REST_REQUIRED,REST_BEFORE_NEXT_VISIT
21.86,110.52,42.59,103.97,696.48,59.61,REST_RECOMMENDED,REST_RECOMMENDED
27.62,52.31,27.07,114.81,1526.71,69.12,REST_RECOMMENDED,REST_BEFORE_NEXT_VISIT
23.28,89.62,23.7,25.57,288.15,44.51,CAUTION,REST_RECOMMENDED
25.96,81.41,31.78,25.62,960.8,70.63,REST_REQUIRED,REST_BEFORE_NEXT_VISIT
27.84,10.43,27.52,157.45,1590.04,55.33,REST_RECOMMENDED,REST_RECOMMENDED
33.47,102.17,14.12,73.46,1638.54,95.06,IMMEDIATE_REST,REST_BEFORE_NEXT_VISIT
30.16,32.12,9.64,49.37,1991.54,65.5,REST_RECOMMENDED,REST_RECOMMENDED
31.08,4.52,0.34,86.99,438.17,58.98,REST_RECOMMENDED,REST_RECOMMENDED
25.12,44.16,20.89,53.32,1115.36,56.6,REST_RECOMMENDED,REST_RECOMMENDED
29.13,121.82,39.7,114.56,1450.14,100.0,IMMEDIATE_REST,REST_BEFORE_NEXT_VISIT
21.94,120.42,12.41,122.86,883.38,49.19,CAUTION,REST_RECOMMENDED
30.42,89.02,13.84,88.4,2621.89,79.0,REST_REQUIRED,REST_BEFORE_NEXT_VISIT
27.46,49.46,1.76,49.37,1111.16,48.0,CAUTION,REST_RECOMMENDED
29.34,126.04,27.16,153.02,210.4,95.78,IMMEDIATE_REST,REST_BEFORE_NEXT_VISIT
24.81,142.37,18.2,64.13,303.94,58.46,REST_RECOMMENDED,REST_RECOMMENDED
26.74,83.39,42.43,55.12,250.0,67.16,REST_RECOMMENDED,REST_RECOMMENDED
23.44,135.08,26.65,18.58,682.32,53.96,REST_RECOMMENDED,REST_RECOMMENDED
22.77,92.23,13.17,62.21,967.19,52.27,REST_RECOMMENDED,REST_RECOMMENDED
20.38,35.0,12.19,31.11,970.44,15.6,LOW,MOVABLE
25.49,122.5,34.02,25.04,424.16,72.77,REST_REQUIRED,REST_BEFORE_NEXT_VISIT
23.4,95.66,21.33,53.02,186.63,56.03,REST_RECOMMENDED,REST_RECOMMENDED
30.45,39.33,24.09,75.34,1889.4,83.18,REST_REQUIRED,REST_BEFORE_NEXT_VISIT
17.31,26.7,8.51,124.75,1604.89,12.35,LOW,MOVABLE
32.45,64.84,8.42,61.22,105.57,76.82,REST_REQUIRED,REST_BEFORE_NEXT_VISIT
34.23,43.35,40.02,109.64,717.2,83.62,REST_REQUIRED,REST_BEFORE_NEXT_VISIT
30.06,109.34,20.97,45.68,380.71,92.31,IMMEDIATE_REST,REST_BEFORE_NEXT_VISIT
31.34,70.41,6.01,53.7,2088.06,79.14,REST_REQUIRED,REST_BEFORE_NEXT_VISIT
34.36,128.75,42.88,106.17,2195.79,97.0,IMMEDIATE_REST,REST_BEFORE_NEXT_VISIT
25.64,8.1,25.77,20.12,1059.69,51.35,REST_RECOMMENDED,REST_RECOMMENDED
28.72,8.22,43.24,32.93,218.16,60.0,REST_RECOMMENDED,REST_RECOMMENDED
20.88,84.69,19.8,148.51,771.76,30.0,CAUTION,MOVABLE
29.8,54.74,10.73,38.17,2065.76,69.04,REST_RECOMMENDED,REST_BEFORE_NEXT_VISIT
23.79,115.28,6.62,92.14,880.01,55.0,REST_RECOMMENDED,REST_RECOMMENDED
18.83,108.92,18.08,95.43,1152.98,42.92,CAUTION,REST_RECOMMENDED
30.14,78.71,11.18,17.05,1371.24,72.0,REST_REQUIRED,REST_BEFORE_NEXT_VISIT
32.05,118.1,8.4,42.51,1100.86,83.96,REST_REQUIRED,REST_BEFORE_NEXT_VISIT
24.83,133.04,16.08,43.65,849.98,52.32,REST_RECOMMENDED,REST_RECOMMENDED
24.28,155.0,8.01,11.95,961.09,45.0,CAUTION,REST_RECOMMENDED
29.42,61.98,15.08,18.35,1916.5,75.74,REST_REQUIRED,REST_BEFORE_NEXT_VISIT
32.49,89.34,43.08,100.59,1945.49,92.65,IMMEDIATE_REST,REST_BEFORE_NEXT_VISIT
18.02,86.13,10.57,51.06,1303.79,25.31,LOW,MOVABLE
22.99,11.47,30.59,90.46,76.87,28.89,LOW,MOVABLE
29.96,59.76,18.98,13.68,503.03,61.45,REST_RECOMMENDED,REST_RECOMMENDED
21.33,13.0,28.57,139.74,676.54,27.31,LOW,MOVABLE
25.97,65.89,17.84,102.29,467.64,71.88,REST_REQUIRED,REST_BEFORE_NEXT_VISIT
18.96,53.25,15.15,130.45,1424.44,26.76,LOW,MOVABLE
28.37,151.47,44.09,77.39,947.71,100.0,IMMEDIATE_REST,REST_BEFORE_NEXT_VISIT
24.46,84.36,20.06,75.81,1229.7,55.22,REST_RECOMMENDED,REST_RECOMMENDED
25.45,82.04,18.19,76.84,1393.62,68.07,REST_RECOMMENDED,REST_RECOMMENDED
24.51,85.31,23.85,20.3,805.88,45.92,CAUTION,REST_RECOMMENDED
22.81,89.49,21.34,65.72,951.84,42.35,CAUTION,REST_RECOMMENDED
29.4,55.93,8.3,63.48,1543.06,73.61,REST_REQUIRED,REST_BEFORE_NEXT_VISIT
29.22,90.53,0.81,13.24,511.31,80.69,REST_REQUIRED,REST_BEFORE_NEXT_VISIT
20.26,63.13,16.82,69.86,258.64,25.6,LOW,MOVABLE
30.61,45.59,35.1,105.04,1375.51,84.53,REST_REQUIRED,REST_BEFORE_NEXT_VISIT
17.52,132.86,16.95,104.96,818.87,38.0,CAUTION,MOVABLE
29.2,121.51,15.5,89.8,1565.57,88.59,IMMEDIATE_REST,REST_BEFORE_NEXT_VISIT
23.97,125.34,15.48,123.2,1436.63,64.68,REST_RECOMMENDED,REST_RECOMMENDED
19.15,93.05,10.19,128.24,397.69,43.55,CAUTION,REST_RECOMMENDED
23.09,69.73,36.1,84.16,989.49,61.64,REST_RECOMMENDED,REST_RECOMMENDED
23.52,110.46,7.14,120.4,79.41,52.0,REST_RECOMMENDED,REST_RECOMMENDED
25.86,89.28,16.31,87.78,979.13,65.44,REST_RECOMMENDED,REST_RECOMMENDED
28.54,77.62,53.85,121.2,631.67,91.76,IMMEDIATE_REST,REST_BEFORE_NEXT_VISIT
21.91,155.56,7.2,18.94,2373.84,38.76,CAUTION,MOVABLE
23.15,26.72,33.89,86.1,768.99,39.28,CAUTION,REST_RECOMMENDED
26.43,33.45,28.72,79.88,483.03,56.0,REST_RECOMMENDED,REST_RECOMMENDED
19.09,19.54,16.19,50.15,899.83,6.87,LOW,MOVABLE
31.14,70.52,33.62,122.02,1028.55,89.85,IMMEDIATE_REST,REST_BEFORE_NEXT_VISIT
27.28,137.95,5.53,54.95,1163.2,67.46,REST_RECOMMENDED,REST_RECOMMENDED
28.06,91.04,23.44,116.25,1763.22,94.68,IMMEDIATE_REST,REST_BEFORE_NEXT_VISIT
17.42,130.13,35.49,44.91,996.71,41.76,CAUTION,REST_RECOMMENDED
17.16,63.28,35.55,134.31,539.51,37.0,CAUTION,MOVABLE
32.62,50.25,23.76,83.97,1394.32,75.79,REST_REQUIRED,REST_BEFORE_NEXT_VISIT
21.77,81.8,17.63,91.22,1652.78,42.08,CAUTION,REST_RECOMMENDED
27.41,56.78,7.2,116.09,763.6,60.37,REST_RECOMMENDED,REST_RECOMMENDED
23.97,66.61,3.51,147.71,417.93,46.13,CAUTION,REST_RECOMMENDED
30.49,36.32,10.93,106.16,1113.84,73.0,REST_REQUIRED,REST_BEFORE_NEXT_VISIT
31.76,98.35,24.12,42.86,1679.6,87.14,IMMEDIATE_REST,REST_BEFORE_NEXT_VISIT
27.35,61.64,20.42,89.91,1894.27,69.39,REST_RECOMMENDED,REST_BEFORE_NEXT_VISIT
31.92,30.55,11.32,71.41,512.44,71.57,REST_REQUIRED,REST_BEFORE_NEXT_VISIT
30.63,49.59,31.28,39.42,1171.72,74.39,REST_REQUIRED,REST_BEFORE_NEXT_VISIT
18.23,35.54,31.54,73.57,388.37,32.3,CAUTION,MOVABLE
26.73,22.58,31.3,133.92,1172.12,61.65,REST_RECOMMENDED,REST_RECOMMENDED
24.11,126.08,15.47,56.62,983.24,57.45,REST_RECOMMENDED,REST_RECOMMENDED
20.57,76.96,15.62,67.02,1145.9,35.47,CAUTION,MOVABLE
27.97,50.46,4.27,62.21,881.29,50.0,REST_RECOMMENDED,REST_RECOMMENDED
26.03,54.2,11.72,49.79,882.08,51.38,REST_RECOMMENDED,REST_RECOMMENDED
29.1,142.79,1.24,42.5,1064.38,80.78,REST_REQUIRED,REST_BEFORE_NEXT_VISIT
17.62,54.39,43.42,105.37,1802.89,32.43,CAUTION,MOVABLE
28.63,14.03,19.27,74.86,101.71,58.19,REST_RECOMMENDED,REST_RECOMMENDED
33.25,55.35,50.72,52.84,2367.85,80.16,REST_REQUIRED,REST_BEFORE_NEXT_VISIT
24.9,111.06,23.41,9.81,1199.17,62.09,REST_RECOMMENDED,REST_RECOMMENDED
25.86,53.06,39.47,75.62,1856.01,62.48,REST_RECOMMENDED,REST_RECOMMENDED
18.25,80.45,46.47,54.3,981.87,35.17,CAUTION,MOVABLE
26.91,70.26,22.43,11.6,1377.46,63.04,REST_RECOMMENDED,REST_RECOMMENDED
18.05,70.49,2.44,83.87,46.75,24.48,LOW,MOVABLE
30.36,91.15,29.72,133.29,532.5,95.24,IMMEDIATE_REST,REST_BEFORE_NEXT_VISIT
24.64,138.72,15.93,114.26,706.1,62.12,REST_RECOMMENDED,REST_RECOMMENDED
21.27,72.15,25.31,114.49,845.52,46.27,CAUTION,REST_RECOMMENDED
33.51,152.1,19.93,126.78,697.53,91.71,IMMEDIATE_REST,REST_BEFORE_NEXT_VISIT
29.56,114.08,27.07,84.18,681.29,90.98,IMMEDIATE_REST,REST_BEFORE_NEXT_VISIT
31.1,40.57,11.11,98.86,609.1,76.56,REST_REQUIRED,REST_BEFORE_NEXT_VISIT
27.05,135.82,44.6,136.56,1266.44,82.34,REST_REQUIRED,REST_BEFORE_NEXT_VISIT
21.03,71.66,30.59,67.91,1057.98,49.15,CAUTION,REST_RECOMMENDED
31.38,83.74,27.29,68.82,1371.71,91.64,IMMEDIATE_REST,REST_BEFORE_NEXT_VISIT
21.08,121.12,11.96,36.99,750.39,51.54,REST_RECOMMENDED,REST_RECOMMENDED
23.42,115.19,19.31,36.14,70.16,49.92,CAUTION,REST_RECOMMENDED
25.5,76.67,13.8,93.52,1447.42,67.0,REST_RECOMMENDED,REST_RECOMMENDED
23.53,122.39,35.57,84.51,964.53,62.0,REST_RECOMMENDED,REST_RECOMMENDED
23.42,94.78,43.58,50.62,1599.49,65.54,REST_RECOMMENDED,REST_RECOMMENDED
29.2,152.82,33.66,148.62,1076.82,99.72,IMMEDIATE_REST,REST_BEFORE_NEXT_VISIT
22.79,47.26,8.76,93.66,1840.37,35.18,CAUTION,MOVABLE
17.38,80.78,9.56,61.58,261.52,23.96,LOW,MOVABLE
31.51,41.79,13.71,27.8,1805.91,66.7,REST_RECOMMENDED,REST_RECOMMENDED
26.34,81.36,19.36,69.63,963.25,68.42,REST_RECOMMENDED,REST_RECOMMENDED
28.07,120.26,17.56,134.31,359.91,90.13,IMMEDIATE_REST,REST_BEFORE_NEXT_VISIT
33.55,111.92,11.18,109.59,2371.25,90.46,IMMEDIATE_REST,REST_BEFORE_NEXT_VISIT
22.96,43.86,15.25,26.88,732.19,26.96,LOW,MOVABLE
25.79,92.49,24.01,85.61,1574.93,82.0,REST_REQUIRED,REST_BEFORE_NEXT_VISIT
19.78,54.81,24.79,41.67,2434.48,20.0,LOW,MOVABLE
32.46,45.7,31.77,62.2,802.05,77.38,REST_REQUIRED,REST_BEFORE_NEXT_VISIT
29.93,19.83,35.85,128.58,719.52,72.91,REST_REQUIRED,REST_BEFORE_NEXT_VISIT
22.8,111.89,15.99,68.06,1819.86,53.13,REST_RECOMMENDED,REST_RECOMMENDED
25.38,34.8,12.61,82.35,1075.63,60.18,REST_RECOMMENDED,REST_RECOMMENDED
29.41,122.94,6.49,37.0,155.96,75.0,REST_REQUIRED,REST_BEFORE_NEXT_VISIT
26.18,70.76,7.93,93.49,435.21,61.0,REST_RECOMMENDED,REST_RECOMMENDED
21.45,6.98,25.76,36.48,1499.03,25.65,LOW,MOVABLE
31.82,52.53,7.39,65.53,730.93,69.72,REST_RECOMMENDED,REST_BEFORE_NEXT_VISIT
27.33,100.18,34.61,50.9,382.44,72.45,REST_REQUIRED,REST_BEFORE_NEXT_VISIT
25.1,96.83,36.0,75.43,518.15,78.27,REST_REQUIRED,REST_BEFORE_NEXT_VISIT
26.04,11.92,27.42,112.36,335.58,59.69,REST_RECOMMENDED,REST_RECOMMENDED
30.22,139.15,13.84,5.24,941.61,80.98,REST_REQUIRED,REST_BEFORE_NEXT_VISIT
26.17,126.3,25.02,101.15,1417.46,79.49,REST_REQUIRED,REST_BEFORE_NEXT_VISIT
30.09,54.33,30.42,132.59,539.19,85.7,IMMEDIATE_REST,REST_BEFORE_NEXT_VISIT
21.93,138.52,23.75,45.56,1710.82,47.0,CAUTION,REST_RECOMMENDED
20.48,109.92,14.59,71.19,556.69,35.56,CAUTION,MOVABLE
30.35,41.61,19.08,118.71,726.05,73.25,REST_REQUIRED,REST_BEFORE_NEXT_VISIT
30.87,47.38,29.41,106.9,451.87,78.33,REST_REQUIRED,REST_BEFORE_NEXT_VISIT
28.4,122.1,41.02,126.12,197.61,93.66,IMMEDIATE_REST,REST_BEFORE_NEXT_VISIT
17.42,93.23,48.12,25.31,1445.72,41.22,CAUTION,REST_RECOMMENDED
22.68,84.18,22.7,59.73,971.24,37.0,CAUTION,MOVABLE
30.23,37.22,9.31,93.62,1407.03,76.14,REST_REQUIRED,REST_BEFORE_NEXT_VISIT
22.37,37.59,22.75,40.86,982.62,33.94,CAUTION,MOVABLE
28.67,76.66,27.0,119.57,417.17,83.0,REST_REQUIRED,REST_BEFORE_NEXT_VISIT
31.62,18.91,8.26,74.27,1853.01,59.0,REST_RECOMMENDED,REST_RECOMMENDED
16.71,83.14,31.1,34.89,269.11,28.19,LOW,MOVABLE
21.72,58.2,29.41,93.3,2334.31,37.0,CAUTION,MOVABLE
22.67,94.34,44.01,71.45,935.47,52.78,REST_RECOMMENDED,REST_RECOMMENDED
24.87,45.76,21.02,41.71,237.38,40.1,CAUTION,REST_RECOMMENDED
24.38,36.89,36.44,88.66,1231.35,49.26,CAUTION,REST_RECOMMENDED
23.53,83.05,30.1,29.3,1811.27,49.0,CAUTION,REST_RECOMMENDED
30.41,6.78,6.87,47.73,101.34,53.23,REST_RECOMMENDED,REST_RECOMMENDED
30.56,67.16,35.22,80.04,1130.11,87.63,IMMEDIATE_REST,REST_BEFORE_NEXT_VISIT
29.21,6.31,5.82,34.03,589.64,56.12,REST_RECOMMENDED,REST_RECOMMENDED
27.38,57.58,6.26,80.76,316.15,55.46,REST_RECOMMENDED,REST_RECOMMENDED
29.04,98.1,30.36,86.61,192.97,89.0,IMMEDIATE_REST,REST_BEFORE_NEXT_VISIT
34.04,38.43,45.86,33.84,1255.23,76.66,REST_REQUIRED,REST_BEFORE_NEXT_VISIT
31.54,33.22,11.03,85.94,2013.0,70.0,REST_REQUIRED,REST_BEFORE_NEXT_VISIT
30.95,44.31,17.51,72.45,1492.61,70.88,REST_REQUIRED,REST_BEFORE_NEXT_VISIT
33.72,58.16,37.58,53.91,941.54,75.51,REST_REQUIRED,REST_BEFORE_NEXT_VISIT
31.38,95.33,22.65,130.55,1596.79,99.05,IMMEDIATE_REST,REST_BEFORE_NEXT_VISIT
28.96,35.09,39.52,84.0,436.59,75.24,REST_REQUIRED,REST_BEFORE_NEXT_VISIT
20.47,98.76,7.23,79.92,1357.16,37.03,CAUTION,MOVABLE
19.11,41.55,3.96,67.7,1543.26,18.78,LOW,MOVABLE
24.41,14.75,6.58,99.32,601.1,31.73,CAUTION,MOVABLE
30.64,15.56,26.45,69.6,1171.68,67.18,REST_RECOMMENDED,REST_RECOMMENDED
29.8,109.01,19.58,67.07,354.53,89.54,IMMEDIATE_REST,REST_BEFORE_NEXT_VISIT
25.9,91.25,55.79,53.54,2507.16,75.0,REST_REQUIRED,REST_BEFORE_NEXT_VISIT
20.06,134.33,11.01,87.79,1743.64,41.03,CAUTION,REST_RECOMMENDED
21.75,98.97,7.34,86.98,1313.8,44.0,CAUTION,REST_RECOMMENDED
30.02,102.86,18.47,12.73,705.1,81.9,REST_REQUIRED,REST_BEFORE_NEXT_VISIT
21.51,24.46,36.96,41.58,997.09,26.15,LOW,MOVABLE
25.92,126.57,25.21,155.85,1344.39,81.51,REST_REQUIRED,REST_BEFORE_NEXT_VISIT
20.69,101.73,29.26,69.26,436.43,49.28,CAUTION,REST_RECOMMENDED
26.22,120.64,2.13,71.45,1805.74,74.94,REST_REQUIRED,REST_BEFORE_NEXT_VISIT
22.2,20.4,24.33,29.11,320.66,25.01,LOW,MOVABLE
29.94,18.4,23.37,112.71,524.12,68.44,REST_RECOMMENDED,REST_RECOMMENDED
26.19,21.39,19.68,16.1,973.51,38.0,CAUTION,MOVABLE
21.74,46.72,30.46,32.75,1059.31,34.22,CAUTION,MOVABLE
29.52,86.09,20.23,62.49,439.59,83.92,REST_REQUIRED,REST_BEFORE_NEXT_VISIT
18.94,149.82,30.03,108.05,86.64,43.95,CAUTION,REST_RECOMMENDED
32.46,12.64,50.27,15.73,1083.93,68.45,REST_RECOMMENDED,REST_RECOMMENDED
28.45,46.16,45.01,118.5,2225.55,84.83,REST_REQUIRED,REST_BEFORE_NEXT_VISIT
25.32,53.66,20.44,100.07,556.61,63.94,REST_RECOMMENDED,REST_RECOMMENDED
27.67,73.94,27.94,52.81,851.99,65.85,REST_RECOMMENDED,REST_RECOMMENDED
21.19,141.9,32.71,140.3,1516.71,58.71,REST_RECOMMENDED,REST_RECOMMENDED
24.89,141.16,21.51,29.54,1146.59,55.1,REST_RECOMMENDED,REST_RECOMMENDED
21.46,42.51,9.26,59.58,232.36,18.0,LOW,MOVABLE
21.18,131.15,12.66,157.1,1958.0,54.53,REST_RECOMMENDED,REST_RECOMMENDED
19.17,116.22,32.37,78.7,489.98,41.9,CAUTION,REST_RECOMMENDED
21.95,54.22,1.69,5.92,764.27,27.13,LOW,MOVABLE
23.47,61.22,23.3,89.12,581.6,51.0,REST_RECOMMENDED,REST_RECOMMENDED
28.36,14.71,26.28,48.01,1011.9,62.0,REST_RECOMMENDED,REST_RECOMMENDED
25.84,55.9,24.55,89.99,1620.22,66.12,REST_RECOMMENDED,REST_RECOMMENDED
30.63,132.48,20.01,100.68,534.91,97.02,IMMEDIATE_REST,REST_BEFORE_NEXT_VISIT
28.62,98.0,23.99,105.02,1064.33,94.92,IMMEDIATE_REST,REST_BEFORE_NEXT_VISIT
28.62,89.54,3.7,104.52,825.84,77.47,REST_REQUIRED,REST_BEFORE_NEXT_VISIT
20.15,85.83,20.3,91.9,911.29,34.0,CAUTION,MOVABLE
30.56,53.04,25.02,93.62,799.85,79.8,REST_REQUIRED,REST_BEFORE_NEXT_VISIT
28.07,82.75,14.92,95.78,949.71,82.77,REST_REQUIRED,REST_BEFORE_NEXT_VISIT
19.55,73.39,6.23,35.58,973.05,24.76,LOW,MOVABLE
26.61,72.35,16.22,129.7,1897.64,70.21,REST_REQUIRED,REST_BEFORE_NEXT_VISIT
29.96,59.76,50.22,64.09,1935.58,77.68,REST_REQUIRED,REST_BEFORE_NEXT_VISIT
17.74,109.53,35.99,84.67,454.11,41.37,CAUTION,REST_RECOMMENDED
28.17,17.49,16.79,54.06,1341.31,61.21,REST_RECOMMENDED,REST_RECOMMENDED
25.94,55.54,25.24,55.19,1262.44,55.0,REST_RECOMMENDED,REST_RECOMMENDED
28.26,93.43,25.55,118.25,1555.76,99.92,IMMEDIATE_REST,REST_BEFORE_NEXT_VISIT
27.55,95.14,41.23,39.62,1153.94,75.13,REST_REQUIRED,REST_BEFORE_NEXT_VISIT
19.36,71.55,51.35,104.75,830.5,42.21,CAUTION,REST_RECOMMENDED
32.01,83.76,40.41,35.55,192.66,79.74,REST_REQUIRED,REST_BEFORE_NEXT_VISIT
27.18,32.5,16.17,50.69,538.43,52.95,REST_RECOMMENDED,REST_RECOMMENDED
27.79,137.53,6.51,37.34,341.36,65.23,REST_RECOMMENDED,REST_RECOMMENDED
18.85,28.24,14.28,91.2,770.57,13.23,LOW,MOVABLE
24.21,68.69,35.79,120.12,1751.16,61.86,REST_RECOMMENDED,REST_RECOMMENDED
19.61,68.12,5.34,135.5,678.36,27.27,LOW,MOVABLE
31.85,62.55,21.63,43.04,84.77,79.48,REST_REQUIRED,REST_BEFORE_NEXT_VISIT
30.6,35.28,21.39,101.94,455.87,76.26,REST_REQUIRED,REST_BEFORE_NEXT_VISIT
22.18,95.68,25.01,150.92,1928.12,57.45,REST_RECOMMENDED,REST_RECOMMENDED
29.17,90.13,13.48,125.37,1402.5,95.99,IMMEDIATE_REST,REST_BEFORE_NEXT_VISIT
19.27,58.25,14.11,25.2,2205.06,17.39,LOW,MOVABLE
22.88,114.13,23.12,134.59,1717.16,55.57,REST_RECOMMENDED,REST_RECOMMENDED
29.66,37.76,20.13,38.94,1289.73,71.51,REST_REQUIRED,REST_BEFORE_NEXT_VISIT
17.29,6.47,10.81,62.06,571.91,17.41,LOW,MOVABLE
24.15,69.66,13.74,69.17,407.48,51.58,REST_RECOMMENDED,REST_RECOMMENDED
25.6,90.82,24.92,21.19,1384.55,79.51,REST_REQUIRED,REST_BEFORE_NEXT_VISIT
29.83,80.15,35.14,153.8,1521.65,93.85,IMMEDIATE_REST,REST_BEFORE_NEXT_VISIT
20.39,27.17,34.0,22.6,2006.47,18.36,LOW,MOVABLE
33.34,119.24,38.74,80.06,1173.72,94.78,IMMEDIATE_REST,REST_BEFORE_NEXT_VISIT
27.76,151.51,27.42,70.02,443.94,77.48,REST_REQUIRED,REST_BEFORE_NEXT_VISIT
18.99,72.03,38.23,85.07,2017.47,38.13,CAUTION,MOVABLE
16.18,17.8,21.48,122.06,1409.93,19.0,LOW,MOVABLE
29.61,63.28,30.72,86.42,628.57,84.0,REST_REQUIRED,REST_BEFORE_NEXT_VISIT
25.36,117.83,6.67,73.28,1683.67,73.6,REST_REQUIRED,REST_BEFORE_NEXT_VISIT
18.09,39.24,23.93,116.41,880.68,32.05,CAUTION,MOVABLE
29.22,19.64,24.09,39.24,1357.23,64.99,REST_RECOMMENDED,REST_RECOMMENDED
22.75,69.31,14.65,84.34,272.84,42.6,CAUTION,REST_RECOMMENDED
29.34,101.09,37.6,140.29,782.72,98.43,IMMEDIATE_REST,REST_BEFORE_NEXT_VISIT
20.2,48.95,3.39,48.6,867.51,11.51,LOW,MOVABLE
27.02,38.11,14.28,117.12,1309.58,59.04,REST_RECOMMENDED,REST_RECOMMENDED
27.28,119.74,2.99,69.3,852.96,74.73,REST_REQUIRED,REST_BEFORE_NEXT_VISIT
27.86,125.28,25.65,94.11,1825.95,83.0,REST_REQUIRED,REST_BEFORE_NEXT_VISIT
26.45,100.46,43.75,78.68,1144.34,81.95,REST_REQUIRED,REST_BEFORE_NEXT_VISIT
26.92,46.65,19.12,78.85,212.91,52.71,REST_RECOMMENDED,REST_RECOMMENDED
26.32,82.11,30.28,37.1,1578.78,75.07,REST_REQUIRED,REST_BEFORE_NEXT_VISIT
21.58,42.55,11.62,4.87,1731.69,26.93,LOW,MOVABLE
18.46,61.37,32.0,131.31,290.61,35.61,CAUTION,MOVABLE
18.32,72.81,8.88,72.77,1559.66,26.6,LOW,MOVABLE
30.91,37.74,51.44,35.08,1501.25,75.59,REST_REQUIRED,REST_BEFORE_NEXT_VISIT
20.72,37.93,24.24,88.54,529.8,23.63,LOW,MOVABLE
20.77,68.54,13.48,117.5,1215.38,36.94,CAUTION,MOVABLE
34.82,95.49,8.51,65.89,1046.18,84.0,REST_REQUIRED,REST_BEFORE_NEXT_VISIT
28.1,119.72,36.57,77.53,651.66,93.7,IMMEDIATE_REST,REST_BEFORE_NEXT_VISIT
31.46,53.25,12.8,48.29,1281.0,66.0,REST_RECOMMENDED,REST_RECOMMENDED
27.76,50.17,25.16,36.98,537.16,53.06,REST_RECOMMENDED,REST_RECOMMENDED
17.21,72.05,24.51,55.81,722.8,34.28,CAUTION,MOVABLE
16.47,108.02,26.37,91.66,428.6,42.98,CAUTION,REST_RECOMMENDED
30.15,45.16,33.35,27.86,2387.43,70.08,REST_REQUIRED,REST_BEFORE_NEXT_VISIT
19.66,83.2,26.83,45.42,580.81,27.0,LOW,MOVABLE
24.46,86.87,8.0,23.83,1830.4,42.74,CAUTION,REST_RECOMMENDED
25.58,84.4,26.11,80.91,1665.74,69.58,REST_RECOMMENDED,REST_BEFORE_NEXT_VISIT
29.39,20.58,29.83,75.95,2504.56,72.46,REST_REQUIRED,REST_BEFORE_NEXT_VISIT
25.47,50.31,11.4,62.32,1116.0,61.26,REST_RECOMMENDED,REST_RECOMMENDED
20.66,105.8,32.97,67.77,721.78,45.65,CAUTION,REST_RECOMMENDED
22.09,73.32,25.74,51.9,1298.94,39.98,CAUTION,REST_RECOMMENDED
18.1,81.31,15.93,91.83,682.97,35.44,CAUTION,MOVABLE
32.68,103.79,33.99,63.4,238.04,92.12,IMMEDIATE_REST,REST_BEFORE_NEXT_VISIT
26.6,90.75,31.21,41.16,1217.11,78.37,REST_REQUIRED,REST_BEFORE_NEXT_VISIT
17.81,95.17,12.15,63.37,768.31,38.07,CAUTION,MOVABLE
27.97,67.77,3.29,141.15,1887.61,66.24,REST_RECOMMENDED,REST_RECOMMENDED
23.46,62.99,11.97,86.91,1123.5,49.0,CAUTION,REST_RECOMMENDED
33.12,84.75,32.99,111.42,2190.45,94.53,IMMEDIATE_REST,REST_BEFORE_NEXT_VISIT
29.65,69.78,13.05,64.32,680.53,82.45,REST_REQUIRED,REST_BEFORE_NEXT_VISIT
22.57,138.78,10.9,54.56,57.93,44.06,CAUTION,REST_RECOMMENDED
27.41,87.45,39.79,127.08,585.52,72.0,REST_REQUIRED,REST_BEFORE_NEXT_VISIT
21.51,122.5,29.83,88.88,1867.04,56.89,REST_RECOMMENDED,REST_RECOMMENDED
29.43,37.02,13.56,45.01,643.16,66.57,REST_RECOMMENDED,REST_RECOMMENDED
27.33,44.9,26.36,77.92,505.76,60.39,REST_RECOMMENDED,REST_RECOMMENDED
20.61,61.19,21.77,66.99,1196.68,36.41,CAUTION,MOVABLE
31.77,50.88,26.84,112.36,1557.62,78.91,REST_REQUIRED,REST_BEFORE_NEXT_VISIT
23.69,91.21,2.78,60.02,1267.39,62.23,REST_RECOMMENDED,REST_RECOMMENDED
20.57,100.72,20.22,106.24,376.04,41.82,CAUTION,REST_RECOMMENDED
25.43,135.41,29.34,104.35,1386.93,79.0,REST_REQUIRED,REST_BEFORE_NEXT_VISIT
16.98,56.21,11.58,96.49,1604.85,23.0,LOW,MOVABLE
25.19,51.42,21.29,72.39,1087.38,60.19,REST_RECOMMENDED,REST_RECOMMENDED
21.01,66.0,26.68,34.75,415.29,36.0,CAUTION,MOVABLE
26.74,12.3,11.08,82.91,270.55,47.46,CAUTION,REST_RECOMMENDED
20.85,77.34,21.81,59.18,63.41,24.0,LOW,MOVABLE
28.33,99.49,5.54,149.82,1494.34,87.0,IMMEDIATE_REST,REST_BEFORE_NEXT_VISIT
19.8,118.82,13.1,104.57,1627.41,44.13,CAUTION,REST_RECOMMENDED
23.74,15.97,42.03,93.4,2198.84,45.96,CAUTION,REST_RECOMMENDED
33.78,7.23,23.09,115.53,1873.69,70.41,REST_REQUIRED,REST_BEFORE_NEXT_VISIT
26.35,26.78,11.34,15.13,793.27,40.58,CAUTION,REST_RECOMMENDED
23.29,59.57,52.76,77.07,1224.6,47.0,CAUTION,REST_RECOMMENDED
19.62,100.96,23.09,52.56,1291.73,38.67,CAUTION,MOVABLE
23.23,75.28,34.67,6.6,195.9,45.8,CAUTION,REST_RECOMMENDED
30.28,91.96,25.93,142.83,775.06,92.38,IMMEDIATE_REST,REST_BEFORE_NEXT_VISIT
29.38,110.88,23.65,101.51,553.13,100.0,IMMEDIATE_REST,REST_BEFORE_NEXT_VISIT
33.43,94.53,39.86,115.03,1316.17,100.0,IMMEDIATE_REST,REST_BEFORE_NEXT_VISIT
21.36,91.01,16.97,57.37,1818.78,47.6,CAUTION,REST_RECOMMENDED
20.18,80.8,19.25,45.59,479.35,24.24,LOW,MOVABLE
29.05,50.01,31.72,57.17,1684.05,75.69,REST_REQUIRED,REST_BEFORE_NEXT_VISIT
19.85,110.54,35.37,104.49,1201.35,52.01,REST_RECOMMENDED,REST_RECOMMENDED
30.83,90.21,20.92,106.26,298.8,91.48,IMMEDIATE_REST,REST_BEFORE_NEXT_VISIT
32.11,85.85,23.97,42.03,344.32,83.13,REST_REQUIRED,REST_BEFORE_NEXT_VISIT
24.23,63.36,51.08,41.55,1766.32,52.0,REST_RECOMMENDED,REST_RECOMMENDED
24.44,38.25,21.57,44.94,1191.24,44.08,CAUTION,REST_RECOMMENDED
26.17,12.63,20.01,109.81,1960.96,56.82,REST_RECOMMENDED,REST_RECOMMENDED
27.21,22.6,2.94,42.54,402.98,37.0,CAUTION,MOVABLE
28.45,22.08,40.94,115.55,622.85,72.54,REST_REQUIRED,REST_BEFORE_NEXT_VISIT
20.95,16.81,18.42,85.84,444.34,10.71,LOW,MOVABLE
30.72,94.06,36.64,112.54,1919.35,98.59,IMMEDIATE_REST,REST_BEFORE_NEXT_VISIT
30.91,26.13,14.44,48.32,300.97,55.0,REST_RECOMMENDED,REST_RECOMMENDED
24.31,68.87,22.73,70.71,1294.23,58.38,REST_RECOMMENDED,REST_RECOMMENDED
26.7,104.89,11.63,34.53,1774.75,71.48,REST_REQUIRED,REST_BEFORE_NEXT_VISIT
30.3,77.62,39.46,117.29,1446.29,93.47,IMMEDIATE_REST,REST_BEFORE_NEXT_VISIT
32.25,67.87,39.57,102.48,864.7,88.07,IMMEDIATE_REST,REST_BEFORE_NEXT_VISIT
27.12,30.11,27.22,117.12,1102.65,65.63,REST_RECOMMENDED,REST_RECOMMENDED
19.6,71.87,18.09,29.77,1674.33,22.57,LOW,MOVABLE
33.85,21.84,28.59,20.2,692.24,57.0,REST_RECOMMENDED,REST_RECOMMENDED
23.09,18.04,14.49,90.42,122.51,30.0,CAUTION,MOVABLE
21.47,36.2,35.59,109.78,1034.6,41.74,CAUTION,REST_RECOMMENDED
25.95,47.48,17.16,52.76,363.98,48.0,CAUTION,REST_RECOMMENDED
26.66,36.16,30.39,137.79,876.87,64.58,REST_RECOMMENDED,REST_RECOMMENDED
20.39,150.9,17.59,52.48,1922.27,33.0,CAUTION,MOVABLE
20.09,67.44,31.32,58.25,1313.84,32.0,CAUTION,MOVABLE
29.8,50.27,26.52,144.72,608.9,75.0,REST_REQUIRED,REST_BEFORE_NEXT_VISIT
30.9,139.02,45.05,77.9,1482.53,98.04,IMMEDIATE_REST,REST_BEFORE_NEXT_VISIT
20.02,123.63,18.06,12.17,885.05,29.56,LOW,MOVABLE
18.5,18.75,47.81,54.25,634.14,17.49,LOW,MOVABLE
27.12,97.38,20.84,119.23,2156.1,79.7,REST_REQUIRED,REST_BEFORE_NEXT_VISIT
21.75,73.16,31.06,57.11,2091.67,42.59,CAUTION,REST_RECOMMENDED
19.73,129.49,13.24,55.08,688.71,35.33,CAUTION,MOVABLE
27.54,54.67,26.65,70.28,579.91,62.4,REST_RECOMMENDED,REST_RECOMMENDED
23.25,36.19,9.04,151.21,932.83,42.82,CAUTION,REST_RECOMMENDED
21.81,53.98,31.18,119.34,726.32,42.58,CAUTION,REST_RECOMMENDED
24.85,38.42,43.64,137.34,215.7,47.04,CAUTION,REST_RECOMMENDED
26.13,129.82,16.75,81.16,490.25,74.91,REST_REQUIRED,REST_BEFORE_NEXT_VISIT
24.1,7.46,15.08,3.71,1301.06,27.28,LOW,MOVABLE
25.88,69.8,16.58,15.32,1270.89,57.64,REST_RECOMMENDED,REST_RECOMMENDED
28.95,60.96,37.81,33.58,872.55,82.19,REST_REQUIRED,REST_BEFORE_NEXT_VISIT
33.27,149.62,30.08,87.23,576.06,92.16,IMMEDIATE_REST,REST_BEFORE_NEXT_VISIT
27.21,34.78,18.85,83.22,725.81,56.64,REST_RECOMMENDED,REST_RECOMMENDED
28.86,52.08,37.44,63.26,370.0,83.33,REST_REQUIRED,REST_BEFORE_NEXT_VISIT
25.97,36.04,29.53,39.91,2024.02,57.57,REST_RECOMMENDED,REST_RECOMMENDED
29.55,155.71,38.15,31.94,867.78,89.25,IMMEDIATE_REST,REST_BEFORE_NEXT_VISIT
26.86,19.66,12.51,39.94,465.09,46.05,CAUTION,REST_RECOMMENDED
19.8,60.84,33.9,117.93,1143.87,40.65,CAUTION,REST_RECOMMENDED
32.41,42.69,34.13,124.94,1683.98,80.07,REST_REQUIRED,REST_BEFORE_NEXT_VISIT
20.78,53.16,13.2,137.03,1449.57,28.22,LOW,MOVABLE
24.04,86.79,17.97,132.63,1283.9,56.64,REST_RECOMMENDED,REST_RECOMMENDED
30.02,125.2,18.61,100.55,568.52,90.59,IMMEDIATE_REST,REST_BEFORE_NEXT_VISIT
31.84,94.13,28.84,41.57,1996.41,89.33,IMMEDIATE_REST,REST_BEFORE_NEXT_VISIT
25.73,79.47,18.3,52.47,2102.75,60.0,REST_RECOMMENDED,REST_RECOMMENDED
25.08,80.21,2.84,158.81,1663.6,67.36,REST_RECOMMENDED,REST_RECOMMENDED
26.02,105.03,3.66,100.14,1449.21,73.0,REST_REQUIRED,REST_BEFORE_NEXT_VISIT
21.19,49.32,42.07,117.84,1272.88,45.24,CAUTION,REST_RECOMMENDED
19.94,42.18,29.06,134.66,1629.69,32.0,CAUTION,MOVABLE
26.74,105.47,11.42,66.66,1215.28,73.26,REST_REQUIRED,REST_BEFORE_NEXT_VISIT
19.05,110.63,40.57,143.67,1384.15,51.11,REST_RECOMMENDED,REST_RECOMMENDED
21.47,76.69,26.71,25.17,1483.57,38.04,CAUTION,MOVABLE
22.92,105.48,20.32,55.25,56.58,42.0,CAUTION,REST_RECOMMENDED
22.03,120.05,36.15,82.51,255.37,55.15,REST_RECOMMENDED,REST_RECOMMENDED
29.85,48.64,12.27,45.3,457.1,64.59,REST_RECOMMENDED,REST_RECOMMENDED
28.69,63.91,8.81,52.55,804.35,70.0,REST_REQUIRED,REST_BEFORE_NEXT_VISIT
19.56,66.01,35.2,40.58,1693.01,32.0,CAUTION,MOVABLE
23.9,84.3,25.54,148.62,798.33,59.63,REST_RECOMMENDED,REST_RECOMMENDED
26.2,66.87,25.2,95.62,1246.77,74.69,REST_REQUIRED,REST_BEFORE_NEXT_VISIT
17.39,123.56,33.12,116.95,722.8,45.0,CAUTION,REST_RECOMMENDED
28.54,52.27,22.68,122.58,937.79,75.22,REST_REQUIRED,REST_BEFORE_NEXT_VISIT
29.25,15.28,44.43,16.39,837.23,60.55,REST_RECOMMENDED,REST_RECOMMENDED
28.68,11.94,7.6,37.37,93.96,50.0,REST_RECOMMENDED,REST_RECOMMENDED
31.26,98.13,22.03,3.56,885.69,87.45,IMMEDIATE_REST,REST_BEFORE_NEXT_VISIT
24.67,34.73,15.34,93.96,858.03,44.25,CAUTION,REST_RECOMMENDED
19.74,71.29,23.45,66.07,2286.02,35.33,CAUTION,MOVABLE
27.36,69.02,19.4,105.85,1294.75,68.72,REST_RECOMMENDED,REST_RECOMMENDED
23.11,79.35,22.35,90.13,1076.71,57.15,REST_RECOMMENDED,REST_RECOMMENDED
23.59,109.76,31.11,120.64,849.18,65.78,REST_RECOMMENDED,REST_RECOMMENDED
20.64,78.86,4.97,93.95,631.97,32.92,CAUTION,MOVABLE
22.4,24.51,18.19,68.96,950.09,24.17,LOW,MOVABLE
27.15,78.75,25.83,66.12,1784.6,68.85,REST_RECOMMENDED,REST_RECOMMENDED
30.19,73.32,18.45,94.33,1152.99,85.85,IMMEDIATE_REST,REST_BEFORE_NEXT_VISIT
23.73,126.9,42.13,99.59,1320.41,67.0,REST_RECOMMENDED,REST_RECOMMENDED
21.78,23.37,46.58,119.66,1078.84,33.38,CAUTION,MOVABLE
31.63,106.39,18.65,0.81,696.67,80.64,REST_REQUIRED,REST_BEFORE_NEXT_VISIT
20.46,53.36,5.85,103.24,2105.9,20.0,LOW,MOVABLE
24.46,8.06,38.12,68.11,249.95,39.7,CAUTION,REST_RECOMMENDED
24.09,62.19,44.83,105.88,1513.77,60.53,REST_RECOMMENDED,REST_RECOMMENDED
19.48,126.09,19.72,84.78,1763.59,42.16,CAUTION,REST_RECOMMENDED
33.54,98.52,13.54,54.04,2046.79,83.0,REST_REQUIRED,REST_BEFORE_NEXT_VISIT
19.41,49.16,25.78,98.14,897.78,30.01,CAUTION,MOVABLE
25.71,82.33,18.95,51.47,240.92,55.84,REST_RECOMMENDED,REST_RECOMMENDED
22.31,90.25,17.84,173.5,699.95,54.15,REST_RECOMMENDED,REST_RECOMMENDED
24.75,75.45,19.45,34.65,1000.2,51.81,REST_RECOMMENDED,REST_RECOMMENDED
29.54,101.51,21.92,163.6,486.16,92.71,IMMEDIATE_REST,REST_BEFORE_NEXT_VISIT
29.52,94.02,29.68,117.42,62.69,94.22,IMMEDIATE_REST,REST_BEFORE_NEXT_VISIT
24.89,40.9,31.4,137.71,485.6,47.0,CAUTION,REST_RECOMMENDED
17.13,54.37,26.47,66.4,373.6,25.86,LOW,MOVABLE
31.33,119.35,30.79,85.73,1090.31,95.55,IMMEDIATE_REST,REST_BEFORE_NEXT_VISIT
31.32,35.17,8.78,38.93,50.84,59.76,REST_RECOMMENDED,REST_RECOMMENDED
26.35,124.79,32.55,22.12,697.26,74.07,REST_REQUIRED,REST_BEFORE_NEXT_VISIT
25.94,58.9,23.82,88.92,457.96,56.45,REST_RECOMMENDED,REST_RECOMMENDED
25.29,60.37,21.64,89.19,2252.81,70.13,REST_REQUIRED,REST_BEFORE_NEXT_VISIT
25.53,77.37,25.49,36.74,1643.91,67.58,REST_RECOMMENDED,REST_RECOMMENDED
25.46,108.3,22.3,40.11,1401.71,73.88,REST_REQUIRED,REST_BEFORE_NEXT_VISIT
32.96,53.16,17.08,149.35,2066.84,73.0,REST_REQUIRED,REST_BEFORE_NEXT_VISIT
25.72,141.04,36.27,94.95,1988.84,83.62,REST_REQUIRED,REST_BEFORE_NEXT_VISIT
27.9,64.86,37.78,51.56,209.08,64.05,REST_RECOMMENDED,REST_RECOMMENDED
29.78,80.45,44.66,77.15,1529.88,93.22,IMMEDIATE_REST,REST_BEFORE_NEXT_VISIT
22.1,15.88,36.44,47.97,1826.73,29.54,LOW,MOVABLE
18.54,127.81,10.89,50.37,268.03,33.82,CAUTION,MOVABLE
22.95,135.18,35.28,49.37,461.58,47.0,CAUTION,REST_RECOMMENDED
21.96,107.97,38.97,66.91,1485.89,54.0,REST_RECOMMENDED,REST_RECOMMENDED
32.32,67.16,25.08,55.74,895.19,78.36,REST_REQUIRED,REST_BEFORE_NEXT_VISIT
24.12,140.02,20.33,48.8,1761.72,58.21,REST_RECOMMENDED,REST_RECOMMENDED
28.16,32.44,7.97,71.34,703.09,66.96,REST_RECOMMENDED,REST_RECOMMENDED
28.3,123.86,34.02,96.87,1659.61,100.0,IMMEDIATE_REST,REST_BEFORE_NEXT_VISIT
25.18,50.45,17.88,133.31,630.88,63.44,REST_RECOMMENDED,REST_RECOMMENDED
31.62,42.09,43.98,145.52,215.75,76.18,REST_REQUIRED,REST_BEFORE_NEXT_VISIT
33.45,71.49,9.06,150.77,1983.18,81.48,REST_REQUIRED,REST_BEFORE_NEXT_VISIT
20.51,151.19,25.49,134.82,892.18,47.65,CAUTION,REST_RECOMMENDED
27.52,56.94,8.92,117.59,1404.84,58.64,REST_RECOMMENDED,REST_RECOMMENDED
17.37,124.28,12.37,90.38,390.26,37.94,CAUTION,MOVABLE
25.19,75.06,9.62,80.04,849.59,59.18,REST_RECOMMENDED,REST_RECOMMENDED
26.92,46.0,35.85,54.08,1871.27,60.22,REST_RECOMMENDED,REST_RECOMMENDED
19.25,119.81,54.83,37.68,119.85,41.37,CAUTION,REST_RECOMMENDED
24.02,77.52,10.74,63.91,940.7,52.61,REST_RECOMMENDED,REST_RECOMMENDED
19.63,42.99,35.1,35.11,1898.1,24.49,LOW,MOVABLE
21.17,44.68,32.1,98.53,226.16,37.55,CAUTION,MOVABLE
32.16,72.32,14.4,166.64,1272.71,87.35,IMMEDIATE_REST,REST_BEFORE_NEXT_VISIT
31.54,27.53,18.04,78.51,1943.37,68.76,REST_RECOMMENDED,REST_RECOMMENDED
32.81,55.68,40.63,49.95,554.05,79.91,REST_REQUIRED,REST_BEFORE_NEXT_VISIT
28.24,28.66,20.75,141.98,1346.76,73.74,REST_REQUIRED,REST_BEFORE_NEXT_VISIT
27.85,49.6,23.77,128.22,1101.67,62.35,REST_RECOMMENDED,REST_RECOMMENDED
25.02,63.21,10.75,115.6,2116.62,68.64,REST_RECOMMENDED,REST_RECOMMENDED
18.62,140.37,24.42,79.23,743.96,44.15,CAUTION,REST_RECOMMENDED
32.98,23.6,19.35,141.48,1166.31,71.65,REST_REQUIRED,REST_BEFORE_NEXT_VISIT
21.12,96.53,21.7,72.47,1410.34,51.0,REST_RECOMMENDED,REST_RECOMMENDED
28.66,93.34,31.13,73.05,1065.78,97.05,IMMEDIATE_REST,REST_BEFORE_NEXT_VISIT
29.01,38.0,26.59,112.13,279.57,77.21,REST_REQUIRED,REST_BEFORE_NEXT_VISIT
29.31,71.04,17.54,34.88,722.84,75.6,REST_REQUIRED,REST_BEFORE_NEXT_VISIT
29.42,94.38,43.23,119.56,1805.73,100.0,IMMEDIATE_REST,REST_BEFORE_NEXT_VISIT
21.58,56.23,10.6,73.8,771.33,28.0,LOW,MOVABLE
23.19,59.41,22.14,39.77,1766.02,40.0,CAUTION,REST_RECOMMENDED
17.64,57.87,27.07,48.91,1609.22,27.61,LOW,MOVABLE
19.1,65.74,11.31,99.72,1341.85,38.32,CAUTION,MOVABLE
20.19,10.62,37.43,122.74,973.95,23.85,LOW,MOVABLE
22.47,87.72,19.25,25.68,1823.46,32.83,CAUTION,MOVABLE
28.71,35.96,8.55,52.59,2454.22,63.0,REST_RECOMMENDED,REST_RECOMMENDED
24.53,47.36,20.36,111.76,2022.48,50.47,REST_RECOMMENDED,REST_RECOMMENDED
29.77,18.51,27.68,155.3,235.86,70.32,REST_REQUIRED,REST_BEFORE_NEXT_VISIT
25.29,40.75,37.51,140.12,273.55,62.95,REST_RECOMMENDED,REST_RECOMMENDED
21.46,149.01,31.6,44.0,1277.91,54.67,REST_RECOMMENDED,REST_RECOMMENDED
24.32,97.07,12.99,109.18,1155.54,62.52,REST_RECOMMENDED,REST_RECOMMENDED
23.49,44.81,27.28,76.92,2499.93,44.02,CAUTION,REST_RECOMMENDED
29.04,14.25,26.44,74.05,598.85,64.0,REST_RECOMMENDED,REST_RECOMMENDED
22.65,43.69,23.13,143.18,1192.12,42.61,CAUTION,REST_RECOMMENDED
21.17,143.0,46.14,52.35,340.48,51.77,REST_RECOMMENDED,REST_RECOMMENDED
26.07,68.04,4.35,71.16,377.17,61.85,REST_RECOMMENDED,REST_RECOMMENDED
18.2,52.14,14.97,121.15,1356.31,27.8,LOW,MOVABLE
30.91,45.17,17.4,111.96,426.23,70.0,REST_REQUIRED,REST_BEFORE_NEXT_VISIT
26.8,119.16,35.46,16.41,542.76,70.0,REST_REQUIRED,REST_BEFORE_NEXT_VISIT
31.46,121.25,5.97,119.61,2728.35,91.11,IMMEDIATE_REST,REST_BEFORE_NEXT_VISIT
27.42,127.31,27.13,124.98,1090.64,87.62,IMMEDIATE_REST,REST_BEFORE_NEXT_VISIT
25.55,97.41,28.18,86.95,618.52,76.51,REST_REQUIRED,REST_BEFORE_NEXT_VISIT
27.66,38.25,14.87,119.82,679.48,57.27,REST_RECOMMENDED,REST_RECOMMENDED
19.93,95.11,30.97,147.44,284.06,43.09,CAUTION,REST_RECOMMENDED
25.65,21.16,33.19,84.42,1598.25,55.93,REST_RECOMMENDED,REST_RECOMMENDED
19.79,101.18,40.27,81.08,2354.52,49.93,CAUTION,REST_RECOMMENDED
30.8,49.34,28.5,129.49,1374.03,82.07,REST_REQUIRED,REST_BEFORE_NEXT_VISIT
23.67,80.49,34.05,16.94,1005.27,49.0,CAUTION,REST_RECOMMENDED
21.58,110.06,31.7,78.04,77.24,53.7,REST_RECOMMENDED,REST_RECOMMENDED
23.11,66.1,9.26,28.96,685.42,41.17,CAUTION,REST_RECOMMENDED
18.22,59.23,9.75,76.28,2143.04,25.45,LOW,MOVABLE
20.23,85.39,14.31,94.52,320.98,31.25,CAUTION,MOVABLE
29.31,47.22,11.83,167.91,211.65,72.29,REST_REQUIRED,REST_BEFORE_NEXT_VISIT
23.6,66.86,19.69,64.26,1196.54,49.0,CAUTION,REST_RECOMMENDED
20.76,115.27,38.47,115.91,2246.47,52.24,REST_RECOMMENDED,REST_RECOMMENDED
28.7,86.63,15.14,123.18,1262.04,84.53,REST_REQUIRED,REST_BEFORE_NEXT_VISIT
31.32,81.66,6.76,33.38,1586.62,76.8,REST_REQUIRED,REST_BEFORE_NEXT_VISIT
21.57,51.51,48.75,98.97,799.11,42.0,CAUTION,REST_RECOMMENDED
31.74,103.62,24.58,81.7,867.25,94.66,IMMEDIATE_REST,REST_BEFORE_NEXT_VISIT
21.14,31.5,25.23,60.87,363.2,34.66,CAUTION,MOVABLE
21.4,52.52,14.54,56.0,1007.57,31.69,CAUTION,MOVABLE
26.31,100.08,15.8,74.3,584.35,77.67,REST_REQUIRED,REST_BEFORE_NEXT_VISIT
32.44,76.33,13.08,88.72,1144.96,85.9,IMMEDIATE_REST,REST_BEFORE_NEXT_VISIT
19.63,143.71,23.4,88.57,185.65,36.37,CAUTION,MOVABLE
24.14,21.65,15.12,25.38,647.33,27.94,LOW,MOVABLE
25.75,121.62,45.16,62.57,105.48,79.91,REST_REQUIRED,REST_BEFORE_NEXT_VISIT
22.38,54.26,39.03,9.53,796.15,32.42,CAUTION,MOVABLE
33.94,26.54,30.72,72.83,628.24,70.46,REST_REQUIRED,REST_BEFORE_NEXT_VISIT
26.76,64.57,31.97,22.94,1396.07,65.86,REST_RECOMMENDED,REST_RECOMMENDED
18.73,108.64,13.28,65.61,1327.55,39.44,CAUTION,REST_RECOMMENDED
28.6,103.78,20.57,128.59,870.41,92.86,IMMEDIATE_REST,REST_BEFORE_NEXT_VISIT
31.23,47.75,10.98,35.2,2069.46,69.5,REST_RECOMMENDED,REST_BEFORE_NEXT_VISIT
25.11,55.84,13.19,129.09,1427.88,66.7,REST_RECOMMENDED,REST_RECOMMENDED
26.28,83.58,42.28,86.94,1540.94,73.34,REST_REQUIRED,REST_BEFORE_NEXT_VISIT
24.09,91.02,38.16,57.38,47.31,61.91,REST_RECOMMENDED,REST_RECOMMENDED
30.93,61.69,9.09,17.94,1597.5,74.36,REST_REQUIRED,REST_BEFORE_NEXT_VISIT
23.11,109.97,32.56,55.9,1684.58,62.99,REST_RECOMMENDED,REST_RECOMMENDED
20.57,86.25,9.43,7.08,1412.51,23.52,LOW,MOVABLE
27.65,43.56,21.7,46.09,134.61,56.31,REST_RECOMMENDED,REST_RECOMMENDED
16.79,105.2,12.08,34.26,315.75,32.71,CAUTION,MOVABLE
30.88,93.39,18.59,53.21,1445.15,83.0,REST_REQUIRED,REST_BEFORE_NEXT_VISIT
24.62,22.4,32.17,171.49,1118.86,42.0,CAUTION,REST_RECOMMENDED
23.12,51.19,13.68,41.37,1022.74,37.8,CAUTION,MOVABLE
31.37,96.78,25.78,100.76,1805.16,96.83,IMMEDIATE_REST,REST_BEFORE_NEXT_VISIT
27.31,115.72,20.79,9.57,1309.37,73.54,REST_REQUIRED,REST_BEFORE_NEXT_VISIT
19.91,55.2,14.97,93.44,319.33,24.89,LOW,MOVABLE
27.91,23.15,16.97,21.93,1228.87,41.14,CAUTION,REST_RECOMMENDED
23.85,61.82,24.37,87.29,579.94,54.4,REST_RECOMMENDED,REST_RECOMMENDED
21.93,15.25,30.23,139.63,255.85,34.5,CAUTION,MOVABLE
20.7,72.16,10.52,68.22,767.84,36.18,CAUTION,MOVABLE
31.8,71.41,29.79,54.04,638.93,86.33,IMMEDIATE_REST,REST_BEFORE_NEXT_VISIT
32.98,56.38,29.37,62.7,1813.64,79.01,REST_REQUIRED,REST_BEFORE_NEXT_VISIT
31.41,74.28,12.11,35.17,556.55,74.87,REST_REQUIRED,REST_BEFORE_NEXT_VISIT
31.16,77.97,26.41,103.48,490.07,88.64,IMMEDIATE_REST,REST_BEFORE_NEXT_VISIT
19.81,21.41,27.59,34.38,1267.13,14.78,LOW,MOVABLE
17.57,62.07,39.12,133.69,791.24,45.4,CAUTION,REST_RECOMMENDED
21.75,78.05,6.53,78.47,161.62,34.72,CAUTION,MOVABLE
26.45,52.47,7.46,93.51,651.94,57.29,REST_RECOMMENDED,REST_RECOMMENDED
32.53,56.95,47.85,22.65,113.87,65.0,REST_RECOMMENDED,REST_RECOMMENDED
20.12,112.56,15.77,26.43,1168.52,30.0,CAUTION,MOVABLE
24.93,127.07,27.02,3.04,1047.11,60.57,REST_RECOMMENDED,REST_RECOMMENDED
30.1,54.37,20.27,155.59,304.08,77.56,REST_REQUIRED,REST_BEFORE_NEXT_VISIT
22.42,76.85,41.32,43.0,998.12,40.0,CAUTION,REST_RECOMMENDED
22.48,50.95,32.79,72.33,802.99,40.39,CAUTION,REST_RECOMMENDED
23.09,114.18,17.55,78.31,606.98,61.51,REST_RECOMMENDED,REST_RECOMMENDED
22.55,22.06,33.64,101.91,1391.72,32.0,CAUTION,MOVABLE
32.77,113.53,17.23,133.27,991.52,94.92,IMMEDIATE_REST,REST_BEFORE_NEXT_VISIT
22.71,69.62,45.56,77.3,772.77,48.64,CAUTION,REST_RECOMMENDED
29.52,23.33,23.4,120.26,227.19,64.78,REST_RECOMMENDED,REST_RECOMMENDED
27.94,121.4,6.04,75.98,1288.67,70.27,REST_REQUIRED,REST_BEFORE_NEXT_VISIT
20.54,148.4,25.99,91.4,918.47,48.63,CAUTION,REST_RECOMMENDED
19.92,80.69,34.6,54.91,733.9,33.63,CAUTION,MOVABLE
19.68,51.15,25.17,96.12,925.29,28.15,LOW,MOVABLE
17.39,36.02,22.7,80.41,1029.44,24.0,LOW,MOVABLE
27.05,60.51,16.16,52.22,1202.51,65.06,REST_RECOMMENDED,REST_RECOMMENDED
25.23,75.67,37.26,92.99,55.64,69.0,REST_RECOMMENDED,REST_RECOMMENDED
31.88,127.56,45.47,45.67,747.27,98.17,IMMEDIATE_REST,REST_BEFORE_NEXT_VISIT
18.9,47.7,13.09,144.85,1093.9,33.47,CAUTION,MOVABLE
22.87,66.78,7.76,97.02,1900.67,46.32,CAUTION,REST_RECOMMENDED
26.55,83.82,46.5,137.97,638.5,75.99,REST_REQUIRED,REST_BEFORE_NEXT_VISIT
26.62,30.81,20.07,39.41,697.46,54.72,REST_RECOMMENDED,REST_RECOMMENDED
30.08,153.83,8.64,148.16,440.51,84.89,REST_REQUIRED,REST_BEFORE_NEXT_VISIT
28.47,51.95,23.93,14.27,1009.03,70.01,REST_REQUIRED,REST_BEFORE_NEXT_VISIT
29.48,22.64,3.09,134.05,301.46,59.0,REST_RECOMMENDED,REST_RECOMMENDED
21.13,79.86,27.17,42.04,947.58,45.67,CAUTION,REST_RECOMMENDED
32.79,41.05,8.78,47.4,268.16,62.59,REST_RECOMMENDED,REST_RECOMMENDED
32.33,110.09,29.88,63.0,1467.46,94.39,IMMEDIATE_REST,REST_BEFORE_NEXT_VISIT
23.85,49.32,48.24,129.38,1167.9,53.06,REST_RECOMMENDED,REST_RECOMMENDED
25.33,32.72,2.98,85.79,1243.16,53.97,REST_RECOMMENDED,REST_RECOMMENDED
32.91,85.63,21.21,19.28,1458.2,80.97,REST_REQUIRED,REST_BEFORE_NEXT_VISIT
28.18,77.88,16.93,67.73,1627.8,86.92,IMMEDIATE_REST,REST_BEFORE_NEXT_VISIT
26.04,39.0,11.91,100.53,829.12,59.0,REST_RECOMMENDED,REST_RECOMMENDED
26.27,78.07,16.13,45.64,999.06,60.3,REST_RECOMMENDED,REST_RECOMMENDED
34.66,41.84,18.02,37.16,937.44,65.3,REST_RECOMMENDED,REST_RECOMMENDED
28.16,82.1,17.42,77.38,1399.98,81.17,REST_REQUIRED,REST_BEFORE_NEXT_VISIT
29.68,61.48,41.2,147.82,748.55,89.77,IMMEDIATE_REST,REST_BEFORE_NEXT_VISIT
22.66,19.18,20.81,146.58,427.24,26.0,LOW,MOVABLE
29.17,73.03,20.85,93.35,114.88,85.14,IMMEDIATE_REST,REST_BEFORE_NEXT_VISIT
32.62,10.14,6.8,47.68,445.32,52.0,REST_RECOMMENDED,REST_RECOMMENDED
31.9,26.55,32.3,158.84,840.21,74.46,REST_REQUIRED,REST_BEFORE_NEXT_VISIT
29.92,39.36,4.88,144.98,2459.68,70.0,REST_REQUIRED,REST_BEFORE_NEXT_VISIT
25.77,7.98,25.82,13.75,964.07,47.26,CAUTION,REST_RECOMMENDED
32.67,84.07,39.63,48.98,565.78,85.56,IMMEDIATE_REST,REST_BEFORE_NEXT_VISIT
27.17,63.81,32.45,70.42,2044.83,71.09,REST_REQUIRED,REST_BEFORE_NEXT_VISIT
19.56,97.07,17.24,42.0,474.74,35.73,CAUTION,MOVABLE
31.9,21.16,13.36,31.19,194.12,53.0,REST_RECOMMENDED,REST_RECOMMENDED
24.32,145.43,20.99,35.57,399.73,60.54,REST_RECOMMENDED,REST_RECOMMENDED
25.29,76.18,42.43,49.56,1167.5,68.79,REST_RECOMMENDED,REST_RECOMMENDED
16.33,100.0,16.02,65.85,703.86,39.67,CAUTION,REST_RECOMMENDED
27.24,30.28,20.23,111.11,2179.88,65.26,REST_RECOMMENDED,REST_RECOMMENDED
23.54,93.24,20.74,22.68,1266.13,57.24,REST_RECOMMENDED,REST_RECOMMENDED
26.09,45.88,1.77,27.58,302.05,47.6,CAUTION,REST_RECOMMENDED
21.69,14.6,41.93,104.87,859.24,31.73,CAUTION,MOVABLE
28.48,54.47,22.73,63.36,2054.88,78.58,REST_REQUIRED,REST_BEFORE_NEXT_VISIT
19.58,35.13,26.49,48.57,1307.92,22.85,LOW,MOVABLE
25.51,66.22,20.35,73.06,722.04,73.29,REST_REQUIRED,REST_BEFORE_NEXT_VISIT
24.22,43.58,19.21,65.52,1231.38,40.67,CAUTION,REST_RECOMMENDED
29.27,65.77,24.64,46.65,172.02,80.2,REST_REQUIRED,REST_BEFORE_NEXT_VISIT
23.46,49.55,22.5,81.99,462.18,43.04,CAUTION,REST_RECOMMENDED
24.48,70.9,11.71,100.7,1325.86,55.82,REST_RECOMMENDED,REST_RECOMMENDED
27.31,68.5,8.24,104.84,1822.74,65.35,REST_RECOMMENDED,REST_RECOMMENDED
28.2,29.78,30.17,42.24,1243.86,65.0,REST_RECOMMENDED,REST_RECOMMENDED
28.1,53.51,10.89,45.34,510.4,66.13,REST_RECOMMENDED,REST_RECOMMENDED
28.41,90.45,19.66,70.95,1185.6,88.02,IMMEDIATE_REST,REST_BEFORE_NEXT_VISIT
31.64,76.83,19.7,171.13,1690.15,86.53,IMMEDIATE_REST,REST_BEFORE_NEXT_VISIT
24.63,66.03,39.83,95.66,2347.16,60.12,REST_RECOMMENDED,REST_RECOMMENDED
22.48,30.06,19.1,80.32,1212.37,30.0,CAUTION,MOVABLE
33.02,49.49,12.11,32.33,759.82,72.57,REST_REQUIRED,REST_BEFORE_NEXT_VISIT
28.15,36.45,28.02,91.63,1911.02,80.56,REST_REQUIRED,REST_BEFORE_NEXT_VISIT
29.63,56.68,43.92,46.37,673.4,75.95,REST_REQUIRED,REST_BEFORE_NEXT_VISIT
27.45,87.87,14.54,47.04,1602.18,67.56,REST_RECOMMENDED,REST_RECOMMENDED
23.02,58.37,7.7,80.23,1708.61,37.27,CAUTION,MOVABLE
19.16,29.45,21.36,79.68,168.89,11.03,LOW,MOVABLE
31.45,94.63,10.69,64.86,2105.61,95.82,IMMEDIATE_REST,REST_BEFORE_NEXT_VISIT
33.36,96.27,6.77,61.07,1212.14,86.22,IMMEDIATE_REST,REST_BEFORE_NEXT_VISIT
21.8,124.74,4.68,144.53,654.16,50.03,REST_RECOMMENDED,REST_RECOMMENDED
30.97,43.6,21.75,86.39,494.37,73.91,REST_REQUIRED,REST_BEFORE_NEXT_VISIT
29.18,11.38,18.66,137.88,1262.11,69.18,REST_RECOMMENDED,REST_BEFORE_NEXT_VISIT
21.55,51.62,27.39,113.88,1867.52,40.77,CAUTION,REST_RECOMMENDED
23.86,57.47,23.6,30.94,961.41,43.42,CAUTION,REST_RECOMMENDED
23.48,49.32,14.22,89.53,1818.51,40.0,CAUTION,REST_RECOMMENDED
25.21,112.51,42.74,73.0,223.54,79.2,REST_REQUIRED,REST_BEFORE_NEXT_VISIT
25.36,55.2,25.44,100.13,767.79,61.08,REST_RECOMMENDED,REST_RECOMMENDED
22.89,102.56,34.15,38.27,311.28,52.74,REST_RECOMMENDED,REST_RECOMMENDED
23.45,45.55,30.08,134.7,1071.89,50.0,REST_RECOMMENDED,REST_RECOMMENDED
26.97,52.5,11.15,56.62,1001.06,53.64,REST_RECOMMENDED,REST_RECOMMENDED
22.62,21.16,19.05,108.4,440.03,27.38,LOW,MOVABLE
31.69,14.26,17.04,151.13,584.24,64.01,REST_RECOMMENDED,REST_RECOMMENDED
26.5,51.29,27.11,40.71,1340.63,61.72,REST_RECOMMENDED,REST_RECOMMENDED
30.91,17.2,25.85,88.97,195.12,61.76,REST_RECOMMENDED,REST_RECOMMENDED
20.31,82.15,29.35,94.96,834.77,34.83,CAUTION,MOVABLE
21.36,97.96,18.43,29.37,573.26,43.88,CAUTION,REST_RECOMMENDED
24.07,78.53,32.68,161.18,741.03,59.61,REST_RECOMMENDED,REST_RECOMMENDED
32.36,126.21,23.62,64.79,931.74,95.95,IMMEDIATE_REST,REST_BEFORE_NEXT_VISIT
26.27,65.85,11.13,58.72,949.12,61.61,REST_RECOMMENDED,REST_RECOMMENDED
31.21,25.99,15.89,104.55,1030.96,65.28,REST_RECOMMENDED,REST_RECOMMENDED
17.18,106.84,30.12,146.12,1115.53,54.4,REST_RECOMMENDED,REST_RECOMMENDED
25.67,74.2,10.48,92.53,1001.89,71.7,REST_REQUIRED,REST_BEFORE_NEXT_VISIT
15.57,127.15,20.06,134.43,1414.68,46.57,CAUTION,REST_RECOMMENDED
20.96,74.99,26.95,108.54,1122.91,38.24,CAUTION,MOVABLE
18.65,133.07,2.68,24.06,922.09,27.89,LOW,MOVABLE
28.98,65.73,27.61,148.14,270.0,84.68,REST_REQUIRED,REST_BEFORE_NEXT_VISIT
30.29,91.73,12.65,39.96,2035.84,84.33,REST_REQUIRED,REST_BEFORE_NEXT_VISIT
28.87,28.48,47.62,39.76,733.22,69.64,REST_RECOMMENDED,REST_BEFORE_NEXT_VISIT
23.69,55.06,9.7,3.1,1367.31,36.64,CAUTION,MOVABLE
23.33,62.39,37.07,43.47,1190.38,55.87,REST_RECOMMENDED,REST_RECOMMENDED
28.88,39.25,11.56,136.9,464.91,72.54,REST_REQUIRED,REST_BEFORE_NEXT_VISIT
28.09,51.03,19.64,122.29,379.56,73.13,REST_REQUIRED,REST_BEFORE_NEXT_VISIT
31.66,15.61,36.59,42.66,833.0,64.41,REST_RECOMMENDED,REST_RECOMMENDED
32.94,100.05,38.67,2.95,1177.28,90.69,IMMEDIATE_REST,REST_BEFORE_NEXT_VISIT
22.64,35.66,27.57,74.74,1366.54,38.76,CAUTION,MOVABLE
21.91,101.13,7.27,52.44,1560.38,45.09,CAUTION,REST_RECOMMENDED
25.45,76.64,14.87,88.05,2320.78,67.22,REST_RECOMMENDED,REST_RECOMMENDED
25.21,41.38,10.89,85.56,1236.74,56.74,REST_RECOMMENDED,REST_RECOMMENDED
23.73,106.4,12.38,92.15,880.21,58.0,REST_RECOMMENDED,REST_RECOMMENDED
23.74,56.95,10.15,76.4,414.48,37.0,CAUTION,MOVABLE
29.55,64.49,47.77,56.66,516.73,87.06,IMMEDIATE_REST,REST_BEFORE_NEXT_VISIT
30.98,49.85,30.11,60.66,559.94,81.19,REST_REQUIRED,REST_BEFORE_NEXT_VISIT
30.01,62.48,23.73,107.39,2000.29,89.27,IMMEDIATE_REST,REST_BEFORE_NEXT_VISIT
30.7,25.79,31.52,141.99,705.48,73.11,REST_REQUIRED,REST_BEFORE_NEXT_VISIT
26.61,96.16,2.08,47.72,1418.7,65.0,REST_RECOMMENDED,REST_RECOMMENDED
18.58,47.85,17.44,16.88,1090.27,22.13,LOW,MOVABLE
21.25,100.35,24.49,70.58,711.45,54.1,REST_RECOMMENDED,REST_RECOMMENDED
17.12,158.39,33.38,133.39,650.68,48.01,CAUTION,REST_RECOMMENDED
25.63,108.38,7.56,42.19,504.71,70.29,REST_REQUIRED,REST_BEFORE_NEXT_VISIT
26.63,72.34,24.87,89.45,816.71,66.0,REST_RECOMMENDED,REST_RECOMMENDED
19.17,89.01,27.14,107.72,386.79,34.79,CAUTION,MOVABLE
18.07,49.26,12.59,89.12,166.56,17.82,LOW,MOVABLE
28.03,84.9,17.25,91.34,1460.28,83.36,REST_REQUIRED,REST_BEFORE_NEXT_VISIT
25.59,29.41,31.94,84.73,1861.05,64.0,REST_RECOMMENDED,REST_RECOMMENDED
23.08,121.12,22.92,52.3,789.0,55.68,REST_RECOMMENDED,REST_RECOMMENDED
32.17,80.36,23.32,57.01,281.59,77.19,REST_REQUIRED,REST_BEFORE_NEXT_VISIT
22.91,66.73,16.01,72.04,1104.87,48.37,CAUTION,REST_RECOMMENDED
21.65,27.46,21.23,105.28,1358.0,36.66,CAUTION,MOVABLE
23.92,76.66,22.18,69.24,1383.91,54.35,REST_RECOMMENDED,REST_RECOMMENDED
16.09,84.0,32.08,58.52,1988.8,32.8,CAUTION,MOVABLE
17.69,33.11,20.69,59.57,613.46,18.0,LOW,MOVABLE
34.47,32.88,37.11,44.05,886.96,79.03,REST_REQUIRED,REST_BEFORE_NEXT_VISIT
26.97,43.71,28.91,156.74,630.94,62.8,REST_RECOMMENDED,REST_RECOMMENDED
31.64,152.54,35.45,130.2,2017.15,97.0,IMMEDIATE_REST,REST_BEFORE_NEXT_VISIT
32.59,27.13,28.89,58.36,1170.94,62.14,REST_RECOMMENDED,REST_RECOMMENDED
33.82,53.73,24.69,72.65,2474.02,74.0,REST_REQUIRED,REST_BEFORE_NEXT_VISIT
33.58,66.45,9.85,106.01,1474.07,79.0,REST_REQUIRED,REST_BEFORE_NEXT_VISIT
24.32,16.34,18.4,32.84,482.02,30.41,CAUTION,MOVABLE
23.3,61.48,11.56,134.51,1156.19,53.02,REST_RECOMMENDED,REST_RECOMMENDED
21.32,42.8,41.96,105.88,594.18,38.0,CAUTION,MOVABLE
31.1,72.41,49.63,112.33,1134.78,93.04,IMMEDIATE_REST,REST_BEFORE_NEXT_VISIT
28.28,105.11,6.86,95.05,329.95,85.38,IMMEDIATE_REST,REST_BEFORE_NEXT_VISIT
20.71,72.26,14.08,104.47,2240.75,35.01,CAUTION,MOVABLE
23.12,79.42,27.33,17.37,55.66,42.76,CAUTION,REST_RECOMMENDED
25.93,100.47,43.07,55.31,1740.69,77.28,REST_REQUIRED,REST_BEFORE_NEXT_VISIT
30.78,57.86,18.38,101.04,60.36,72.21,REST_REQUIRED,REST_BEFORE_NEXT_VISIT
26.84,140.0,18.43,119.43,1519.97,80.97,REST_REQUIRED,REST_BEFORE_NEXT_VISIT
27.99,92.45,21.97,100.94,1084.18,86.12,IMMEDIATE_REST,REST_BEFORE_NEXT_VISIT
34.0,42.22,25.8,50.21,686.04,69.61,REST_RECOMMENDED,REST_BEFORE_NEXT_VISIT
25.7,74.32,18.88,36.94,2180.64,62.72,REST_RECOMMENDED,REST_RECOMMENDED
23.8,41.09,24.79,44.46,159.4,38.31,CAUTION,MOVABLE
20.39,109.24,25.45,114.47,1214.2,49.81,CAUTION,REST_RECOMMENDED
30.93,61.93,33.95,73.68,1568.81,90.07,IMMEDIATE_REST,REST_BEFORE_NEXT_VISIT
28.5,107.27,5.75,101.29,922.43,85.93,IMMEDIATE_REST,REST_BEFORE_NEXT_VISIT
32.47,57.0,38.92,74.07,1800.44,80.04,REST_REQUIRED,REST_BEFORE_NEXT_VISIT
29.7,47.09,22.58,48.25,1926.61,76.78,REST_REQUIRED,REST_BEFORE_NEXT_VISIT
31.27,48.12,26.8,124.46,1234.3,79.22,REST_REQUIRED,REST_BEFORE_NEXT_VISIT
23.59,112.55,17.41,127.31,158.18,58.02,REST_RECOMMENDED,REST_RECOMMENDED
22.51,75.27,24.15,28.94,193.28,34.44,CAUTION,MOVABLE
30.13,81.58,52.4,106.5,1514.32,89.0,IMMEDIATE_REST,REST_BEFORE_NEXT_VISIT
29.99,108.5,44.42,88.53,326.12,94.9,IMMEDIATE_REST,REST_BEFORE_NEXT_VISIT
32.92,77.89,22.18,6.9,307.77,76.19,REST_REQUIRED,REST_BEFORE_NEXT_VISIT
27.68,120.34,28.91,71.16,1232.71,83.37,REST_REQUIRED,REST_BEFORE_NEXT_VISIT
20.85,76.94,40.4,89.2,358.66,37.53,CAUTION,MOVABLE
20.73,18.51,50.72,111.75,758.52,20.0,LOW,MOVABLE
30.0,112.02,12.35,110.62,964.42,95.68,IMMEDIATE_REST,REST_BEFORE_NEXT_VISIT
22.34,132.39,15.74,60.08,2196.51,51.55,REST_RECOMMENDED,REST_RECOMMENDED
24.17,57.5,36.4,46.1,2039.29,43.0,CAUTION,REST_RECOMMENDED
20.49,64.25,32.73,146.38,436.62,38.77,CAUTION,MOVABLE
31.04,29.15,26.93,121.23,852.93,67.66,REST_RECOMMENDED,REST_RECOMMENDED
28.24,55.45,32.85,90.21,1033.15,80.0,REST_REQUIRED,REST_BEFORE_NEXT_VISIT
30.29,33.21,38.27,84.04,996.35,80.37,REST_REQUIRED,REST_BEFORE_NEXT_VISIT
21.55,78.44,18.81,50.0,504.14,33.0,CAUTION,MOVABLE
31.88,43.2,22.34,68.54,707.24,73.05,REST_REQUIRED,REST_BEFORE_NEXT_VISIT
33.59,17.74,33.24,77.07,13.54,69.51,REST_RECOMMENDED,REST_BEFORE_NEXT_VISIT
29.35,87.51,11.7,55.13,218.08,72.53,REST_REQUIRED,REST_BEFORE_NEXT_VISIT
28.71,88.53,15.55,75.17,1180.38,79.79,REST_REQUIRED,REST_BEFORE_NEXT_VISIT
24.43,57.81,14.56,79.9,1581.68,40.96,CAUTION,REST_RECOMMENDED
26.5,55.38,24.34,148.07,1093.14,65.68,REST_RECOMMENDED,REST_RECOMMENDED
22.36,20.07,17.28,84.94,1133.55,26.59,LOW,MOVABLE
24.29,60.92,18.29,137.04,1678.51,53.53,REST_RECOMMENDED,REST_RECOMMENDED
27.0,79.16,32.14,41.14,1120.02,69.2,REST_RECOMMENDED,REST_BEFORE_NEXT_VISIT
19.18,90.1,48.11,64.23,580.76,46.06,CAUTION,REST_RECOMMENDED
25.87,49.43,33.45,114.59,803.96,67.24,REST_RECOMMENDED,REST_RECOMMENDED
26.32,57.43,23.69,155.01,783.33,60.0,REST_RECOMMENDED,REST_RECOMMENDED
28.87,54.67,20.36,55.26,1539.91,75.38,REST_REQUIRED,REST_BEFORE_NEXT_VISIT
28.45,23.21,37.64,101.88,205.11,72.16,REST_REQUIRED,REST_BEFORE_NEXT_VISIT
22.82,37.52,23.29,85.42,826.88,32.0,CAUTION,MOVABLE
23.89,86.39,21.0,36.0,895.84,50.33,REST_RECOMMENDED,REST_RECOMMENDED
21.96,32.74,30.61,88.43,1063.5,42.37,CAUTION,REST_RECOMMENDED
19.45,37.29,43.56,39.64,300.5,20.0,LOW,MOVABLE
29.24,20.56,36.85,98.1,289.47,72.47,REST_REQUIRED,REST_BEFORE_NEXT_VISIT
19.33,44.38,38.24,69.74,968.1,29.16,LOW,MOVABLE
21.12,114.52,1.59,77.04,1572.36,45.37,CAUTION,REST_RECOMMENDED
25.9,126.26,11.65,119.64,1277.47,80.03,REST_REQUIRED,REST_BEFORE_NEXT_VISIT
20.75,34.46,13.56,165.58,1265.62,27.61,LOW,MOVABLE
24.75,32.01,34.88,33.71,539.27,41.0,CAUTION,REST_RECOMMENDED
25.54,32.89,24.31,99.97,1190.42,63.0,REST_RECOMMENDED,REST_RECOMMENDED
20.57,83.22,29.86,53.29,566.47,30.19,CAUTION,MOVABLE
25.98,34.59,28.28,77.58,878.16,63.08,REST_RECOMMENDED,REST_RECOMMENDED
30.28,37.76,11.67,142.65,539.87,76.37,REST_REQUIRED,REST_BEFORE_NEXT_VISIT
24.88,58.31,36.99,133.1,2034.35,55.06,REST_RECOMMENDED,REST_RECOMMENDED
29.28,65.52,25.83,77.86,1197.89,89.76,IMMEDIATE_REST,REST_BEFORE_NEXT_VISIT
24.56,28.99,24.18,157.49,1097.11,43.89,CAUTION,REST_RECOMMENDED
32.1,87.31,16.73,38.92,274.83,70.57,REST_REQUIRED,REST_BEFORE_NEXT_VISIT
25.29,35.65,2.84,81.9,1933.76,52.0,REST_RECOMMENDED,REST_RECOMMENDED
33.0,18.48,28.1,58.52,1082.12,62.0,REST_RECOMMENDED,REST_RECOMMENDED
33.71,55.86,30.5,147.67,1927.28,81.14,REST_REQUIRED,REST_BEFORE_NEXT_VISIT
24.78,124.0,28.29,135.82,642.94,67.54,REST_RECOMMENDED,REST_RECOMMENDED
32.7,76.4,10.23,61.94,1167.2,82.03,REST_REQUIRED,REST_BEFORE_NEXT_VISIT
22.31,64.88,30.89,94.96,1105.43,55.54,REST_RECOMMENDED,REST_RECOMMENDED
22.66,98.4,23.41,34.11,1517.29,47.76,CAUTION,REST_RECOMMENDED
20.86,21.32,13.63,45.98,1791.51,9.93,LOW,MOVABLE
21.61,47.88,36.78,133.56,972.16,44.73,CAUTION,REST_RECOMMENDED
24.45,15.04,37.38,92.69,313.15,42.85,CAUTION,REST_RECOMMENDED
32.1,112.29,25.83,64.45,382.6,92.59,IMMEDIATE_REST,REST_BEFORE_NEXT_VISIT
31.48,33.24,18.26,34.79,60.3,64.3,REST_RECOMMENDED,REST_RECOMMENDED
17.63,57.74,16.8,20.05,1290.64,16.28,LOW,MOVABLE
25.76,77.54,12.93,27.91,1428.78,57.0,REST_RECOMMENDED,REST_RECOMMENDED
19.73,85.55,19.58,114.62,1279.51,32.82,CAUTION,MOVABLE
26.24,79.81,9.2,136.61,1816.13,69.69,REST_RECOMMENDED,REST_BEFORE_NEXT_VISIT
21.46,81.27,9.57,41.25,850.36,32.73,CAUTION,MOVABLE
24.55,86.42,11.43,56.79,214.91,44.51,CAUTION,REST_RECOMMENDED
27.48,124.59,14.33,47.76,1365.73,68.27,REST_RECOMMENDED,REST_RECOMMENDED
30.78,43.19,41.26,42.57,957.44,73.95,REST_REQUIRED,REST_BEFORE_NEXT_VISIT
17.77,18.56,8.1,98.27,988.79,13.39,LOW,MOVABLE
26.19,34.62,11.45,103.73,1561.82,62.63,REST_RECOMMENDED,REST_RECOMMENDED
26.81,116.03,17.4,60.99,769.45,71.49,REST_REQUIRED,REST_BEFORE_NEXT_VISIT
25.9,63.73,34.74,89.74,1207.46,75.99,REST_REQUIRED,REST_BEFORE_NEXT_VISIT
27.49,56.23,16.31,14.23,844.81,51.11,REST_RECOMMENDED,REST_RECOMMENDED
23.5,65.85,30.96,116.81,435.27,56.0,REST_RECOMMENDED,REST_RECOMMENDED
33.42,33.94,35.25,90.7,162.29,83.92,REST_REQUIRED,REST_BEFORE_NEXT_VISIT
20.99,36.88,35.37,38.6,566.68,29.12,LOW,MOVABLE
28.81,43.97,22.02,73.28,605.5,75.74,REST_REQUIRED,REST_BEFORE_NEXT_VISIT
31.61,60.43,7.04,121.69,1080.75,79.84,REST_REQUIRED,REST_BEFORE_NEXT_VISIT
23.63,56.74,37.61,37.97,1018.67,48.96,CAUTION,REST_RECOMMENDED
19.72,38.84,10.96,61.69,1579.71,25.87,LOW,MOVABLE
24.04,24.15,25.01,123.3,2774.11,43.71,CAUTION,REST_RECOMMENDED
21.87,21.4,39.56,71.96,1929.81,34.11,CAUTION,MOVABLE
27.36,42.96,12.44,28.96,1756.46,54.45,REST_RECOMMENDED,REST_RECOMMENDED
24.62,25.84,35.69,29.26,1175.68,36.76,CAUTION,MOVABLE
26.68,68.26,19.98,104.61,1011.89,72.87,REST_REQUIRED,REST_BEFORE_NEXT_VISIT
30.16,89.94,25.14,78.35,1015.77,89.57,IMMEDIATE_REST,REST_BEFORE_NEXT_VISIT
30.05,46.75,54.84,91.2,1864.15,82.81,REST_REQUIRED,REST_BEFORE_NEXT_VISIT
31.56,80.68,24.85,26.21,836.43,77.01,REST_REQUIRED,REST_BEFORE_NEXT_VISIT
29.03,71.75,22.57,46.28,1133.32,81.47,REST_REQUIRED,REST_BEFORE_NEXT_VISIT
32.76,61.07,44.86,99.09,1098.51,89.0,IMMEDIATE_REST,REST_BEFORE_NEXT_VISIT
28.85,97.71,18.07,88.11,492.41,88.59,IMMEDIATE_REST,REST_BEFORE_NEXT_VISIT
25.92,59.93,39.84,36.9,297.39,58.34,REST_RECOMMENDED,REST_RECOMMENDED
21.68,19.13,38.53,87.47,1364.37,29.25,LOW,MOVABLE
33.69,83.49,16.03,66.67,1106.65,81.79,REST_REQUIRED,REST_BEFORE_NEXT_VISIT
28.84,109.12,48.07,129.8,1077.19,97.0,IMMEDIATE_REST,REST_BEFORE_NEXT_VISIT
24.37,21.46,27.63,112.93,1647.55,44.03,CAUTION,REST_RECOMMENDED
23.72,48.31,33.41,93.25,909.25,50.0,REST_RECOMMENDED,REST_RECOMMENDED
21.6,53.9,35.08,85.94,490.5,34.0,CAUTION,MOVABLE
25.47,40.06,51.57,133.97,619.4,67.91,REST_RECOMMENDED,REST_RECOMMENDED
22.64,82.73,15.99,110.18,323.05,40.62,CAUTION,REST_RECOMMENDED
22.27,66.87,47.29,80.06,228.86,42.48,CAUTION,REST_RECOMMENDED
21.53,111.58,42.47,127.39,818.53,57.93,REST_RECOMMENDED,REST_RECOMMENDED
21.17,108.76,21.61,39.8,615.98,50.99,REST_RECOMMENDED,REST_RECOMMENDED
22.39,130.58,13.54,80.96,1170.56,48.07,CAUTION,REST_RECOMMENDED
27.57,53.54,7.71,143.29,741.75,57.6,REST_RECOMMENDED,REST_RECOMMENDED
23.08,54.68,24.04,110.3,271.6,42.0,CAUTION,REST_RECOMMENDED
27.05,58.9,26.0,115.93,824.0,66.95,REST_RECOMMENDED,REST_RECOMMENDED
34.08,89.2,36.75,11.24,210.14,77.42,REST_REQUIRED,REST_BEFORE_NEXT_VISIT
24.79,102.0,13.25,30.9,498.64,52.82,REST_RECOMMENDED,REST_RECOMMENDED
22.94,74.69,43.33,36.21,1304.04,42.0,CAUTION,REST_RECOMMENDED
21.98,50.32,19.68,36.3,220.16,21.0,LOW,MOVABLE
25.57,19.12,8.18,67.88,359.15,43.19,CAUTION,REST_RECOMMENDED
17.35,44.57,19.73,111.14,1198.43,30.3,CAUTION,MOVABLE
33.03,53.13,42.65,24.39,1572.02,71.23,REST_REQUIRED,REST_BEFORE_NEXT_VISIT
25.45,76.59,12.61,74.74,82.43,61.18,REST_RECOMMENDED,REST_RECOMMENDED
28.6,72.09,27.4,33.7,718.91,78.71,REST_REQUIRED,REST_BEFORE_NEXT_VISIT
31.89,90.85,27.08,9.28,398.37,82.34,REST_REQUIRED,REST_BEFORE_NEXT_VISIT
26.47,64.78,25.79,92.19,2030.23,71.0,REST_REQUIRED,REST_BEFORE_NEXT_VISIT
21.79,77.06,37.98,73.1,436.65,43.59,CAUTION,REST_RECOMMENDED
17.25,117.89,45.73,126.13,1867.54,47.18,CAUTION,REST_RECOMMENDED
26.86,117.7,23.24,50.47,809.59,78.56,REST_REQUIRED,REST_BEFORE_NEXT_VISIT
18.1,114.56,56.0,166.57,1466.7,48.26,CAUTION,REST_RECOMMENDED
21.95,71.33,11.17,99.95,2048.77,42.0,CAUTION,REST_RECOMMENDED
27.48,102.95,21.99,65.51,758.0,75.7,REST_REQUIRED,REST_BEFORE_NEXT_VISIT
23.34,44.77,22.94,54.28,705.51,42.26,CAUTION,REST_RECOMMENDED
22.83,115.11,32.55,40.96,1638.0,57.54,REST_RECOMMENDED,REST_RECOMMENDED
30.71,79.01,40.19,122.21,2471.38,89.03,IMMEDIATE_REST,REST_BEFORE_NEXT_VISIT
29.59,50.17,1.93,83.15,1596.71,70.62,REST_REQUIRED,REST_BEFORE_NEXT_VISIT
31.46,94.86,13.44,37.42,952.71,86.02,IMMEDIATE_REST,REST_BEFORE_NEXT_VISIT
17.15,120.77,30.26,32.38,1691.61,44.7,CAUTION,REST_RECOMMENDED
19.08,82.89,26.91,30.7,867.49,27.0,LOW,MOVABLE
29.89,135.83,7.63,164.21,2177.14,93.76,IMMEDIATE_REST,REST_BEFORE_NEXT_VISIT
23.94,22.1,19.28,123.34,481.73,32.26,CAUTION,MOVABLE
30.36,100.48,25.6,113.32,708.96,97.63,IMMEDIATE_REST,REST_BEFORE_NEXT_VISIT
26.48,144.44,9.06,71.47,652.98,75.09,REST_REQUIRED,REST_BEFORE_NEXT_VISIT
20.97,90.18,32.28,103.22,1058.05,48.28,CAUTION,REST_RECOMMENDED
26.14,17.36,7.68,91.86,171.67,48.75,CAUTION,REST_RECOMMENDED
16.73,20.68,25.74,99.38,217.32,18.26,LOW,MOVABLE
27.0,149.37,44.63,46.39,1709.97,75.91,REST_REQUIRED,REST_BEFORE_NEXT_VISIT
31.41,108.55,20.41,35.76,858.15,85.0,IMMEDIATE_REST,REST_BEFORE_NEXT_VISIT
27.34,71.81,51.3,17.62,1904.67,68.61,REST_RECOMMENDED,REST_RECOMMENDED
28.67,104.37,42.82,22.72,334.95,84.88,REST_REQUIRED,REST_BEFORE_NEXT_VISIT
19.77,83.86,3.5,82.85,360.66,25.43,LOW,MOVABLE
20.35,69.79,45.63,58.3,1178.8,35.13,CAUTION,MOVABLE
15.82,25.24,8.73,56.45,888.97,5.91,LOW,MOVABLE
31.41,39.32,39.76,128.61,46.5,75.66,REST_REQUIRED,REST_BEFORE_NEXT_VISIT
34.48,59.4,35.38,85.84,1363.76,80.49,REST_REQUIRED,REST_BEFORE_NEXT_VISIT
19.47,130.16,26.98,125.33,1923.96,44.0,CAUTION,REST_RECOMMENDED
28.41,31.12,9.83,149.72,424.57,74.14,REST_REQUIRED,REST_BEFORE_NEXT_VISIT
21.59,44.49,36.13,78.73,937.43,40.16,CAUTION,REST_RECOMMENDED
22.03,91.38,30.41,44.76,868.63,55.2,REST_RECOMMENDED,REST_RECOMMENDED
21.18,81.62,17.67,96.74,811.64,41.09,CAUTION,REST_RECOMMENDED
17.61,93.56,7.8,52.2,1105.29,35.65,CAUTION,MOVABLE
17.64,91.11,12.83,96.14,1544.36,48.01,CAUTION,REST_RECOMMENDED
28.18,16.91,8.26,64.21,967.1,60.43,REST_RECOMMENDED,REST_RECOMMENDED
22.75,89.47,27.96,82.6,1250.88,49.17,CAUTION,REST_RECOMMENDED
28.03,172.34,28.34,23.39,165.88,87.83,IMMEDIATE_REST,REST_BEFORE_NEXT_VISIT
29.0,23.06,15.88,21.14,1161.31,59.06,REST_RECOMMENDED,REST_RECOMMENDED
21.09,49.44,23.36,72.65,1428.01,37.57,CAUTION,MOVABLE
23.82,110.83,17.55,7.94,1080.15,56.22,REST_RECOMMENDED,REST_RECOMMENDED
29.14,79.02,3.7,157.76,1485.21,83.12,REST_REQUIRED,REST_BEFORE_NEXT_VISIT
32.47,112.48,31.64,9.34,155.11,82.0,REST_REQUIRED,REST_BEFORE_NEXT_VISIT
27.13,23.41,16.65,99.61,1203.68,53.6,REST_RECOMMENDED,REST_RECOMMENDED
30.88,129.16,10.7,35.85,1516.28,86.71,IMMEDIATE_REST,REST_BEFORE_NEXT_VISIT
26.24,86.21,26.38,92.47,450.24,71.8,REST_REQUIRED,REST_BEFORE_NEXT_VISIT
21.49,94.43,27.04,63.5,1733.69,56.25,REST_RECOMMENDED,REST_RECOMMENDED
22.88,38.67,8.68,69.91,1631.32,29.93,LOW,MOVABLE
20.76,48.14,11.73,159.46,575.6,23.11,LOW,MOVABLE
23.61,86.3,28.78,45.79,1153.28,52.96,REST_RECOMMENDED,REST_RECOMMENDED
28.95,35.82,5.67,66.95,156.17,64.41,REST_RECOMMENDED,REST_RECOMMENDED
20.45,49.62,25.91,66.98,1793.56,27.03,LOW,MOVABLE
28.46,44.39,25.34,108.26,352.24,79.78,REST_REQUIRED,REST_BEFORE_NEXT_VISIT
24.64,33.43,22.61,79.72,713.64,47.97,CAUTION,REST_RECOMMENDED
27.87,90.68,18.71,28.09,2578.49,67.68,REST_RECOMMENDED,REST_RECOMMENDED
31.86,39.83,26.38,132.05,1423.2,81.96,REST_REQUIRED,REST_BEFORE_NEXT_VISIT
26.1,80.38,51.2,144.27,941.63,72.35,REST_REQUIRED,REST_BEFORE_NEXT_VISIT
30.77,83.16,7.47,94.6,1570.77,80.19,REST_REQUIRED,REST_BEFORE_NEXT_VISIT
20.84,62.23,10.58,61.16,824.5,27.24,LOW,MOVABLE
17.02,1.28,20.86,45.6,1276.44,16.62,LOW,MOVABLE
23.02,147.36,26.42,101.25,827.83,63.22,REST_RECOMMENDED,REST_RECOMMENDED
28.99,53.48,37.85,83.22,1159.36,79.62,REST_REQUIRED,REST_BEFORE_NEXT_VISIT
19.73,69.79,11.43,94.33,861.46,32.15,CAUTION,MOVABLE
24.0,82.23,11.99,91.05,134.93,48.25,CAUTION,REST_RECOMMENDED
21.83,20.91,43.53,126.67,333.0,29.0,LOW,MOVABLE
27.76,33.77,31.1,29.11,510.25,57.76,REST_RECOMMENDED,REST_RECOMMENDED
25.24,103.06,15.49,113.88,285.03,73.88,REST_REQUIRED,REST_BEFORE_NEXT_VISIT
24.25,115.86,16.21,54.55,584.25,54.04,REST_RECOMMENDED,REST_RECOMMENDED
21.65,14.92,42.89,23.53,592.94,20.0,LOW,MOVABLE
16.36,153.45,11.26,84.6,1552.52,39.17,CAUTION,REST_RECOMMENDED
24.59,62.23,34.89,134.07,1172.18,62.97,REST_RECOMMENDED,REST_RECOMMENDED
26.26,44.8,36.25,26.13,173.86,51.54,REST_RECOMMENDED,REST_RECOMMENDED
20.91,18.43,14.84,4.1,1000.62,7.44,LOW,MOVABLE
33.44,19.19,45.69,146.55,1050.49,74.25,REST_REQUIRED,REST_BEFORE_NEXT_VISIT
23.16,61.0,13.62,96.2,964.46,55.79,REST_RECOMMENDED,REST_RECOMMENDED
22.8,18.22,39.4,44.44,1005.39,25.74,LOW,MOVABLE
19.05,107.34,31.37,26.48,305.86,35.23,CAUTION,MOVABLE
26.04,66.8,3.02,57.12,401.93,56.2,REST_RECOMMENDED,REST_RECOMMENDED
32.99,55.44,13.04,57.43,531.19,67.33,REST_RECOMMENDED,REST_RECOMMENDED
20.4,82.78,39.36,144.64,625.05,37.0,CAUTION,MOVABLE
25.52,30.03,31.52,48.57,818.72,63.67,REST_RECOMMENDED,REST_RECOMMENDED
23.82,106.41,7.33,52.48,1789.85,59.85,REST_RECOMMENDED,REST_RECOMMENDED
20.7,89.16,22.76,169.57,1819.25,41.15,CAUTION,REST_RECOMMENDED
25.04,24.66,32.95,141.32,1563.55,64.09,REST_RECOMMENDED,REST_RECOMMENDED
31.62,23.97,12.28,58.93,576.03,56.0,REST_RECOMMENDED,REST_RECOMMENDED
24.58,70.43,36.15,72.85,423.52,59.05,REST_RECOMMENDED,REST_RECOMMENDED
26.58,22.83,32.45,89.14,2135.18,54.0,REST_RECOMMENDED,REST_RECOMMENDED
30.33,34.81,38.34,94.72,157.02,76.81,REST_REQUIRED,REST_BEFORE_NEXT_VISIT
19.7,129.2,21.01,78.39,434.83,43.15,CAUTION,REST_RECOMMENDED
23.07,63.74,41.16,9.3,592.0,51.89,REST_RECOMMENDED,REST_RECOMMENDED
23.92,73.1,40.04,47.27,757.06,54.25,REST_RECOMMENDED,REST_RECOMMENDED
26.24,84.38,20.58,16.52,1066.68,61.0,REST_RECOMMENDED,REST_RECOMMENDED
27.58,62.89,1.59,68.56,1192.25,65.65,REST_RECOMMENDED,REST_RECOMMENDED
28.18,63.82,35.02,41.96,1713.64,86.86,IMMEDIATE_REST,REST_BEFORE_NEXT_VISIT
23.21,102.56,20.62,49.98,1682.21,57.0,REST_RECOMMENDED,REST_RECOMMENDED
24.32,128.93,33.45,110.42,1378.39,69.28,REST_RECOMMENDED,REST_BEFORE_NEXT_VISIT
20.69,25.22,34.21,96.15,643.97,20.0,LOW,MOVABLE
25.65,123.06,28.69,131.54,2059.25,80.5,REST_REQUIRED,REST_BEFORE_NEXT_VISIT
28.63,118.05,23.89,111.12,278.19,90.41,IMMEDIATE_REST,REST_BEFORE_NEXT_VISIT
23.57,51.11,41.27,76.87,186.41,42.0,CAUTION,REST_RECOMMENDED
22.22,106.73,11.16,122.74,125.92,48.8,CAUTION,REST_RECOMMENDED
25.33,82.12,45.66,138.78,1210.15,76.36,REST_REQUIRED,REST_BEFORE_NEXT_VISIT
33.61,53.31,47.04,89.69,515.74,81.58,REST_REQUIRED,REST_BEFORE_NEXT_VISIT
24.24,63.48,21.51,104.79,810.25,56.24,REST_RECOMMENDED,REST_RECOMMENDED
22.05,100.02,19.83,72.78,1467.77,47.69,CAUTION,REST_RECOMMENDED
19.66,37.16,11.94,60.14,1149.33,20.08,LOW,MOVABLE
32.17,26.69,12.0,145.92,2130.2,70.69,REST_REQUIRED,REST_BEFORE_NEXT_VISIT
20.7,115.08,6.28,32.13,1466.39,33.61,CAUTION,MOVABLE
24.24,82.86,29.43,54.7,756.87,51.85,REST_RECOMMENDED,REST_RECOMMENDED
24.4,84.13,13.73,64.99,1545.33,54.99,REST_RECOMMENDED,REST_RECOMMENDED
20.68,73.41,8.83,125.85,546.55,30.68,CAUTION,MOVABLE
23.12,132.07,12.37,57.76,2719.95,58.31,REST_RECOMMENDED,REST_RECOMMENDED
23.09,118.44,35.62,58.33,257.36,57.15,REST_RECOMMENDED,REST_RECOMMENDED
28.91,132.25,5.35,82.11,2116.15,89.13,IMMEDIATE_REST,REST_BEFORE_NEXT_VISIT
16.6,160.0,6.52,43.84,1532.94,31.62,CAUTION,MOVABLE
25.47,55.68,43.64,87.99,1109.59,62.0,REST_RECOMMENDED,REST_RECOMMENDED
32.4,42.76,38.49,25.9,2304.03,70.0,REST_REQUIRED,REST_BEFORE_NEXT_VISIT
26.63,66.95,43.51,113.22,1755.08,78.02,REST_REQUIRED,REST_BEFORE_NEXT_VISIT
23.92,83.63,8.44,146.32,1904.96,54.8,REST_RECOMMENDED,REST_RECOMMENDED
28.28,85.89,15.36,124.32,1846.76,85.69,IMMEDIATE_REST,REST_BEFORE_NEXT_VISIT
25.32,45.1,8.52,40.3,2032.94,48.0,CAUTION,REST_RECOMMENDED
25.81,81.28,27.66,86.86,655.66,70.0,REST_REQUIRED,REST_BEFORE_NEXT_VISIT
27.8,57.29,34.94,88.94,1228.65,62.0,REST_RECOMMENDED,REST_RECOMMENDED
31.6,109.4,14.4,99.39,815.0,88.0,IMMEDIATE_REST,REST_BEFORE_NEXT_VISIT
23.64,26.21,16.59,54.36,1410.35,28.0,LOW,MOVABLE
23.25,20.56,14.47,67.74,145.87,29.09,LOW,MOVABLE
32.11,80.37,11.71,35.99,399.7,81.17,REST_REQUIRED,REST_BEFORE_NEXT_VISIT
20.02,89.78,32.6,61.46,69.03,31.0,CAUTION,MOVABLE
30.7,20.5,5.62,41.28,2040.87,62.4,REST_RECOMMENDED,REST_RECOMMENDED
17.18,14.85,5.64,18.54,673.28,5.54,LOW,MOVABLE
18.69,71.99,50.28,134.96,977.11,41.78,CAUTION,REST_RECOMMENDED
22.74,47.72,35.14,125.84,1397.71,45.53,CAUTION,REST_RECOMMENDED
16.83,29.61,26.93,101.27,1781.28,24.88,LOW,MOVABLE
20.08,93.5,27.69,49.6,1016.41,45.0,CAUTION,REST_RECOMMENDED
27.7,48.51,24.78,100.9,616.86,60.0,REST_RECOMMENDED,REST_RECOMMENDED
22.14,144.18,20.66,74.6,2098.08,52.53,REST_RECOMMENDED,REST_RECOMMENDED
29.12,112.81,5.62,118.31,282.82,87.26,IMMEDIATE_REST,REST_BEFORE_NEXT_VISIT
25.36,100.24,31.28,78.66,1196.49,80.69,REST_REQUIRED,REST_BEFORE_NEXT_VISIT
27.61,105.05,43.89,59.15,506.07,77.89,REST_REQUIRED,REST_BEFORE_NEXT_VISIT
21.9,83.54,19.48,124.99,639.55,42.06,CAUTION,REST_RECOMMENDED
27.77,111.31,43.7,82.32,1112.53,81.41,REST_REQUIRED,REST_BEFORE_NEXT_VISIT
24.49,46.44,26.81,51.11,2585.38,47.72,CAUTION,REST_RECOMMENDED
25.57,129.34,32.44,147.0,1650.7,83.32,REST_REQUIRED,REST_BEFORE_NEXT_VISIT
18.65,83.68,7.66,72.79,1304.59,31.26,CAUTION,MOVABLE
27.37,55.85,27.66,125.93,670.11,62.99,REST_RECOMMENDED,REST_RECOMMENDED
20.04,33.47,33.12,41.76,674.66,21.0,LOW,MOVABLE
28.75,89.06,10.73,138.16,368.59,79.0,REST_REQUIRED,REST_BEFORE_NEXT_VISIT
26.48,102.55,28.47,41.54,161.71,74.36,REST_REQUIRED,REST_BEFORE_NEXT_VISIT
27.59,86.78,39.48,86.84,647.7,76.92,REST_REQUIRED,REST_BEFORE_NEXT_VISIT
22.55,105.17,30.35,47.39,1992.93,52.39,REST_RECOMMENDED,REST_RECOMMENDED
28.56,39.04,20.11,59.18,972.32,68.0,REST_RECOMMENDED,REST_RECOMMENDED
27.61,122.0,12.8,142.62,420.91,74.6,REST_REQUIRED,REST_BEFORE_NEXT_VISIT
33.15,32.33,33.3,18.84,1597.39,75.47,REST_REQUIRED,REST_BEFORE_NEXT_VISIT
30.5,110.65,3.68,148.16,107.04,90.0,IMMEDIATE_REST,REST_BEFORE_NEXT_VISIT
26.22,114.9,43.48,120.19,2100.15,82.0,REST_REQUIRED,REST_BEFORE_NEXT_VISIT
25.69,65.92,50.29,138.47,1698.68,81.55,REST_REQUIRED,REST_BEFORE_NEXT_VISIT
29.39,67.45,15.46,85.9,1419.06,83.56,REST_REQUIRED,REST_BEFORE_NEXT_VISIT
22.68,46.76,5.98,103.95,1037.37,31.77,CAUTION,MOVABLE
19.86,93.76,44.33,58.62,947.2,41.28,CAUTION,REST_RECOMMENDED
32.7,37.11,28.94,90.27,1515.46,84.12,REST_REQUIRED,REST_BEFORE_NEXT_VISIT
26.68,80.27,11.93,88.53,1484.69,66.6,REST_RECOMMENDED,REST_RECOMMENDED
21.96,56.65,15.84,70.59,1389.65,33.81,CAUTION,MOVABLE
25.12,76.95,16.88,88.6,873.69,62.0,REST_RECOMMENDED,REST_RECOMMENDED
26.72,120.41,40.48,122.84,707.52,82.35,REST_REQUIRED,REST_BEFORE_NEXT_VISIT
24.54,108.76,32.63,124.27,834.37,68.52,REST_RECOMMENDED,REST_RECOMMENDED
30.86,45.14,2.19,66.9,1443.68,71.64,REST_REQUIRED,REST_BEFORE_NEXT_VISIT
22.9,40.32,34.71,168.7,452.87,39.13,CAUTION,REST_RECOMMENDED
31.63,53.18,35.26,83.98,728.17,77.57,REST_REQUIRED,REST_BEFORE_NEXT_VISIT
16.97,97.64,26.82,76.75,898.19,41.09,CAUTION,REST_RECOMMENDED
19.8,108.94,38.89,63.03,755.92,45.09,CAUTION,REST_RECOMMENDED
32.95,83.38,22.74,48.83,1921.4,80.14,REST_REQUIRED,REST_BEFORE_NEXT_VISIT
31.09,55.99,27.08,101.95,677.48,75.83,REST_REQUIRED,REST_BEFORE_NEXT_VISIT
20.88,104.11,17.38,133.43,485.3,42.83,CAUTION,REST_RECOMMENDED
22.93,22.71,54.67,19.64,872.38,25.5,LOW,MOVABLE
20.92,171.62,19.43,93.65,2152.56,49.12,CAUTION,REST_RECOMMENDED
27.42,76.89,8.4,63.23,1289.79,64.2,REST_RECOMMENDED,REST_RECOMMENDED
21.98,82.74,6.26,100.54,2101.44,42.65,CAUTION,REST_RECOMMENDED
20.31,157.44,26.46,34.73,1052.76,42.22,CAUTION,REST_RECOMMENDED
25.41,57.43,29.04,73.23,488.26,56.0,REST_RECOMMENDED,REST_RECOMMENDED
22.86,19.85,46.35,63.83,193.57,25.79,LOW,MOVABLE
23.16,71.33,11.97,114.61,1386.91,52.26,REST_RECOMMENDED,REST_RECOMMENDED
30.06,97.39,51.04,87.29,2141.22,96.18,IMMEDIATE_REST,REST_BEFORE_NEXT_VISIT
20.43,62.49,15.91,99.79,670.64,35.48,CAUTION,MOVABLE
27.55,46.16,29.49,72.7,609.53,57.0,REST_RECOMMENDED,REST_RECOMMENDED
33.24,37.86,31.74,69.44,773.89,79.75,REST_REQUIRED,REST_BEFORE_NEXT_VISIT
23.77,79.14,38.68,37.47,2267.72,57.02,REST_RECOMMENDED,REST_RECOMMENDED
19.68,38.67,34.05,90.67,982.73,28.0,LOW,MOVABLE
28.77,132.64,14.78,47.35,1612.33,83.33,REST_REQUIRED,REST_BEFORE_NEXT_VISIT
25.66,52.39,32.7,64.53,993.57,66.05,REST_RECOMMENDED,REST_RECOMMENDED
30.01,84.68,34.09,68.9,1322.35,94.36,IMMEDIATE_REST,REST_BEFORE_NEXT_VISIT
33.89,42.74,26.96,112.9,1325.52,79.03,REST_REQUIRED,REST_BEFORE_NEXT_VISIT
21.51,51.09,24.25,38.82,654.37,30.69,CAUTION,MOVABLE
31.67,99.37,14.77,58.32,417.11,81.34,REST_REQUIRED,REST_BEFORE_NEXT_VISIT
22.67,99.5,7.15,66.0,1273.68,44.0,CAUTION,REST_RECOMMENDED
25.25,83.82,40.75,79.88,226.98,75.03,REST_REQUIRED,REST_BEFORE_NEXT_VISIT
21.67,53.65,44.35,117.24,278.63,36.15,CAUTION,MOVABLE
24.74,63.58,26.38,132.86,1851.82,59.21,REST_RECOMMENDED,REST_RECOMMENDED
32.09,53.59,4.37,74.81,683.8,65.46,REST_RECOMMENDED,REST_RECOMMENDED
28.34,57.95,29.08,81.85,1589.18,74.0,REST_REQUIRED,REST_BEFORE_NEXT_VISIT
24.12,68.43,28.35,38.39,921.89,51.64,REST_RECOMMENDED,REST_RECOMMENDED
21.54,58.7,11.59,78.99,1557.05,30.37,CAUTION,MOVABLE
26.1,101.0,9.55,89.87,449.07,70.76,REST_REQUIRED,REST_BEFORE_NEXT_VISIT
19.29,37.84,20.12,65.17,647.82,26.39,LOW,MOVABLE
18.15,20.23,12.24,38.01,656.14,11.38,LOW,MOVABLE
17.61,90.37,2.27,87.47,440.37,36.98,CAUTION,MOVABLE
28.76,145.59,4.22,70.88,1443.92,87.38,IMMEDIATE_REST,REST_BEFORE_NEXT_VISIT
32.17,32.8,32.77,43.4,99.33,72.21,REST_REQUIRED,REST_BEFORE_NEXT_VISIT
18.8,78.86,3.85,105.86,1148.73,33.3,CAUTION,MOVABLE
23.05,79.66,35.92,43.94,471.86,50.4,REST_RECOMMENDED,REST_RECOMMENDED
22.48,77.94,9.83,108.21,2257.64,41.78,CAUTION,REST_RECOMMENDED
30.57,88.28,36.7,77.67,1453.29,92.29,IMMEDIATE_REST,REST_BEFORE_NEXT_VISIT
29.2,48.21,14.88,90.22,585.87,72.58,REST_REQUIRED,REST_BEFORE_NEXT_VISIT
25.25,116.54,26.01,103.16,618.43,77.82,REST_REQUIRED,REST_BEFORE_NEXT_VISIT
30.94,48.88,30.23,59.94,286.83,71.06,REST_REQUIRED,REST_BEFORE_NEXT_VISIT
32.25,17.52,6.98,32.29,200.91,50.13,REST_RECOMMENDED,REST_RECOMMENDED
22.75,66.77,21.6,111.92,839.28,44.77,CAUTION,REST_RECOMMENDED
26.97,97.3,22.91,80.45,1556.8,76.77,REST_REQUIRED,REST_BEFORE_NEXT_VISIT
22.75,77.67,25.33,31.74,575.11,39.22,CAUTION,REST_RECOMMENDED
28.9,29.14,17.96,24.37,454.96,58.38,REST_RECOMMENDED,REST_RECOMMENDED
25.73,90.91,20.58,93.1,1654.28,81.22,REST_REQUIRED,REST_BEFORE_NEXT_VISIT
18.0,124.65,34.79,48.26,711.53,44.13,CAUTION,REST_RECOMMENDED
24.04,113.11,27.72,55.18,801.27,62.53,REST_RECOMMENDED,REST_RECOMMENDED
19.74,10.68,20.56,104.16,136.66,16.49,LOW,MOVABLE
32.02,89.51,17.35,114.56,1122.28,88.34,IMMEDIATE_REST,REST_BEFORE_NEXT_VISIT
21.92,66.38,10.22,123.94,596.84,45.79,CAUTION,REST_RECOMMENDED
30.24,41.37,24.48,67.58,672.38,72.85,REST_REQUIRED,REST_BEFORE_NEXT_VISIT
25.44,58.21,22.4,40.11,348.89,52.0,REST_RECOMMENDED,REST_RECOMMENDED
30.2,41.82,47.94,69.22,389.55,80.77,REST_REQUIRED,REST_BEFORE_NEXT_VISIT
29.4,116.91,8.21,62.88,1645.65,87.5,IMMEDIATE_REST,REST_BEFORE_NEXT_VISIT
25.95,58.23,19.48,95.28,701.16,61.33,REST_RECOMMENDED,REST_RECOMMENDED
27.96,99.94,16.99,107.68,1088.82,82.5,REST_REQUIRED,REST_BEFORE_NEXT_VISIT
23.35,89.97,26.64,57.4,952.62,49.36,CAUTION,REST_RECOMMENDED
21.49,10.75,7.77,38.55,818.15,16.0,LOW,MOVABLE
20.8,49.51,45.81,102.04,1568.17,30.0,CAUTION,MOVABLE
18.33,134.97,23.48,47.16,2082.16,40.95,CAUTION,REST_RECOMMENDED
23.75,10.47,16.97,62.97,1150.43,38.94,CAUTION,MOVABLE
28.4,44.19,19.03,88.86,1526.66,74.48,REST_REQUIRED,REST_BEFORE_NEXT_VISIT
30.79,97.65,7.89,121.0,564.9,85.44,IMMEDIATE_REST,REST_BEFORE_NEXT_VISIT
32.05,81.09,30.79,103.41,303.55,89.15,IMMEDIATE_REST,REST_BEFORE_NEXT_VISIT
30.59,71.63,33.13,40.48,1149.22,85.83,IMMEDIATE_REST,REST_BEFORE_NEXT_VISIT
24.08,85.64,56.57,67.33,276.18,54.54,REST_RECOMMENDED,REST_RECOMMENDED
31.7,5.32,20.44,63.66,1084.59,74.16,REST_REQUIRED,REST_BEFORE_NEXT_VISIT
19.35,15.36,39.64,84.62,837.69,18.6,LOW,MOVABLE
23.08,41.0,40.4,59.9,1000.71,44.36,CAUTION,REST_RECOMMENDED
21.0,17.41,44.86,92.97,1193.49,36.11,CAUTION,MOVABLE
23.92,88.78,34.31,82.29,670.47,61.27,REST_RECOMMENDED,REST_RECOMMENDED
28.61,97.75,2.58,67.76,27.54,88.05,IMMEDIATE_REST,REST_BEFORE_NEXT_VISIT
20.48,118.4,43.89,51.01,1249.74,44.32,CAUTION,REST_RECOMMENDED
22.83,18.22,17.01,48.57,1771.59,20.03,LOW,MOVABLE
18.18,125.47,10.54,98.42,875.62,38.67,CAUTION,MOVABLE
24.91,141.74,19.4,113.24,239.45,55.42,REST_RECOMMENDED,REST_RECOMMENDED
22.12,108.67,28.28,112.46,1791.38,61.98,REST_RECOMMENDED,REST_RECOMMENDED
28.51,47.81,20.72,21.36,856.54,72.08,REST_REQUIRED,REST_BEFORE_NEXT_VISIT
21.46,42.82,12.72,57.31,116.6,21.0,LOW,MOVABLE
32.74,66.8,34.04,127.48,760.71,92.15,IMMEDIATE_REST,REST_BEFORE_NEXT_VISIT
28.07,106.38,18.46,51.31,1045.35,84.83,REST_REQUIRED,REST_BEFORE_NEXT_VISIT
33.35,13.31,36.6,61.33,823.75,72.91,REST_REQUIRED,REST_BEFORE_NEXT_VISIT
30.91,51.99,22.46,39.87,771.34,71.73,REST_REQUIRED,REST_BEFORE_NEXT_VISIT
22.98,123.86,48.33,39.97,428.64,47.67,CAUTION,REST_RECOMMENDED
29.2,70.77,19.07,16.21,919.27,76.83,REST_REQUIRED,REST_BEFORE_NEXT_VISIT
18.64,78.31,24.31,100.07,1746.64,38.81,CAUTION,MOVABLE
22.89,64.66,37.71,92.75,520.57,53.03,REST_RECOMMENDED,REST_RECOMMENDED
22.8,79.35,46.48,64.01,1320.74,46.67,CAUTION,REST_RECOMMENDED
27.99,121.22,16.84,102.39,923.27,75.6,REST_REQUIRED,REST_BEFORE_NEXT_VISIT
27.77,46.85,36.18,115.06,397.05,62.0,REST_RECOMMENDED,REST_RECOMMENDED
21.17,71.47,27.92,89.32,939.47,41.0,CAUTION,REST_RECOMMENDED
20.57,35.35,16.4,50.66,588.06,15.41,LOW,MOVABLE
31.61,61.88,11.1,102.17,1427.61,82.0,REST_REQUIRED,REST_BEFORE_NEXT_VISIT
28.81,107.99,8.56,51.69,946.75,86.7,IMMEDIATE_REST,REST_BEFORE_NEXT_VISIT
32.78,48.03,39.05,89.64,2034.3,80.5,REST_REQUIRED,REST_BEFORE_NEXT_VISIT
23.66,25.64,4.76,64.5,1025.37,31.38,CAUTION,MOVABLE
23.35,103.78,12.88,31.76,858.09,53.16,REST_RECOMMENDED,REST_RECOMMENDED
23.51,44.12,22.79,66.69,332.15,44.88,CAUTION,REST_RECOMMENDED
21.76,46.48,28.33,128.41,329.95,38.83,CAUTION,MOVABLE
25.02,10.35,50.52,82.63,220.26,57.0,REST_RECOMMENDED,REST_RECOMMENDED
21.58,49.44,29.03,83.14,1251.0,38.9,CAUTION,MOVABLE
21.05,29.84,11.37,52.58,165.87,16.05,LOW,MOVABLE
25.53,89.9,6.55,124.91,1116.68,66.93,REST_RECOMMENDED,REST_RECOMMENDED
18.73,142.18,45.44,23.37,137.19,37.57,CAUTION,MOVABLE
26.05,57.83,13.87,119.98,132.48,54.55,REST_RECOMMENDED,REST_RECOMMENDED
27.55,25.5,26.89,67.02,2013.28,52.01,REST_RECOMMENDED,REST_RECOMMENDED
34.03,136.84,45.73,119.05,474.2,97.26,IMMEDIATE_REST,REST_BEFORE_NEXT_VISIT
22.42,82.21,33.06,30.24,804.49,46.13,CAUTION,REST_RECOMMENDED
18.91,159.41,26.55,79.21,500.19,40.09,CAUTION,REST_RECOMMENDED
28.69,37.16,14.06,101.8,1499.43,78.29,REST_REQUIRED,REST_BEFORE_NEXT_VISIT
21.83,97.06,33.97,43.27,1365.69,50.0,REST_RECOMMENDED,REST_RECOMMENDED
29.86,27.96,19.16,43.52,801.52,56.0,REST_RECOMMENDED,REST_RECOMMENDED
30.9,41.62,14.44,53.57,2457.24,74.46,REST_REQUIRED,REST_BEFORE_NEXT_VISIT
20.25,15.75,22.9,73.83,1466.63,16.54,LOW,MOVABLE
23.64,73.62,27.26,27.23,351.24,49.47,CAUTION,REST_RECOMMENDED
32.6,95.92,29.73,130.89,1338.24,99.09,IMMEDIATE_REST,REST_BEFORE_NEXT_VISIT
22.84,55.6,25.3,90.71,576.72,43.27,CAUTION,REST_RECOMMENDED
27.66,98.11,44.98,108.97,1944.04,82.0,REST_REQUIRED,REST_BEFORE_NEXT_VISIT
25.45,66.37,42.54,73.95,1164.58,71.0,REST_REQUIRED,REST_BEFORE_NEXT_VISIT
15.1,11.83,31.33,36.54,2241.82,16.97,LOW,MOVABLE
28.0,35.71,25.37,35.07,407.49,67.0,REST_RECOMMENDED,REST_RECOMMENDED
26.74,43.04,7.86,56.06,722.87,47.43,CAUTION,REST_RECOMMENDED
28.8,97.57,21.22,53.28,10.87,88.16,IMMEDIATE_REST,REST_BEFORE_NEXT_VISIT
24.47,30.55,10.35,78.79,944.69,43.41,CAUTION,REST_RECOMMENDED
25.04,50.19,7.93,98.45,443.81,53.82,REST_RECOMMENDED,REST_RECOMMENDED
32.8,90.11,20.23,156.25,479.67,91.0,IMMEDIATE_REST,REST_BEFORE_NEXT_VISIT
16.57,71.13,23.5,69.96,475.13,30.0,CAUTION,MOVABLE
32.82,105.19,15.67,116.54,1635.82,92.01,IMMEDIATE_REST,REST_BEFORE_NEXT_VISIT
21.29,128.88,26.6,58.82,1062.23,52.09,REST_RECOMMENDED,REST_RECOMMENDED
22.85,35.69,40.67,40.54,955.34,34.45,CAUTION,MOVABLE
27.49,100.97,18.27,21.54,136.48,64.52,REST_RECOMMENDED,REST_RECOMMENDED
30.47,73.68,36.79,58.11,1063.62,88.6,IMMEDIATE_REST,REST_BEFORE_NEXT_VISIT
24.31,133.75,13.84,54.71,457.35,52.12,REST_RECOMMENDED,REST_RECOMMENDED
17.36,30.8,37.26,46.28,1368.9,24.96,LOW,MOVABLE
32.48,66.02,26.86,18.33,975.18,78.04,REST_REQUIRED,REST_BEFORE_NEXT_VISIT
27.87,44.46,39.64,88.19,1087.6,68.06,REST_RECOMMENDED,REST_RECOMMENDED
27.42,32.57,29.41,86.86,1106.96,59.0,REST_RECOMMENDED,REST_RECOMMENDED
21.09,74.98,6.9,50.95,244.69,29.5,LOW,MOVABLE
18.21,42.44,23.58,125.92,1203.72,30.36,CAUTION,MOVABLE
31.6,39.94,19.71,6.48,1247.15,63.0,REST_RECOMMENDED,REST_RECOMMENDED
20.99,78.63,15.47,102.93,384.56,35.86,CAUTION,MOVABLE
30.74,120.39,18.08,91.92,343.25,89.2,IMMEDIATE_REST,REST_BEFORE_NEXT_VISIT
24.92,109.55,4.36,23.07,1021.93,47.0,CAUTION,REST_RECOMMENDED
24.44,45.86,19.39,86.31,691.82,42.21,CAUTION,REST_RECOMMENDED
22.59,45.07,9.15,113.5,1178.54,32.71,CAUTION,MOVABLE
26.68,77.38,27.61,39.93,1599.93,64.28,REST_RECOMMENDED,REST_RECOMMENDED
22.1,80.27,47.56,128.15,494.03,50.64,REST_RECOMMENDED,REST_RECOMMENDED
25.68,41.94,30.6,83.26,1375.21,62.0,REST_RECOMMENDED,REST_RECOMMENDED
25.56,67.09,25.36,64.87,1022.37,70.19,REST_REQUIRED,REST_BEFORE_NEXT_VISIT
31.91,116.07,38.91,23.8,2063.17,89.73,IMMEDIATE_REST,REST_BEFORE_NEXT_VISIT
27.68,74.1,34.44,50.55,1541.54,69.33,REST_RECOMMENDED,REST_BEFORE_NEXT_VISIT
22.19,63.61,22.44,120.34,944.66,50.84,REST_RECOMMENDED,REST_RECOMMENDED
31.07,136.36,33.11,105.07,2549.81,100.0,IMMEDIATE_REST,REST_BEFORE_NEXT_VISIT
29.86,89.17,33.44,104.55,1883.11,97.58,IMMEDIATE_REST,REST_BEFORE_NEXT_VISIT
31.96,86.49,29.97,65.77,176.98,78.09,REST_REQUIRED,REST_BEFORE_NEXT_VISIT
20.57,32.13,12.23,124.84,1107.13,23.38,LOW,MOVABLE
18.22,60.56,37.89,78.21,1231.47,36.0,CAUTION,MOVABLE
22.27,112.23,26.65,104.77,268.42,51.95,REST_RECOMMENDED,REST_RECOMMENDED
27.53,2.74,25.99,68.6,744.81,49.0,CAUTION,REST_RECOMMENDED
18.95,77.61,25.17,123.39,1394.72,39.31,CAUTION,REST_RECOMMENDED
21.97,90.99,19.37,50.44,241.0,38.0,CAUTION,MOVABLE
26.55,78.69,5.84,154.22,1224.64,64.0,REST_RECOMMENDED,REST_RECOMMENDED
16.35,51.84,35.42,66.18,1365.4,29.08,LOW,MOVABLE
25.21,85.75,9.68,74.25,1344.54,64.09,REST_RECOMMENDED,REST_RECOMMENDED
28.14,110.08,34.04,143.24,1815.26,97.0,IMMEDIATE_REST,REST_BEFORE_NEXT_VISIT
28.21,43.54,37.39,93.5,513.63,81.93,REST_REQUIRED,REST_BEFORE_NEXT_VISIT
21.39,93.3,15.33,61.85,939.44,53.35,REST_RECOMMENDED,REST_RECOMMENDED
27.25,121.0,25.27,70.6,2163.83,86.75,IMMEDIATE_REST,REST_BEFORE_NEXT_VISIT
17.14,84.16,31.01,23.4,1229.26,32.24,CAUTION,MOVABLE
32.96,86.57,17.28,59.05,299.49,71.66,REST_REQUIRED,REST_BEFORE_NEXT_VISIT
21.22,42.08,21.82,129.8,217.54,35.94,CAUTION,MOVABLE
18.73,143.33,17.66,61.68,820.4,40.94,CAUTION,REST_RECOMMENDED
25.7,56.83,26.2,149.81,764.39,65.34,REST_RECOMMENDED,REST_RECOMMENDED
31.16,16.41,35.76,45.71,1120.86,73.28,REST_REQUIRED,REST_BEFORE_NEXT_VISIT
28.7,116.16,31.54,137.37,200.56,93.75,IMMEDIATE_REST,REST_BEFORE_NEXT_VISIT
24.6,12.68,22.67,15.19,113.14,25.89,LOW,MOVABLE
33.68,48.48,15.98,61.29,1501.56,72.96,REST_REQUIRED,REST_BEFORE_NEXT_VISIT
24.54,132.18,28.56,157.2,806.48,62.0,REST_RECOMMENDED,REST_RECOMMENDED
33.32,63.28,7.46,71.92,1596.05,77.18,REST_REQUIRED,REST_BEFORE_NEXT_VISIT
21.87,73.88,7.86,128.14,831.87,38.54,CAUTION,MOVABLE
32.8,89.41,27.67,115.14,96.89,82.61,REST_REQUIRED,REST_BEFORE_NEXT_VISIT
26.66,111.7,20.73,42.85,909.35,73.79,REST_REQUIRED,REST_BEFORE_NEXT_VISIT
34.21,69.92,1.5,51.09,955.23,76.01,REST_REQUIRED,REST_BEFORE_NEXT_VISIT
23.66,77.94,9.63,7.39,350.76,44.46,CAUTION,REST_RECOMMENDED
26.78,21.96,19.14,73.66,809.74,45.24,CAUTION,REST_RECOMMENDED
22.11,145.75,7.62,87.71,1181.97,47.6,CAUTION,REST_RECOMMENDED
26.14,127.01,9.57,32.34,1753.39,67.27,REST_RECOMMENDED,REST_RECOMMENDED
16.96,46.35,29.34,82.45,908.44,25.19,LOW,MOVABLE
20.12,28.34,10.35,133.18,1797.23,17.11,LOW,MOVABLE
23.75,97.81,31.18,48.46,1251.64,61.5,REST_RECOMMENDED,REST_RECOMMENDED
23.33,120.2,25.66,30.87,307.82,55.9,REST_RECOMMENDED,REST_RECOMMENDED
27.45,104.84,5.76,167.8,1637.7,72.96,REST_REQUIRED,REST_BEFORE_NEXT_VISIT
26.18,90.22,9.6,77.2,460.3,70.14,REST_REQUIRED,REST_BEFORE_NEXT_VISIT
16.92,41.44,19.62,84.16,1275.29,24.27,LOW,MOVABLE
22.05,47.12,29.74,57.07,1886.11,30.0,CAUTION,MOVABLE
18.72,62.1,36.58,132.17,2350.5,39.0,CAUTION,MOVABLE
24.49,73.9,28.98,56.02,570.99,50.02,REST_RECOMMENDED,REST_RECOMMENDED
19.23,39.2,11.45,125.02,1320.16,23.49,LOW,MOVABLE
19.51,39.1,13.67,116.05,530.88,21.77,LOW,MOVABLE
20.65,106.55,24.78,104.03,89.68,45.28,CAUTION,REST_RECOMMENDED
27.53,64.67,50.83,152.37,761.74,75.71,REST_REQUIRED,REST_BEFORE_NEXT_VISIT
29.61,84.5,4.39,109.02,584.31,82.18,REST_REQUIRED,REST_BEFORE_NEXT_VISIT
24.41,101.94,35.54,73.75,300.99,61.16,REST_RECOMMENDED,REST_RECOMMENDED
32.73,70.48,12.84,116.01,1671.05,89.04,IMMEDIATE_REST,REST_BEFORE_NEXT_VISIT
19.51,44.46,17.36,106.9,1631.15,23.45,LOW,MOVABLE
32.41,93.47,19.3,99.16,1060.05,90.0,IMMEDIATE_REST,REST_BEFORE_NEXT_VISIT
20.58,62.84,6.49,43.99,947.85,23.03,LOW,MOVABLE
20.71,36.73,11.9,44.58,1128.04,18.57,LOW,MOVABLE
23.95,118.46,11.58,55.66,2048.55,53.0,REST_RECOMMENDED,REST_RECOMMENDED
26.49,104.9,21.44,42.76,558.22,73.39,REST_REQUIRED,REST_BEFORE_NEXT_VISIT
18.6,79.37,22.22,83.05,1527.14,34.27,CAUTION,MOVABLE
26.62,68.85,36.18,46.64,1128.55,73.11,REST_REQUIRED,REST_BEFORE_NEXT_VISIT
28.11,65.49,36.52,105.55,1624.94,90.1,IMMEDIATE_REST,REST_BEFORE_NEXT_VISIT
33.07,109.71,27.04,99.42,1209.28,96.5,IMMEDIATE_REST,REST_BEFORE_NEXT_VISIT
32.29,16.51,2.98,88.7,1491.06,59.0,REST_RECOMMENDED,REST_RECOMMENDED
23.77,74.83,20.57,60.56,1813.88,58.58,REST_RECOMMENDED,REST_RECOMMENDED
25.86,77.76,13.11,46.15,1929.88,65.21,REST_RECOMMENDED,REST_RECOMMENDED
31.21,109.63,8.97,14.82,604.3,77.19,REST_REQUIRED,REST_BEFORE_NEXT_VISIT
27.54,29.53,9.06,78.22,1646.75,44.0,CAUTION,REST_RECOMMENDED
22.46,9.32,24.99,118.06,19.31,24.51,LOW,MOVABLE
24.59,26.2,8.59,68.69,1622.29,31.63,CAUTION,MOVABLE
31.23,46.59,12.82,85.93,883.62,69.07,REST_RECOMMENDED,REST_BEFORE_NEXT_VISIT
23.77,100.61,27.74,71.37,893.86,62.13,REST_RECOMMENDED,REST_RECOMMENDED
30.97,71.6,3.08,87.1,414.75,77.07,REST_REQUIRED,REST_BEFORE_NEXT_VISIT
28.02,39.79,25.07,81.23,2156.2,79.67,REST_REQUIRED,REST_BEFORE_NEXT_VISIT
20.48,91.94,32.33,107.87,1555.36,48.11,CAUTION,REST_RECOMMENDED
25.21,55.78,19.42,100.23,821.43,56.32,REST_RECOMMENDED,REST_RECOMMENDED
32.07,17.33,27.14,115.5,1352.71,71.76,REST_REQUIRED,REST_BEFORE_NEXT_VISIT
29.5,158.66,17.21,153.91,2211.86,93.3,IMMEDIATE_REST,REST_BEFORE_NEXT_VISIT
25.57,7.42,7.57,48.44,2142.87,40.0,CAUTION,REST_RECOMMENDED
24.34,21.4,43.0,79.52,1693.17,39.0,CAUTION,MOVABLE
28.43,62.68,25.84,79.23,528.89,85.37,IMMEDIATE_REST,REST_BEFORE_NEXT_VISIT
17.76,155.94,26.86,25.8,1273.61,34.0,CAUTION,MOVABLE
31.22,98.26,35.19,85.8,2008.94,99.19,IMMEDIATE_REST,REST_BEFORE_NEXT_VISIT
32.26,59.37,20.57,74.23,1593.32,82.28,REST_REQUIRED,REST_BEFORE_NEXT_VISIT
25.04,81.05,29.65,52.23,1391.07,67.22,REST_RECOMMENDED,REST_RECOMMENDED
29.17,83.99,30.21,119.38,1554.27,91.06,IMMEDIATE_REST,REST_BEFORE_NEXT_VISIT
21.42,85.2,24.07,126.73,454.35,49.81,CAUTION,REST_RECOMMENDED
30.2,142.97,28.51,31.68,981.17,87.59,IMMEDIATE_REST,REST_BEFORE_NEXT_VISIT
19.39,115.04,21.0,69.48,811.13,43.0,CAUTION,REST_RECOMMENDED
27.43,96.98,22.59,94.02,555.67,78.55,REST_REQUIRED,REST_BEFORE_NEXT_VISIT
20.13,88.72,32.79,67.82,548.1,44.63,CAUTION,REST_RECOMMENDED
30.1,124.97,12.52,56.59,1700.1,83.0,REST_REQUIRED,REST_BEFORE_NEXT_VISIT
31.4,97.83,9.53,78.2,986.54,84.96,REST_REQUIRED,REST_BEFORE_NEXT_VISIT
21.78,98.35,9.92,35.56,2183.14,40.0,CAUTION,REST_RECOMMENDED
30.37,93.95,29.14,64.91,22.95,89.68,IMMEDIATE_REST,REST_BEFORE_NEXT_VISIT
21.53,107.46,32.72,69.28,1428.71,59.11,REST_RECOMMENDED,REST_RECOMMENDED
20.41,65.41,10.31,57.07,1046.13,25.38,LOW,MOVABLE
28.2,77.48,37.25,98.27,339.65,86.0,IMMEDIATE_REST,REST_BEFORE_NEXT_VISIT
28.58,39.31,44.18,26.97,818.3,68.0,REST_RECOMMENDED,REST_RECOMMENDED
24.26,64.4,25.91,112.83,337.53,56.43,REST_RECOMMENDED,REST_RECOMMENDED
21.03,68.67,43.43,64.95,763.88,48.71,CAUTION,REST_RECOMMENDED
20.77,56.51,29.78,103.76,774.76,28.94,LOW,MOVABLE
28.66,37.4,35.46,49.15,1147.55,76.49,REST_REQUIRED,REST_BEFORE_NEXT_VISIT
31.44,163.09,22.04,66.33,503.55,92.61,IMMEDIATE_REST,REST_BEFORE_NEXT_VISIT
26.46,123.6,23.76,79.56,416.03,78.09,REST_REQUIRED,REST_BEFORE_NEXT_VISIT
22.99,118.28,15.52,21.95,622.11,41.75,CAUTION,REST_RECOMMENDED
25.0,68.55,24.42,77.23,361.65,66.77,REST_RECOMMENDED,REST_RECOMMENDED
21.45,44.12,40.65,47.84,1580.01,35.96,CAUTION,MOVABLE
24.82,55.03,10.68,141.9,521.48,43.51,CAUTION,REST_RECOMMENDED
29.68,22.03,6.51,138.96,1779.85,62.59,REST_RECOMMENDED,REST_RECOMMENDED
23.87,98.92,26.79,54.52,45.21,53.5,REST_RECOMMENDED,REST_RECOMMENDED
24.5,52.85,45.34,122.25,1774.34,50.0,REST_RECOMMENDED,REST_RECOMMENDED
23.83,152.8,30.73,93.24,765.29,67.27,REST_RECOMMENDED,REST_RECOMMENDED
16.76,41.24,29.81,57.23,751.08,20.48,LOW,MOVABLE
22.99,73.47,18.42,126.33,2410.03,45.73,CAUTION,REST_RECOMMENDED
33.76,56.82,22.06,39.31,296.71,65.0,REST_RECOMMENDED,REST_RECOMMENDED
20.85,102.12,23.37,129.04,736.16,42.0,CAUTION,REST_RECOMMENDED
25.77,131.26,37.91,70.35,959.69,82.58,REST_REQUIRED,REST_BEFORE_NEXT_VISIT
24.19,90.58,31.81,144.08,299.77,68.02,REST_RECOMMENDED,REST_RECOMMENDED
25.21,73.11,19.45,45.79,2009.8,60.0,REST_RECOMMENDED,REST_RECOMMENDED
19.01,19.3,30.63,46.86,742.43,15.13,LOW,MOVABLE
26.34,31.16,44.87,147.08,452.42,62.0,REST_RECOMMENDED,REST_RECOMMENDED
30.46,80.15,20.02,83.45,685.32,87.21,IMMEDIATE_REST,REST_BEFORE_NEXT_VISIT
20.98,28.13,33.35,63.9,281.61,18.27,LOW,MOVABLE
23.68,78.12,22.17,90.36,1032.08,58.99,REST_RECOMMENDED,REST_RECOMMENDED
25.6,51.64,21.22,23.96,1290.44,53.08,REST_RECOMMENDED,REST_RECOMMENDED
19.47,110.63,14.78,96.87,206.02,40.99,CAUTION,REST_RECOMMENDED
20.27,63.56,17.29,55.88,131.19,24.21,LOW,MOVABLE
21.28,134.23,24.95,120.28,999.99,58.88,REST_RECOMMENDED,REST_RECOMMENDED
25.48,24.69,38.42,120.64,1066.67,62.43,REST_RECOMMENDED,REST_RECOMMENDED
19.74,37.9,1.77,60.13,955.46,17.07,LOW,MOVABLE
31.19,55.33,29.12,70.11,138.31,69.0,REST_RECOMMENDED,REST_RECOMMENDED
27.45,38.44,9.32,83.88,2036.94,54.94,REST_RECOMMENDED,REST_RECOMMENDED
29.91,73.76,14.07,85.5,1588.47,82.94,REST_REQUIRED,REST_BEFORE_NEXT_VISIT
31.0,144.04,23.06,17.14,602.16,84.16,REST_REQUIRED,REST_BEFORE_NEXT_VISIT
22.77,32.22,11.42,99.64,336.42,31.16,CAUTION,MOVABLE
29.68,61.2,23.19,12.17,898.41,77.54,REST_REQUIRED,REST_BEFORE_NEXT_VISIT
25.7,75.92,9.44,127.07,632.58,66.1,REST_RECOMMENDED,REST_RECOMMENDED
24.85,85.5,6.72,30.41,935.32,40.0,CAUTION,REST_RECOMMENDED
25.34,90.9,6.5,16.75,659.54,60.95,REST_RECOMMENDED,REST_RECOMMENDED
27.88,113.51,7.36,102.39,486.65,69.11,REST_RECOMMENDED,REST_BEFORE_NEXT_VISIT
32.97,12.95,18.58,75.77,256.32,57.39,REST_RECOMMENDED,REST_RECOMMENDED
31.94,14.88,32.32,139.59,617.64,77.33,REST_REQUIRED,REST_BEFORE_NEXT_VISIT
18.72,163.65,8.78,154.22,707.4,37.56,CAUTION,MOVABLE
26.98,89.74,9.08,35.87,1874.34,57.0,REST_RECOMMENDED,REST_RECOMMENDED
30.01,43.37,10.99,127.59,1876.74,78.75,REST_REQUIRED,REST_BEFORE_NEXT_VISIT
28.54,16.13,18.28,37.26,253.62,53.6,REST_RECOMMENDED,REST_RECOMMENDED
21.29,113.39,5.75,32.89,554.34,40.45,CAUTION,REST_RECOMMENDED
29.29,90.42,13.73,43.35,1554.05,88.38,IMMEDIATE_REST,REST_BEFORE_NEXT_VISIT
28.77,82.63,26.28,105.01,1669.66,89.87,IMMEDIATE_REST,REST_BEFORE_NEXT_VISIT
30.9,111.43,41.9,67.5,1403.0,100.0,IMMEDIATE_REST,REST_BEFORE_NEXT_VISIT
25.08,91.15,24.5,50.69,776.1,70.0,REST_REQUIRED,REST_BEFORE_NEXT_VISIT
33.19,134.57,25.42,146.88,1040.36,97.91,IMMEDIATE_REST,REST_BEFORE_NEXT_VISIT
24.46,26.94,26.45,33.42,239.65,32.06,CAUTION,MOVABLE
21.0,78.66,46.65,72.11,961.22,47.97,CAUTION,REST_RECOMMENDED
34.08,97.21,25.53,149.24,579.83,92.0,IMMEDIATE_REST,REST_BEFORE_NEXT_VISIT
24.5,68.32,39.83,30.22,1154.24,56.09,REST_RECOMMENDED,REST_RECOMMENDED
16.67,74.17,19.14,12.86,994.54,20.0,LOW,MOVABLE
20.71,104.83,10.3,60.02,212.3,37.42,CAUTION,MOVABLE
22.09,167.36,40.74,92.43,537.75,59.0,REST_RECOMMENDED,REST_RECOMMENDED
26.12,72.94,25.7,48.49,1555.52,73.73,REST_REQUIRED,REST_BEFORE_NEXT_VISIT
24.41,83.49,46.6,44.59,928.65,50.0,REST_RECOMMENDED,REST_RECOMMENDED
29.51,87.96,11.07,43.59,845.72,73.0,REST_REQUIRED,REST_BEFORE_NEXT_VISIT
32.08,146.51,17.88,71.54,749.74,85.0,IMMEDIATE_REST,REST_BEFORE_NEXT_VISIT
33.07,117.92,4.32,90.58,1642.27,92.82,IMMEDIATE_REST,REST_BEFORE_NEXT_VISIT
28.35,67.01,24.59,58.37,1104.52,79.0,REST_REQUIRED,REST_BEFORE_NEXT_VISIT
23.68,50.92,39.49,114.71,1714.15,51.69,REST_RECOMMENDED,REST_RECOMMENDED
27.19,92.62,17.92,106.74,380.7,73.08,REST_REQUIRED,REST_BEFORE_NEXT_VISIT
25.64,69.11,23.0,75.14,969.4,72.43,REST_REQUIRED,REST_BEFORE_NEXT_VISIT
33.5,44.0,26.24,60.99,972.73,75.1,REST_REQUIRED,REST_BEFORE_NEXT_VISIT
25.31,73.3,46.22,21.76,53.38,64.05,REST_RECOMMENDED,REST_RECOMMENDED
19.83,116.21,41.95,123.64,594.74,47.45,CAUTION,REST_RECOMMENDED
23.89,8.79,4.99,152.33,1103.38,34.43,CAUTION,MOVABLE
27.03,56.84,10.62,148.81,619.8,58.33,REST_RECOMMENDED,REST_RECOMMENDED
23.03,65.88,4.95,78.58,519.51,48.36,CAUTION,REST_RECOMMENDED
23.28,51.32,35.26,102.54,799.75,49.79,CAUTION,REST_RECOMMENDED
21.08,80.58,10.52,84.51,876.39,42.89,CAUTION,REST_RECOMMENDED
23.73,28.55,12.74,104.39,1306.87,38.0,CAUTION,MOVABLE
23.7,86.25,28.9,141.98,800.03,55.61,REST_RECOMMENDED,REST_RECOMMENDED
28.44,107.11,33.1,33.76,638.17,91.28,IMMEDIATE_REST,REST_BEFORE_NEXT_VISIT
22.27,135.23,34.83,97.07,62.83,55.95,REST_RECOMMENDED,REST_RECOMMENDED
28.3,48.66,49.84,123.38,988.66,82.67,REST_REQUIRED,REST_BEFORE_NEXT_VISIT
25.54,41.0,32.28,76.86,1072.17,62.46,REST_RECOMMENDED,REST_RECOMMENDED
29.2,53.05,11.05,80.39,350.8,72.13,REST_REQUIRED,REST_BEFORE_NEXT_VISIT
32.6,132.74,46.97,7.14,1839.53,89.07,IMMEDIATE_REST,REST_BEFORE_NEXT_VISIT
28.83,106.73,24.52,11.36,2304.71,92.05,IMMEDIATE_REST,REST_BEFORE_NEXT_VISIT
21.39,93.02,51.02,92.72,753.96,58.13,REST_RECOMMENDED,REST_RECOMMENDED
26.21,12.12,13.26,114.22,347.12,48.85,CAUTION,REST_RECOMMENDED
23.21,99.67,19.59,137.1,1503.43,62.57,REST_RECOMMENDED,REST_RECOMMENDED
26.81,106.94,14.84,69.66,1771.27,78.42,REST_REQUIRED,REST_BEFORE_NEXT_VISIT
19.88,81.19,7.9,121.67,1347.1,35.04,CAUTION,MOVABLE
20.52,130.65,5.9,142.31,2089.36,42.9,CAUTION,REST_RECOMMENDED
31.92,75.54,30.91,103.5,1306.7,89.0,IMMEDIATE_REST,REST_BEFORE_NEXT_VISIT
23.35,63.57,15.27,7.12,193.34,38.1,CAUTION,MOVABLE
19.43,55.23,20.41,70.59,1407.9,25.91,LOW,MOVABLE
31.13,73.03,8.88,106.68,1181.29,85.02,IMMEDIATE_REST,REST_BEFORE_NEXT_VISIT
24.83,74.25,14.18,72.5,2225.9,49.0,CAUTION,REST_RECOMMENDED
23.56,61.56,3.42,10.89,476.3,38.71,CAUTION,MOVABLE
22.43,138.08,8.54,39.53,1860.38,40.0,CAUTION,REST_RECOMMENDED
29.56,120.7,24.58,143.4,1921.26,96.79,IMMEDIATE_REST,REST_BEFORE_NEXT_VISIT
21.52,129.31,46.15,67.07,2047.56,57.94,REST_RECOMMENDED,REST_RECOMMENDED
21.71,79.49,39.27,102.35,963.53,52.41,REST_RECOMMENDED,REST_RECOMMENDED
18.61,22.49,22.79,131.25,1367.87,24.79,LOW,MOVABLE
28.42,130.02,5.37,7.42,1440.96,79.19,REST_REQUIRED,REST_BEFORE_NEXT_VISIT
26.74,22.83,4.81,111.24,1646.74,47.0,CAUTION,REST_RECOMMENDED
24.94,107.82,26.92,72.27,1751.11,61.75,REST_RECOMMENDED,REST_RECOMMENDED
26.52,29.2,9.68,49.83,1091.06,40.0,CAUTION,REST_RECOMMENDED
25.26,125.25,15.3,90.58,1352.18,80.74,REST_REQUIRED,REST_BEFORE_NEXT_VISIT
21.99,77.48,31.4,125.56,963.66,52.69,REST_RECOMMENDED,REST_RECOMMENDED
25.34,62.85,20.68,146.58,1861.09,75.66,REST_REQUIRED,REST_BEFORE_NEXT_VISIT
24.37,37.62,28.98,142.42,818.43,55.07,REST_RECOMMENDED,REST_RECOMMENDED
20.0,72.56,12.41,49.05,344.74,23.96,LOW,MOVABLE
32.98,78.78,41.29,135.66,1368.02,98.19,IMMEDIATE_REST,REST_BEFORE_NEXT_VISIT
26.95,33.8,18.5,81.25,421.33,52.0,REST_RECOMMENDED,REST_RECOMMENDED
31.05,84.49,38.48,76.21,1290.79,90.97,IMMEDIATE_REST,REST_BEFORE_NEXT_VISIT
27.49,83.14,18.43,143.14,47.32,65.03,REST_RECOMMENDED,REST_RECOMMENDED
20.37,101.99,44.94,102.2,752.04,48.61,CAUTION,REST_RECOMMENDED
20.97,70.02,26.88,37.03,1679.4,31.43,CAUTION,MOVABLE
16.61,85.72,31.69,90.79,1137.7,39.0,CAUTION,MOVABLE
23.0,90.03,34.33,79.56,1608.87,69.67,REST_RECOMMENDED,REST_BEFORE_NEXT_VISIT
28.57,37.81,38.53,110.9,546.41,78.58,REST_REQUIRED,REST_BEFORE_NEXT_VISIT
32.94,91.34,10.32,85.9,1256.54,95.1,IMMEDIATE_REST,REST_BEFORE_NEXT_VISIT
21.09,107.26,4.05,80.03,884.8,43.74,CAUTION,REST_RECOMMENDED
21.37,111.88,24.08,14.39,2313.82,48.08,CAUTION,REST_RECOMMENDED
23.2,54.92,14.39,71.13,955.92,43.86,CAUTION,REST_RECOMMENDED
31.31,93.42,40.36,160.08,1705.72,100.0,IMMEDIATE_REST,REST_BEFORE_NEXT_VISIT
25.54,133.7,16.3,114.36,2327.62,77.46,REST_REQUIRED,REST_BEFORE_NEXT_VISIT
20.62,20.66,22.36,142.26,1906.64,19.0,LOW,MOVABLE
19.92,65.99,11.42,73.7,874.09,28.19,LOW,MOVABLE
18.79,70.77,43.28,41.41,267.48,31.87,CAUTION,MOVABLE
19.94,37.88,26.03,104.73,59.58,25.02,LOW,MOVABLE
16.98,69.01,4.12,17.55,1180.81,25.08,LOW,MOVABLE
26.1,103.49,25.24,76.33,1144.24,79.04,REST_REQUIRED,REST_BEFORE_NEXT_VISIT
26.87,52.64,53.58,26.33,1541.73,58.79,REST_RECOMMENDED,REST_RECOMMENDED
26.28,93.34,6.25,142.64,252.04,72.56,REST_REQUIRED,REST_BEFORE_NEXT_VISIT
30.57,97.58,1.97,111.43,708.4,89.09,IMMEDIATE_REST,REST_BEFORE_NEXT_VISIT
30.09,126.96,39.06,71.34,477.34,91.29,IMMEDIATE_REST,REST_BEFORE_NEXT_VISIT
32.19,72.97,46.63,130.92,1706.64,91.94,IMMEDIATE_REST,REST_BEFORE_NEXT_VISIT
18.95,138.78,15.3,40.35,1921.52,37.06,CAUTION,MOVABLE
15.61,25.23,38.96,89.91,30.49,14.45,LOW,MOVABLE
24.7,71.32,3.8,39.11,1887.27,42.0,CAUTION,REST_RECOMMENDED
24.71,48.36,10.51,68.53,1677.25,40.0,CAUTION,REST_RECOMMENDED
16.86,117.25,18.0,97.7,1026.48,40.56,CAUTION,REST_RECOMMENDED
20.94,9.8,24.97,79.18,814.48,20.11,LOW,MOVABLE
33.47,124.43,16.2,20.27,1995.9,80.61,REST_REQUIRED,REST_BEFORE_NEXT_VISIT
31.21,52.98,10.07,20.21,746.27,61.16,REST_RECOMMENDED,REST_RECOMMENDED
23.01,41.6,37.77,140.95,970.4,50.88,REST_RECOMMENDED,REST_RECOMMENDED
31.84,144.42,14.86,121.09,1403.83,91.34,IMMEDIATE_REST,REST_BEFORE_NEXT_VISIT
24.32,121.66,45.0,110.99,67.92,63.66,REST_RECOMMENDED,REST_RECOMMENDED
29.71,42.53,42.42,30.74,308.88,78.0,REST_REQUIRED,REST_BEFORE_NEXT_VISIT
30.66,117.73,7.77,74.62,1211.14,89.97,IMMEDIATE_REST,REST_BEFORE_NEXT_VISIT
18.88,40.01,48.22,28.99,1434.37,21.24,LOW,MOVABLE
31.87,66.06,23.39,87.99,926.21,91.74,IMMEDIATE_REST,REST_BEFORE_NEXT_VISIT
24.75,71.8,23.08,105.38,1269.86,57.98,REST_RECOMMENDED,REST_RECOMMENDED
23.5,68.59,18.55,40.22,926.4,51.85,REST_RECOMMENDED,REST_RECOMMENDED
30.24,50.71,26.45,79.06,156.53,69.0,REST_RECOMMENDED,REST_RECOMMENDED
28.85,142.79,24.44,23.9,1105.09,87.41,IMMEDIATE_REST,REST_BEFORE_NEXT_VISIT
25.06,76.87,51.64,74.4,686.38,72.42,REST_REQUIRED,REST_BEFORE_NEXT_VISIT
29.94,69.22,25.82,41.47,846.48,79.99,REST_REQUIRED,REST_BEFORE_NEXT_VISIT
21.61,69.32,32.34,67.58,618.27,44.0,CAUTION,REST_RECOMMENDED
28.85,34.58,12.96,63.92,1123.21,72.08,REST_REQUIRED,REST_BEFORE_NEXT_VISIT
20.64,89.51,13.06,80.68,867.35,27.0,LOW,MOVABLE
26.58,29.15,28.83,69.62,941.08,54.9,REST_RECOMMENDED,REST_RECOMMENDED
24.33,111.38,10.72,41.24,229.54,51.95,REST_RECOMMENDED,REST_RECOMMENDED
28.51,47.02,9.65,77.16,810.17,68.11,REST_RECOMMENDED,REST_RECOMMENDED
24.78,138.67,22.18,60.94,830.45,64.12,REST_RECOMMENDED,REST_RECOMMENDED
19.33,66.49,33.87,53.82,1082.08,35.5,CAUTION,MOVABLE
25.82,59.94,15.31,45.16,944.08,50.34,REST_RECOMMENDED,REST_RECOMMENDED
23.14,30.42,32.9,23.75,695.86,40.9,CAUTION,REST_RECOMMENDED
25.53,82.66,30.39,96.53,629.39,75.58,REST_REQUIRED,REST_BEFORE_NEXT_VISIT
20.09,129.01,17.73,33.6,542.18,36.28,CAUTION,MOVABLE
22.26,56.6,17.29,65.84,247.56,25.0,LOW,MOVABLE
28.34,128.29,12.38,40.48,2669.06,84.05,REST_REQUIRED,REST_BEFORE_NEXT_VISIT
27.76,129.53,24.83,119.7,1485.67,79.0,REST_REQUIRED,REST_BEFORE_NEXT_VISIT
19.08,121.9,45.26,76.06,543.23,46.83,CAUTION,REST_RECOMMENDED
27.44,88.27,19.9,40.98,703.14,62.53,REST_RECOMMENDED,REST_RECOMMENDED
23.88,10.45,5.61,79.28,1918.39,32.58,CAUTION,MOVABLE
16.7,18.68,35.52,155.91,775.51,21.3,LOW,MOVABLE
27.56,9.35,35.22,11.73,1449.55,47.0,CAUTION,REST_RECOMMENDED
17.32,80.94,38.19,50.68,436.12,32.34,CAUTION,MOVABLE
25.18,21.34,16.71,135.55,1627.46,54.17,REST_RECOMMENDED,REST_RECOMMENDED
21.54,26.51,2.53,122.27,621.92,24.2,LOW,MOVABLE
22.82,43.33,19.65,28.12,216.1,18.0,LOW,MOVABLE
33.83,129.12,30.64,111.33,560.09,100.0,IMMEDIATE_REST,REST_BEFORE_NEXT_VISIT
23.23,55.74,25.47,41.57,2137.95,46.66,CAUTION,REST_RECOMMENDED
25.08,8.39,25.53,112.41,703.45,57.35,REST_RECOMMENDED,REST_RECOMMENDED
22.4,75.11,19.82,130.33,943.39,40.0,CAUTION,REST_RECOMMENDED
27.72,110.33,32.96,48.4,457.79,74.04,REST_REQUIRED,REST_BEFORE_NEXT_VISIT
25.03,65.35,30.45,93.53,900.53,76.86,REST_REQUIRED,REST_BEFORE_NEXT_VISIT
34.63,108.97,12.51,87.51,463.05,84.0,REST_REQUIRED,REST_BEFORE_NEXT_VISIT
24.79,149.92,46.68,70.8,2144.9,64.0,REST_RECOMMENDED,REST_RECOMMENDED
24.12,110.8,44.87,138.6,530.3,70.19,REST_REQUIRED,REST_BEFORE_NEXT_VISIT
34.28,113.02,37.52,66.57,1357.29,94.0,IMMEDIATE_REST,REST_BEFORE_NEXT_VISIT
20.55,84.09,22.38,129.02,1705.81,39.61,CAUTION,REST_RECOMMENDED
25.9,44.96,1.57,55.16,1547.26,53.06,REST_RECOMMENDED,REST_RECOMMENDED
18.09,85.51,31.76,91.54,1891.56,41.78,CAUTION,REST_RECOMMENDED
29.08,96.67,40.65,106.57,406.57,98.04,IMMEDIATE_REST,REST_BEFORE_NEXT_VISIT
24.98,66.5,5.58,90.56,518.61,50.59,REST_RECOMMENDED,REST_RECOMMENDED
28.82,135.16,29.03,42.37,983.49,87.97,IMMEDIATE_REST,REST_BEFORE_NEXT_VISIT
26.01,153.16,2.05,161.84,668.75,70.37,REST_REQUIRED,REST_BEFORE_NEXT_VISIT
27.45,56.15,17.38,104.61,1124.9,61.43,REST_RECOMMENDED,REST_RECOMMENDED
26.38,61.35,26.86,25.6,29.29,60.18,REST_RECOMMENDED,REST_RECOMMENDED
17.93,26.75,4.44,115.78,491.95,14.3,LOW,MOVABLE
19.91,72.88,35.94,91.72,1110.63,44.73,CAUTION,REST_RECOMMENDED
29.65,64.43,24.39,58.94,621.87,81.92,REST_REQUIRED,REST_BEFORE_NEXT_VISIT
22.21,102.31,20.32,58.31,246.39,48.83,CAUTION,REST_RECOMMENDED
32.0,100.95,16.97,62.87,785.3,88.26,IMMEDIATE_REST,REST_BEFORE_NEXT_VISIT
26.88,65.89,39.78,47.34,395.82,65.1,REST_RECOMMENDED,REST_RECOMMENDED
25.2,139.74,26.02,132.02,401.41,81.79,REST_REQUIRED,REST_BEFORE_NEXT_VISIT
29.16,133.33,29.66,20.64,1119.43,84.0,REST_REQUIRED,REST_BEFORE_NEXT_VISIT
29.43,120.05,22.13,67.28,992.31,89.58,IMMEDIATE_REST,REST_BEFORE_NEXT_VISIT
24.97,94.72,48.63,87.36,1441.06,64.0,REST_RECOMMENDED,REST_RECOMMENDED
25.8,10.79,12.49,115.96,877.67,49.71,CAUTION,REST_RECOMMENDED
18.78,122.01,9.04,50.22,545.09,31.55,CAUTION,MOVABLE
28.43,119.34,19.86,38.21,682.91,83.36,REST_REQUIRED,REST_BEFORE_NEXT_VISIT
29.28,80.43,41.26,135.27,979.28,87.11,IMMEDIATE_REST,REST_BEFORE_NEXT_VISIT
27.81,106.91,42.85,80.64,1518.79,79.91,REST_REQUIRED,REST_BEFORE_NEXT_VISIT
29.71,31.23,16.31,60.57,415.07,69.95,REST_RECOMMENDED,REST_BEFORE_NEXT_VISIT
30.4,27.07,3.32,12.67,944.69,57.52,REST_RECOMMENDED,REST_RECOMMENDED
28.88,123.78,24.97,89.65,800.76,89.0,IMMEDIATE_REST,REST_BEFORE_NEXT_VISIT
25.62,26.64,17.09,93.06,871.9,49.29,CAUTION,REST_RECOMMENDED
26.97,49.78,20.42,51.76,1533.44,62.53,REST_RECOMMENDED,REST_RECOMMENDED
23.82,35.08,16.39,35.3,1671.96,39.86,CAUTION,REST_RECOMMENDED
22.51,142.26,39.41,43.99,941.27,50.42,REST_RECOMMENDED,REST_RECOMMENDED
26.98,36.95,38.24,80.38,352.69,65.74,REST_RECOMMENDED,REST_RECOMMENDED
32.21,83.91,36.1,59.33,855.27,84.08,REST_REQUIRED,REST_BEFORE_NEXT_VISIT
27.68,163.07,27.91,143.83,1220.58,80.85,REST_REQUIRED,REST_BEFORE_NEXT_VISIT
21.7,50.83,22.24,160.52,1368.35,45.93,CAUTION,REST_RECOMMENDED
22.89,70.53,29.69,44.34,958.9,42.83,CAUTION,REST_RECOMMENDED
26.47,70.45,37.14,34.21,1222.5,68.4,REST_RECOMMENDED,REST_RECOMMENDED
23.65,42.75,8.86,111.9,1723.0,43.69,CAUTION,REST_RECOMMENDED
28.96,106.14,31.9,81.11,190.28,95.25,IMMEDIATE_REST,REST_BEFORE_NEXT_VISIT
15.97,57.89,18.05,42.41,795.71,16.48,LOW,MOVABLE
21.07,143.75,33.35,47.89,1204.05,50.0,REST_RECOMMENDED,REST_RECOMMENDED
19.64,68.34,18.51,95.09,290.68,31.51,CAUTION,MOVABLE
23.67,36.72,4.74,83.0,281.09,39.87,CAUTION,REST_RECOMMENDED
29.32,71.19,20.49,31.83,1046.85,82.67,REST_REQUIRED,REST_BEFORE_NEXT_VISIT
23.45,17.33,25.34,51.44,151.67,31.34,CAUTION,MOVABLE
20.71,121.94,15.05,68.43,54.18,33.33,CAUTION,MOVABLE
30.43,50.36,11.79,83.83,1720.71,73.56,REST_REQUIRED,REST_BEFORE_NEXT_VISIT
24.57,61.78,41.93,117.23,669.26,57.0,REST_RECOMMENDED,REST_RECOMMENDED
26.99,105.72,23.65,25.97,474.01,72.69,REST_REQUIRED,REST_BEFORE_NEXT_VISIT
20.27,74.13,33.36,97.27,1612.87,42.84,CAUTION,REST_RECOMMENDED
20.75,66.26,15.92,58.89,796.56,23.84,LOW,MOVABLE
33.05,74.39,35.22,19.07,359.25,79.24,REST_REQUIRED,REST_BEFORE_NEXT_VISIT
30.28,30.71,47.09,46.9,1033.12,77.24,REST_REQUIRED,REST_BEFORE_NEXT_VISIT
30.28,160.68,22.34,22.79,62.4,83.41,REST_REQUIRED,REST_BEFORE_NEXT_VISIT
16.4,88.81,34.48,120.02,1086.79,42.8,CAUTION,REST_RECOMMENDED
21.56,37.79,5.3,55.09,345.68,27.89,LOW,MOVABLE
23.75,53.43,5.22,79.97,478.31,42.19,CAUTION,REST_RECOMMENDED
28.96,135.9,42.64,154.15,1257.17,100.0,IMMEDIATE_REST,REST_BEFORE_NEXT_VISIT
27.02,117.74,30.22,88.65,1326.81,83.95,REST_REQUIRED,REST_BEFORE_NEXT_VISIT
16.44,28.04,22.26,75.87,745.08,14.0,LOW,MOVABLE
28.22,38.75,13.25,151.66,972.37,73.81,REST_REQUIRED,REST_BEFORE_NEXT_VISIT
24.44,36.25,26.76,127.85,1252.62,49.98,CAUTION,REST_RECOMMENDED
26.71,74.57,11.91,75.69,276.15,62.67,REST_RECOMMENDED,REST_RECOMMENDED
22.46,37.93,38.72,58.7,393.67,30.0,CAUTION,MOVABLE
34.75,93.58,23.12,31.16,192.1,82.0,REST_REQUIRED,REST_BEFORE_NEXT_VISIT
30.27,40.75,34.14,22.14,1344.93,72.82,REST_REQUIRED,REST_BEFORE_NEXT_VISIT
25.59,39.33,31.52,95.69,610.5,67.47,REST_RECOMMENDED,REST_RECOMMENDED
27.07,80.53,26.05,63.01,1227.15,71.04,REST_REQUIRED,REST_BEFORE_NEXT_VISIT
26.54,81.71,24.32,38.84,591.48,65.88,REST_RECOMMENDED,REST_RECOMMENDED
23.16,53.26,55.66,26.63,1339.03,45.63,CAUTION,REST_RECOMMENDED
24.14,72.18,5.36,77.05,731.69,51.41,REST_RECOMMENDED,REST_RECOMMENDED
30.05,24.25,37.22,70.46,512.18,71.05,REST_REQUIRED,REST_BEFORE_NEXT_VISIT
26.9,29.67,39.63,82.48,848.54,55.14,REST_RECOMMENDED,REST_RECOMMENDED
26.18,81.32,16.18,86.42,1755.3,68.36,REST_RECOMMENDED,REST_RECOMMENDED
34.3,98.61,44.62,63.37,1236.19,95.3,IMMEDIATE_REST,REST_BEFORE_NEXT_VISIT
26.57,55.06,11.39,167.59,997.39,57.69,REST_RECOMMENDED,REST_RECOMMENDED
23.63,78.51,30.46,93.19,107.7,61.27,REST_RECOMMENDED,REST_RECOMMENDED
16.94,148.1,11.88,117.85,856.75,41.14,CAUTION,REST_RECOMMENDED
25.85,90.11,6.36,109.82,1686.88,74.13,REST_REQUIRED,REST_BEFORE_NEXT_VISIT
25.21,37.81,17.26,82.49,722.2,57.53,REST_RECOMMENDED,REST_RECOMMENDED
18.38,30.94,9.34,99.52,1122.55,22.72,LOW,MOVABLE
20.66,77.61,40.01,106.87,1139.11,41.24,CAUTION,REST_RECOMMENDED
26.05,117.23,39.03,84.47,891.92,78.84,REST_REQUIRED,REST_BEFORE_NEXT_VISIT
24.64,47.25,20.64,113.84,374.13,44.0,CAUTION,REST_RECOMMENDED
31.23,104.21,15.27,4.98,1026.45,80.0,REST_REQUIRED,REST_BEFORE_NEXT_VISIT
16.53,89.47,45.74,41.49,1314.89,37.12,CAUTION,MOVABLE
22.69,152.26,13.54,57.9,1283.09,47.5,CAUTION,REST_RECOMMENDED
29.64,34.11,26.29,32.99,888.73,74.69,REST_REQUIRED,REST_BEFORE_NEXT_VISIT
18.83,31.37,10.66,140.16,1995.45,23.0,LOW,MOVABLE
29.71,81.79,22.82,118.33,607.5,87.85,IMMEDIATE_REST,REST_BEFORE_NEXT_VISIT
27.9,133.97,7.43,10.74,1474.76,66.43,REST_RECOMMENDED,REST_RECOMMENDED
24.53,66.55,30.65,48.48,1465.57,54.34,REST_RECOMMENDED,REST_RECOMMENDED
24.4,66.24,44.0,94.13,485.14,56.0,REST_RECOMMENDED,REST_RECOMMENDED
22.67,47.2,11.33,74.83,932.08,32.88,CAUTION,MOVABLE
26.78,111.42,27.27,133.21,2404.62,81.44,REST_REQUIRED,REST_BEFORE_NEXT_VISIT
33.18,46.31,4.05,13.64,1136.66,61.75,REST_RECOMMENDED,REST_RECOMMENDED
30.76,108.76,26.07,139.44,1081.17,94.0,IMMEDIATE_REST,REST_BEFORE_NEXT_VISIT
25.65,123.84,16.43,46.21,895.18,70.5,REST_REQUIRED,REST_BEFORE_NEXT_VISIT
31.94,98.57,30.92,60.32,607.46,93.77,IMMEDIATE_REST,REST_BEFORE_NEXT_VISIT
28.64,61.72,8.46,51.37,1574.55,82.49,REST_REQUIRED,REST_BEFORE_NEXT_VISIT
21.06,127.0,2.72,136.91,510.16,47.5,CAUTION,REST_RECOMMENDED
30.58,108.67,32.79,67.2,1209.05,99.96,IMMEDIATE_REST,REST_BEFORE_NEXT_VISIT
28.62,62.13,31.8,48.84,1003.43,85.39,IMMEDIATE_REST,REST_BEFORE_NEXT_VISIT
25.2,19.34,22.56,57.3,1052.48,47.73,CAUTION,REST_RECOMMENDED
15.75,72.38,38.28,73.49,1131.57,41.32,CAUTION,REST_RECOMMENDED
25.77,56.21,37.1,104.19,1607.29,65.0,REST_RECOMMENDED,REST_RECOMMENDED
27.94,85.92,25.25,128.76,812.56,69.54,REST_RECOMMENDED,REST_BEFORE_NEXT_VISIT
21.38,72.84,18.91,121.77,2527.02,44.36,CAUTION,REST_RECOMMENDED
27.76,98.81,15.9,108.74,1942.41,79.05,REST_REQUIRED,REST_BEFORE_NEXT_VISIT
30.99,44.09,17.25,14.61,1997.59,63.0,REST_RECOMMENDED,REST_RECOMMENDED
25.4,46.14,33.97,82.09,1007.06,65.82,REST_RECOMMENDED,REST_RECOMMENDED
31.08,75.61,16.78,24.67,1520.98,73.35,REST_REQUIRED,REST_BEFORE_NEXT_VISIT
21.59,58.99,5.86,135.13,228.32,28.28,LOW,MOVABLE
22.92,87.92,44.29,48.31,492.54,42.88,CAUTION,REST_RECOMMENDED
30.07,64.82,6.49,82.79,426.92,73.86,REST_REQUIRED,REST_BEFORE_NEXT_VISIT
25.48,111.3,22.22,57.05,589.03,71.93,REST_REQUIRED,REST_BEFORE_NEXT_VISIT
24.17,19.14,19.45,149.38,578.6,33.17,CAUTION,MOVABLE
22.84,88.52,4.57,88.3,199.33,36.46,CAUTION,MOVABLE
30.08,92.48,33.1,44.77,330.84,88.97,IMMEDIATE_REST,REST_BEFORE_NEXT_VISIT
30.61,93.52,22.46,35.63,1777.4,90.58,IMMEDIATE_REST,REST_BEFORE_NEXT_VISIT
24.75,63.33,35.94,77.19,1152.75,56.0,REST_RECOMMENDED,REST_RECOMMENDED
22.27,81.84,25.28,13.22,1072.45,39.45,CAUTION,REST_RECOMMENDED
20.53,111.59,17.14,42.75,311.85,37.96,CAUTION,MOVABLE
31.65,41.14,17.51,81.95,939.32,72.98,REST_REQUIRED,REST_BEFORE_NEXT_VISIT
19.71,88.89,36.83,38.75,234.97,28.93,LOW,MOVABLE
32.6,56.12,14.23,119.69,1207.43,76.22,REST_REQUIRED,REST_BEFORE_NEXT_VISIT
28.27,93.99,28.7,61.02,1506.49,95.35,IMMEDIATE_REST,REST_BEFORE_NEXT_VISIT
19.81,101.6,47.99,9.76,246.67,37.72,CAUTION,MOVABLE
27.18,84.19,31.66,97.47,159.51,71.41,REST_REQUIRED,REST_BEFORE_NEXT_VISIT
24.82,70.5,15.99,37.14,1362.48,49.58,CAUTION,REST_RECOMMENDED
32.05,60.66,50.98,132.56,494.3,86.0,IMMEDIATE_REST,REST_BEFORE_NEXT_VISIT
19.46,40.54,5.48,53.95,51.18,8.0,LOW,MOVABLE
32.2,128.27,19.59,40.73,57.56,79.67,REST_REQUIRED,REST_BEFORE_NEXT_VISIT
27.46,147.02,31.85,54.55,662.99,82.78,REST_REQUIRED,REST_BEFORE_NEXT_VISIT
20.66,22.11,18.23,46.05,882.39,6.58,LOW,MOVABLE
18.39,41.77,4.29,38.68,541.08,15.75,LOW,MOVABLE
24.23,92.16,15.28,54.91,1296.78,62.78,REST_RECOMMENDED,REST_RECOMMENDED
23.3,46.17,13.75,80.73,640.02,39.91,CAUTION,REST_RECOMMENDED
31.33,89.17,10.98,78.04,744.36,82.0,REST_REQUIRED,REST_BEFORE_NEXT_VISIT
16.9,97.43,22.05,67.73,1030.63,44.28,CAUTION,REST_RECOMMENDED
16.2,19.87,34.1,43.5,869.86,13.69,LOW,MOVABLE
33.7,162.97,35.23,165.53,858.84,98.5,IMMEDIATE_REST,REST_BEFORE_NEXT_VISIT
27.21,83.08,4.78,99.4,710.95,64.65,REST_RECOMMENDED,REST_RECOMMENDED
31.78,32.78,8.06,11.03,1214.77,62.5,REST_RECOMMENDED,REST_RECOMMENDED
29.58,51.5,15.2,73.92,597.95,68.0,REST_RECOMMENDED,REST_RECOMMENDED
20.76,39.02,38.55,33.6,2288.62,23.0,LOW,MOVABLE
25.77,31.85,33.7,99.52,1691.13,65.89,REST_RECOMMENDED,REST_RECOMMENDED
31.39,88.44,27.22,151.71,794.27,88.79,IMMEDIATE_REST,REST_BEFORE_NEXT_VISIT
30.33,80.23,18.09,46.22,305.36,75.83,REST_REQUIRED,REST_BEFORE_NEXT_VISIT
18.46,52.8,11.72,56.45,1434.99,20.15,LOW,MOVABLE
27.55,75.36,46.27,62.25,550.8,70.68,REST_REQUIRED,REST_BEFORE_NEXT_VISIT
32.55,81.86,13.42,27.96,984.83,74.89,REST_REQUIRED,REST_BEFORE_NEXT_VISIT
28.34,81.41,11.9,20.03,998.02,77.63,REST_REQUIRED,REST_BEFORE_NEXT_VISIT
27.02,49.46,12.55,54.83,742.87,55.09,REST_RECOMMENDED,REST_RECOMMENDED
23.87,54.08,7.63,87.03,949.98,36.04,CAUTION,MOVABLE
20.22,70.95,34.3,117.27,440.37,39.37,CAUTION,REST_RECOMMENDED
23.05,32.66,38.47,102.37,1798.46,56.43,REST_RECOMMENDED,REST_RECOMMENDED
26.38,39.19,19.13,39.57,1590.32,54.76,REST_RECOMMENDED,REST_RECOMMENDED
31.05,18.09,31.1,103.24,1165.81,72.23,REST_REQUIRED,REST_BEFORE_NEXT_VISIT
27.09,124.85,10.38,88.6,1457.82,73.92,REST_REQUIRED,REST_BEFORE_NEXT_VISIT
17.24,67.96,10.71,104.87,340.85,29.0,LOW,MOVABLE
23.31,116.73,24.83,82.6,1282.46,62.93,REST_RECOMMENDED,REST_RECOMMENDED
29.03,24.42,11.22,133.38,235.55,64.2,REST_RECOMMENDED,REST_RECOMMENDED
22.58,58.3,15.89,27.4,340.0,21.01,LOW,MOVABLE
27.35,78.6,28.08,42.25,552.46,66.13,REST_RECOMMENDED,REST_RECOMMENDED
23.61,90.7,23.37,69.93,267.65,60.07,REST_RECOMMENDED,REST_RECOMMENDED
29.13,86.12,10.85,80.96,737.43,82.17,REST_REQUIRED,REST_BEFORE_NEXT_VISIT
28.52,52.95,9.85,64.45,1875.03,71.49,REST_REQUIRED,REST_BEFORE_NEXT_VISIT
19.91,58.63,18.64,164.39,1022.57,27.95,LOW,MOVABLE
24.59,126.12,7.96,68.45,155.72,49.41,CAUTION,REST_RECOMMENDED
27.51,73.15,28.38,16.85,1871.33,63.31,REST_RECOMMENDED,REST_RECOMMENDED
17.59,137.16,23.23,106.26,216.99,43.03,CAUTION,REST_RECOMMENDED
30.4,72.49,35.04,53.17,123.64,85.53,IMMEDIATE_REST,REST_BEFORE_NEXT_VISIT
24.89,49.13,19.75,60.07,1895.01,45.89,CAUTION,REST_RECOMMENDED
24.83,75.36,28.2,65.19,542.26,52.9,REST_RECOMMENDED,REST_RECOMMENDED
23.7,78.49,33.85,161.83,1515.95,60.69,REST_RECOMMENDED,REST_RECOMMENDED
33.34,5.01,15.45,92.29,222.58,65.03,REST_RECOMMENDED,REST_RECOMMENDED
24.97,45.67,22.83,101.94,1382.42,50.2,REST_RECOMMENDED,REST_RECOMMENDED
25.2,38.37,32.24,83.44,826.69,63.17,REST_RECOMMENDED,REST_RECOMMENDED
29.8,44.5,21.29,26.59,384.35,65.74,REST_RECOMMENDED,REST_RECOMMENDED
27.3,27.23,34.21,122.62,72.02,53.18,REST_RECOMMENDED,REST_RECOMMENDED
24.75,102.29,24.29,111.23,1058.25,64.4,REST_RECOMMENDED,REST_RECOMMENDED
25.46,66.52,13.02,115.32,95.42,67.98,REST_RECOMMENDED,REST_RECOMMENDED
22.45,40.28,7.79,40.36,989.97,24.87,LOW,MOVABLE
21.2,74.2,39.91,148.05,1000.2,50.09,REST_RECOMMENDED,REST_RECOMMENDED
27.26,35.5,7.59,21.56,922.31,46.29,CAUTION,REST_RECOMMENDED
18.75,135.06,8.81,32.26,1663.86,32.15,CAUTION,MOVABLE
31.8,33.38,24.25,120.02,734.41,77.77,REST_REQUIRED,REST_BEFORE_NEXT_VISIT
19.0,3.56,45.88,28.14,657.64,12.85,LOW,MOVABLE
20.88,39.2,17.37,19.02,1132.11,15.42,LOW,MOVABLE
26.47,39.72,39.95,143.63,374.69,64.24,REST_RECOMMENDED,REST_RECOMMENDED
27.49,5.53,16.29,21.11,1791.19,44.0,CAUTION,REST_RECOMMENDED
22.07,125.47,21.91,64.63,320.65,55.56,REST_RECOMMENDED,REST_RECOMMENDED
31.88,112.59,40.89,84.32,1398.9,94.81,IMMEDIATE_REST,REST_BEFORE_NEXT_VISIT
28.6,116.0,4.6,76.37,1269.3,84.0,REST_REQUIRED,REST_BEFORE_NEXT_VISIT
16.94,80.75,5.47,82.95,1618.91,27.43,LOW,MOVABLE
30.57,22.32,37.47,18.72,546.54,64.44,REST_RECOMMENDED,REST_RECOMMENDED
26.45,66.93,13.71,49.68,138.2,58.45,REST_RECOMMENDED,REST_RECOMMENDED
26.89,68.87,39.23,21.93,81.62,63.86,REST_RECOMMENDED,REST_RECOMMENDED
33.8,78.17,18.81,45.3,1911.21,75.0,REST_REQUIRED,REST_BEFORE_NEXT_VISIT
23.85,117.52,22.53,67.96,1747.39,67.52,REST_RECOMMENDED,REST_RECOMMENDED
34.03,44.89,36.39,39.59,649.76,76.06,REST_REQUIRED,REST_BEFORE_NEXT_VISIT
28.82,113.48,11.38,105.51,637.67,88.0,IMMEDIATE_REST,REST_BEFORE_NEXT_VISIT
27.5,106.69,51.42,50.41,434.81,72.0,REST_REQUIRED,REST_BEFORE_NEXT_VISIT
28.26,29.97,25.69,109.4,2021.39,72.29,REST_REQUIRED,REST_BEFORE_NEXT_VISIT
17.8,72.82,22.83,74.3,1326.4,36.55,CAUTION,MOVABLE
28.5,55.07,34.22,88.19,1485.42,83.61,REST_REQUIRED,REST_BEFORE_NEXT_VISIT
24.55,84.95,10.37,114.9,1691.71,58.93,REST_RECOMMENDED,REST_RECOMMENDED
31.68,146.84,1.85,14.14,1797.21,77.0,REST_REQUIRED,REST_BEFORE_NEXT_VISIT
27.42,33.44,11.3,111.93,1618.47,62.24,REST_RECOMMENDED,REST_RECOMMENDED
26.65,70.51,20.83,102.8,190.94,69.38,REST_RECOMMENDED,REST_BEFORE_NEXT_VISIT
28.97,23.29,27.68,65.71,1348.35,68.0,REST_RECOMMENDED,REST_RECOMMENDED
17.35,60.02,8.33,97.77,706.68,27.0,LOW,MOVABLE
29.79,98.05,25.16,87.87,190.1,86.0,IMMEDIATE_REST,REST_BEFORE_NEXT_VISIT
29.06,76.98,33.24,46.34,923.92,84.59,REST_REQUIRED,REST_BEFORE_NEXT_VISIT
23.6,117.21,41.23,73.77,1009.67,65.07,REST_RECOMMENDED,REST_RECOMMENDED
15.74,60.36,22.39,69.41,861.22,33.65,CAUTION,MOVABLE
32.71,31.9,16.35,147.72,369.93,76.87,REST_REQUIRED,REST_BEFORE_NEXT_VISIT
15.96,77.94,45.67,156.75,552.4,40.39,CAUTION,REST_RECOMMENDED
23.89,104.75,17.87,85.21,132.39,52.0,REST_RECOMMENDED,REST_RECOMMENDED
23.08,35.66,22.36,125.37,1521.19,51.51,REST_RECOMMENDED,REST_RECOMMENDED
28.03,88.92,17.58,86.8,1107.21,83.47,REST_REQUIRED,REST_BEFORE_NEXT_VISIT
18.31,79.89,4.29,104.14,503.41,33.3,CAUTION,MOVABLE
33.27,93.93,35.59,101.1,1548.0,100.0,IMMEDIATE_REST,REST_BEFORE_NEXT_VISIT
26.84,67.82,40.12,35.1,454.98,66.42,REST_RECOMMENDED,REST_RECOMMENDED
21.48,3.31,33.21,81.78,2419.21,35.02,CAUTION,MOVABLE
30.28,71.43,36.43,23.98,344.25,76.0,REST_REQUIRED,REST_BEFORE_NEXT_VISIT
28.98,79.46,25.25,92.51,845.43,85.87,IMMEDIATE_REST,REST_BEFORE_NEXT_VISIT
23.29,125.56,32.64,12.44,723.71,58.26,REST_RECOMMENDED,REST_RECOMMENDED
21.13,130.97,28.23,65.0,754.38,49.57,CAUTION,REST_RECOMMENDED
27.93,115.74,19.3,116.62,707.66,74.93,REST_REQUIRED,REST_BEFORE_NEXT_VISIT
25.45,54.02,27.75,22.31,641.23,50.0,REST_RECOMMENDED,REST_RECOMMENDED
27.57,93.01,35.32,58.74,1084.68,78.24,REST_REQUIRED,REST_BEFORE_NEXT_VISIT
28.91,87.59,15.05,35.66,1775.01,78.88,REST_REQUIRED,REST_BEFORE_NEXT_VISIT
34.49,93.04,30.14,86.65,643.26,92.0,IMMEDIATE_REST,REST_BEFORE_NEXT_VISIT
26.27,94.45,29.76,83.95,1368.25,76.21,REST_REQUIRED,REST_BEFORE_NEXT_VISIT
18.74,46.52,31.05,49.43,1777.47,26.99,LOW,MOVABLE
23.85,78.81,46.01,73.54,299.44,58.04,REST_RECOMMENDED,REST_RECOMMENDED
26.01,35.6,7.12,37.84,999.16,51.97,REST_RECOMMENDED,REST_RECOMMENDED
19.28,77.99,21.49,58.46,59.58,25.4,LOW,MOVABLE
19.62,117.21,25.49,91.99,1283.8,46.12,CAUTION,REST_RECOMMENDED
26.83,111.49,32.99,134.5,2290.49,82.4,REST_REQUIRED,REST_BEFORE_NEXT_VISIT
28.27,61.68,20.68,32.49,1051.03,79.0,REST_REQUIRED,REST_BEFORE_NEXT_VISIT
33.45,5.04,31.41,18.02,2005.5,67.01,REST_RECOMMENDED,REST_RECOMMENDED
21.44,83.59,4.05,119.2,853.93,38.61,CAUTION,MOVABLE
29.37,59.93,17.89,73.73,1759.05,70.0,REST_REQUIRED,REST_BEFORE_NEXT_VISIT
22.54,153.11,23.81,167.44,1810.29,61.96,REST_RECOMMENDED,REST_RECOMMENDED
31.26,143.79,39.35,85.67,1407.39,94.0,IMMEDIATE_REST,REST_BEFORE_NEXT_VISIT
31.32,15.63,46.49,59.38,487.3,64.23,REST_RECOMMENDED,REST_RECOMMENDED
22.73,107.55,13.44,115.13,684.39,55.35,REST_RECOMMENDED,REST_RECOMMENDED
16.94,94.07,30.19,47.95,678.95,44.35,CAUTION,REST_RECOMMENDED
23.37,99.23,25.27,102.2,1996.68,68.44,REST_RECOMMENDED,REST_RECOMMENDED
30.18,27.31,32.26,85.74,560.69,73.32,REST_REQUIRED,REST_BEFORE_NEXT_VISIT
25.38,43.96,39.93,77.51,455.94,59.83,REST_RECOMMENDED,REST_RECOMMENDED
24.64,24.27,46.1,93.7,64.71,37.89,CAUTION,MOVABLE
28.0,56.63,43.81,107.7,228.46,80.17,REST_REQUIRED,REST_BEFORE_NEXT_VISIT
27.92,22.83,42.4,72.14,2304.84,60.65,REST_RECOMMENDED,REST_RECOMMENDED
30.48,43.64,13.01,128.13,1906.98,80.86,REST_REQUIRED,REST_BEFORE_NEXT_VISIT
25.36,89.34,37.98,81.73,304.65,71.98,REST_REQUIRED,REST_BEFORE_NEXT_VISIT
25.06,128.83,44.63,73.14,820.74,79.39,REST_REQUIRED,REST_BEFORE_NEXT_VISIT
24.81,14.32,27.36,77.74,292.84,35.51,CAUTION,MOVABLE
16.96,79.5,28.84,123.29,1461.44,36.0,CAUTION,MOVABLE
21.73,33.73,6.65,99.03,474.81,28.43,LOW,MOVABLE
25.31,19.26,35.14,67.61,2286.73,54.35,REST_RECOMMENDED,REST_RECOMMENDED
25.11,128.06,29.52,46.73,1186.4,73.09,REST_REQUIRED,REST_BEFORE_NEXT_VISIT
15.98,42.47,28.91,125.2,1641.37,30.91,CAUTION,MOVABLE
30.97,49.54,17.97,132.99,1455.95,75.55,REST_REQUIRED,REST_BEFORE_NEXT_VISIT
23.7,82.17,22.67,95.47,1638.47,67.05,REST_RECOMMENDED,REST_RECOMMENDED
23.98,44.46,22.38,116.92,1016.83,52.12,REST_RECOMMENDED,REST_RECOMMENDED
20.84,19.08,24.35,54.73,480.5,14.13,LOW,MOVABLE
21.02,82.54,20.11,136.57,707.31,49.97,CAUTION,REST_RECOMMENDED
27.18,77.37,5.48,95.21,13.54,59.0,REST_RECOMMENDED,REST_RECOMMENDED
22.31,25.86,22.81,122.09,1621.38,30.49,CAUTION,MOVABLE
28.53,94.31,15.44,99.04,140.11,88.21,IMMEDIATE_REST,REST_BEFORE_NEXT_VISIT
32.53,44.65,2.81,68.45,387.47,64.69,REST_RECOMMENDED,REST_RECOMMENDED
21.86,81.71,10.72,83.08,223.65,35.93,CAUTION,MOVABLE
28.82,52.42,41.85,108.2,1061.97,87.39,IMMEDIATE_REST,REST_BEFORE_NEXT_VISIT
32.64,13.8,1.63,11.46,1902.39,52.65,REST_RECOMMENDED,REST_RECOMMENDED
26.32,56.76,37.97,64.2,2567.2,63.81,REST_RECOMMENDED,REST_RECOMMENDED
32.74,84.03,17.17,79.98,778.01,87.43,IMMEDIATE_REST,REST_BEFORE_NEXT_VISIT
24.38,41.34,11.09,104.86,265.9,45.58,CAUTION,REST_RECOMMENDED
27.62,10.78,33.61,101.56,713.73,61.88,REST_RECOMMENDED,REST_RECOMMENDED
28.05,57.5,45.96,125.76,819.05,80.98,REST_REQUIRED,REST_BEFORE_NEXT_VISIT
25.51,35.42,5.35,96.82,1892.71,55.0,REST_RECOMMENDED,REST_RECOMMENDED
29.87,49.61,35.96,36.58,1161.53,77.68,REST_REQUIRED,REST_BEFORE_NEXT_VISIT
30.46,49.35,30.81,116.47,1190.6,87.09,IMMEDIATE_REST,REST_BEFORE_NEXT_VISIT
17.24,60.58,12.15,63.74,515.09,28.47,LOW,MOVABLE
29.07,72.26,0.99,10.1,2280.11,69.0,REST_RECOMMENDED,REST_RECOMMENDED
21.3,88.59,47.07,120.49,35.0,47.58,CAUTION,REST_RECOMMENDED
31.94,130.12,28.85,91.33,1610.65,99.25,IMMEDIATE_REST,REST_BEFORE_NEXT_VISIT
31.78,132.08,41.37,19.17,247.21,84.87,REST_REQUIRED,REST_BEFORE_NEXT_VISIT
19.61,93.79,17.5,117.94,860.64,46.55,CAUTION,REST_RECOMMENDED
17.79,79.35,33.41,55.31,969.54,31.15,CAUTION,MOVABLE
19.32,74.74,44.5,70.49,1380.0,36.82,CAUTION,MOVABLE
22.94,55.87,22.38,29.43,617.05,29.02,LOW,MOVABLE
22.02,128.36,26.41,78.87,954.04,52.84,REST_RECOMMENDED,REST_RECOMMENDED
22.35,90.3,23.67,159.73,96.46,55.79,REST_RECOMMENDED,REST_RECOMMENDED
29.22,105.36,19.03,136.85,1713.53,92.08,IMMEDIATE_REST,REST_BEFORE_NEXT_VISIT
22.77,117.02,11.8,41.23,911.11,48.43,CAUTION,REST_RECOMMENDED
19.59,21.88,44.9,128.48,873.39,28.41,LOW,MOVABLE
30.61,36.71,9.34,51.8,361.8,61.99,REST_RECOMMENDED,REST_RECOMMENDED
23.22,156.93,32.75,40.99,693.82,64.57,REST_RECOMMENDED,REST_RECOMMENDED
28.34,115.3,9.7,121.84,173.9,90.79,IMMEDIATE_REST,REST_BEFORE_NEXT_VISIT
25.09,46.36,29.95,137.24,1105.6,69.47,REST_RECOMMENDED,REST_BEFORE_NEXT_VISIT
26.53,98.69,11.6,103.11,251.99,70.0,REST_REQUIRED,REST_BEFORE_NEXT_VISIT
17.06,38.27,20.05,114.35,714.61,27.42,LOW,MOVABLE
31.44,43.37,9.97,22.51,1847.49,62.67,REST_RECOMMENDED,REST_RECOMMENDED
19.94,66.51,38.41,23.44,335.32,27.68,LOW,MOVABLE
24.79,31.95,35.87,23.19,1815.09,40.82,CAUTION,REST_RECOMMENDED
23.55,16.52,21.84,70.85,1720.02,36.0,CAUTION,MOVABLE
18.66,43.31,17.46,122.27,879.46,25.96,LOW,MOVABLE
27.08,85.89,11.5,89.86,1042.79,65.39,REST_RECOMMENDED,REST_RECOMMENDED
26.08,33.33,46.28,44.1,973.52,57.77,REST_RECOMMENDED,REST_RECOMMENDED
27.34,48.44,39.59,101.16,241.83,66.21,REST_RECOMMENDED,REST_RECOMMENDED
30.71,121.39,22.22,78.76,197.47,91.21,IMMEDIATE_REST,REST_BEFORE_NEXT_VISIT
16.19,92.24,49.63,59.0,451.01,43.13,CAUTION,REST_RECOMMENDED
24.3,54.74,6.41,99.76,626.59,42.67,CAUTION,REST_RECOMMENDED
28.41,93.92,30.09,57.48,932.43,91.61,IMMEDIATE_REST,REST_BEFORE_NEXT_VISIT
18.12,117.84,17.72,54.45,1034.56,33.0,CAUTION,MOVABLE
15.22,25.02,15.54,80.75,1225.36,12.0,LOW,MOVABLE
33.41,124.08,22.9,40.95,714.29,88.16,IMMEDIATE_REST,REST_BEFORE_NEXT_VISIT
33.7,75.78,39.56,77.5,1082.3,86.0,IMMEDIATE_REST,REST_BEFORE_NEXT_VISIT
18.69,100.21,17.4,36.83,549.31,43.79,CAUTION,REST_RECOMMENDED
26.01,56.64,27.51,39.13,403.12,57.8,REST_RECOMMENDED,REST_RECOMMENDED
30.41,91.75,28.89,39.7,513.8,89.08,IMMEDIATE_REST,REST_BEFORE_NEXT_VISIT
25.93,103.6,11.7,43.98,1836.2,70.9,REST_REQUIRED,REST_BEFORE_NEXT_VISIT
20.62,76.33,29.21,60.19,470.24,36.66,CAUTION,MOVABLE
31.9,107.61,35.43,39.85,1106.83,96.23,IMMEDIATE_REST,REST_BEFORE_NEXT_VISIT
26.49,96.92,11.17,37.41,846.93,66.16,REST_RECOMMENDED,REST_RECOMMENDED
18.76,41.57,17.76,89.63,1177.0,27.56,LOW,MOVABLE
21.3,131.06,23.51,76.56,1637.22,51.0,REST_RECOMMENDED,REST_RECOMMENDED
31.48,103.89,6.47,44.2,696.26,78.0,REST_REQUIRED,REST_BEFORE_NEXT_VISIT
29.47,25.11,17.63,24.67,1021.55,59.86,REST_RECOMMENDED,REST_RECOMMENDED
30.26,134.0,17.23,32.65,816.63,81.0,REST_REQUIRED,REST_BEFORE_NEXT_VISIT
26.8,50.92,23.49,67.61,360.0,63.78,REST_RECOMMENDED,REST_RECOMMENDED
17.96,40.45,37.29,101.56,1771.62,34.0,CAUTION,MOVABLE
21.22,36.64,16.45,30.39,620.48,31.12,CAUTION,MOVABLE
26.76,90.81,10.64,38.15,497.93,65.0,REST_RECOMMENDED,REST_RECOMMENDED
33.44,138.58,25.4,65.34,808.72,93.81,IMMEDIATE_REST,REST_BEFORE_NEXT_VISIT
20.85,55.52,34.43,30.61,428.91,23.99,LOW,MOVABLE
30.53,67.11,16.97,84.69,690.2,77.05,REST_REQUIRED,REST_BEFORE_NEXT_VISIT
18.63,43.37,4.18,102.36,2166.46,24.41,LOW,MOVABLE
31.33,99.32,18.1,47.32,317.15,82.63,REST_REQUIRED,REST_BEFORE_NEXT_VISIT
31.6,130.29,33.56,32.55,356.48,87.53,IMMEDIATE_REST,REST_BEFORE_NEXT_VISIT
28.34,24.7,9.49,30.83,1195.15,59.01,REST_RECOMMENDED,REST_RECOMMENDED
29.89,136.94,31.18,20.87,1236.7,87.0,IMMEDIATE_REST,REST_BEFORE_NEXT_VISIT
26.29,111.72,22.98,163.96,1527.87,80.85,REST_REQUIRED,REST_BEFORE_NEXT_VISIT
23.49,19.92,36.66,76.86,266.54,36.1,CAUTION,MOVABLE
16.74,91.24,44.62,39.94,252.9,38.34,CAUTION,MOVABLE
28.9,73.45,27.09,33.13,1716.82,79.0,REST_REQUIRED,REST_BEFORE_NEXT_VISIT
26.15,140.82,38.01,128.37,479.36,81.11,REST_REQUIRED,REST_BEFORE_NEXT_VISIT
30.05,90.4,28.43,81.28,806.03,93.5,IMMEDIATE_REST,REST_BEFORE_NEXT_VISIT
32.66,24.29,6.56,96.6,2368.69,63.87,REST_RECOMMENDED,REST_RECOMMENDED
34.28,76.0,9.75,99.05,1354.85,81.88,REST_REQUIRED,REST_BEFORE_NEXT_VISIT
21.34,101.26,36.34,113.1,254.01,52.0,REST_RECOMMENDED,REST_RECOMMENDED
32.49,86.2,8.63,95.84,727.41,80.01,REST_REQUIRED,REST_BEFORE_NEXT_VISIT
25.87,110.21,30.57,152.4,109.96,84.68,REST_REQUIRED,REST_BEFORE_NEXT_VISIT
20.29,64.56,19.3,76.82,1841.6,29.0,LOW,MOVABLE
28.71,134.8,15.57,14.13,218.57,77.92,REST_REQUIRED,REST_BEFORE_NEXT_VISIT
23.86,76.21,23.51,92.18,1050.31,57.94,REST_RECOMMENDED,REST_RECOMMENDED
27.8,67.19,6.39,54.97,767.56,61.16,REST_RECOMMENDED,REST_RECOMMENDED
19.3,51.33,23.11,18.41,325.19,20.04,LOW,MOVABLE
30.94,6.0,20.54,30.75,1997.6,66.93,REST_RECOMMENDED,REST_RECOMMENDED
25.57,49.43,26.38,28.63,950.71,51.05,REST_RECOMMENDED,REST_RECOMMENDED
26.24,146.75,28.06,115.71,589.13,78.79,REST_REQUIRED,REST_BEFORE_NEXT_VISIT
24.36,68.64,35.73,87.86,649.49,61.41,REST_RECOMMENDED,REST_RECOMMENDED
26.58,77.69,40.72,124.9,900.66,75.75,REST_REQUIRED,REST_BEFORE_NEXT_VISIT
22.85,103.6,8.12,96.45,971.62,45.0,CAUTION,REST_RECOMMENDED
19.29,40.39,24.24,106.14,641.55,30.65,CAUTION,MOVABLE
17.26,29.7,20.94,111.88,1900.21,20.93,LOW,MOVABLE
21.3,43.13,8.08,82.74,725.51,25.66,LOW,MOVABLE
21.54,102.06,10.51,41.65,1070.85,43.0,CAUTION,REST_RECOMMENDED
25.07,69.8,7.07,140.44,178.23,61.79,REST_RECOMMENDED,REST_RECOMMENDED
27.8,26.56,34.35,102.05,761.29,57.73,REST_RECOMMENDED,REST_RECOMMENDED
19.07,123.0,23.8,37.13,395.95,35.87,CAUTION,MOVABLE
29.11,82.94,21.32,33.92,1145.6,83.75,REST_REQUIRED,REST_BEFORE_NEXT_VISIT
19.36,35.18,30.13,105.25,1283.81,30.0,CAUTION,MOVABLE
21.14,49.98,13.93,78.26,1864.72,30.0,CAUTION,MOVABLE
31.06,115.84,30.75,42.84,1553.82,97.44,IMMEDIATE_REST,REST_BEFORE_NEXT_VISIT
22.2,132.08,9.25,123.35,1406.97,48.61,CAUTION,REST_RECOMMENDED
20.08,76.09,47.0,123.66,1647.46,39.0,CAUTION,MOVABLE
19.18,46.95,13.16,109.1,212.54,20.36,LOW,MOVABLE
27.01,115.63,42.67,30.88,737.8,73.0,REST_REQUIRED,REST_BEFORE_NEXT_VISIT
34.53,94.99,30.86,112.72,238.31,100.0,IMMEDIATE_REST,REST_BEFORE_NEXT_VISIT
28.48,25.36,22.53,91.83,737.85,67.0,REST_RECOMMENDED,REST_RECOMMENDED
21.74,105.7,29.67,117.13,1389.19,58.31,REST_RECOMMENDED,REST_RECOMMENDED
23.92,96.49,49.24,149.07,1763.44,69.53,REST_RECOMMENDED,REST_BEFORE_NEXT_VISIT
31.68,36.9,30.9,79.19,745.27,79.43,REST_REQUIRED,REST_BEFORE_NEXT_VISIT
21.5,119.71,15.9,137.75,137.85,45.54,CAUTION,REST_RECOMMENDED
26.97,53.06,22.17,14.77,1537.19,55.99,REST_RECOMMENDED,REST_RECOMMENDED
27.75,76.13,22.2,40.3,1265.3,67.23,REST_RECOMMENDED,REST_RECOMMENDED
19.47,69.3,5.03,78.29,837.18,25.46,LOW,MOVABLE
19.19,43.46,37.39,128.98,2351.98,32.0,CAUTION,MOVABLE
29.28,20.74,23.68,51.87,457.64,63.07,REST_RECOMMENDED,REST_RECOMMENDED
25.8,61.95,21.84,135.54,835.03,73.07,REST_REQUIRED,REST_BEFORE_NEXT_VISIT
25.66,29.6,20.39,8.1,487.68,43.49,CAUTION,REST_RECOMMENDED
25.4,78.74,20.94,128.58,696.78,72.97,REST_REQUIRED,REST_BEFORE_NEXT_VISIT
26.66,74.3,1.63,83.72,165.92,60.73,REST_RECOMMENDED,REST_RECOMMENDED
22.55,143.76,36.42,77.76,2036.63,55.13,REST_RECOMMENDED,REST_RECOMMENDED
23.02,120.89,26.14,127.22,1166.03,64.1,REST_RECOMMENDED,REST_RECOMMENDED
27.81,57.17,15.5,73.54,1030.38,55.0,REST_RECOMMENDED,REST_RECOMMENDED
29.82,51.15,40.24,147.49,375.66,78.96,REST_REQUIRED,REST_BEFORE_NEXT_VISIT
16.7,31.18,31.21,110.65,776.28,33.64,CAUTION,MOVABLE
19.37,42.09,21.78,87.32,452.4,26.69,LOW,MOVABLE
27.86,81.76,34.18,69.01,1219.96,75.42,REST_REQUIRED,REST_BEFORE_NEXT_VISIT
24.84,92.17,36.57,6.42,912.78,55.0,REST_RECOMMENDED,REST_RECOMMENDED
19.88,81.26,21.3,121.17,819.61,39.0,CAUTION,MOVABLE
31.49,31.78,30.51,34.72,344.02,71.89,REST_REQUIRED,REST_BEFORE_NEXT_VISIT
17.52,92.95,29.69,37.53,1812.98,43.65,CAUTION,REST_RECOMMENDED
33.45,107.9,21.12,43.56,1641.51,90.17,IMMEDIATE_REST,REST_BEFORE_NEXT_VISIT
16.55,47.47,6.52,80.61,717.4,17.62,LOW,MOVABLE
22.42,105.27,37.19,47.15,1153.12,55.42,REST_RECOMMENDED,REST_RECOMMENDED
23.35,45.45,43.27,149.92,1299.92,55.92,REST_RECOMMENDED,REST_RECOMMENDED
31.11,148.47,32.83,110.31,1635.54,100.0,IMMEDIATE_REST,REST_BEFORE_NEXT_VISIT
22.73,51.24,26.01,102.87,680.18,40.56,CAUTION,REST_RECOMMENDED
16.56,9.85,11.38,80.21,1840.39,15.25,LOW,MOVABLE
29.25,95.8,17.82,145.47,1421.5,92.4,IMMEDIATE_REST,REST_BEFORE_NEXT_VISIT
26.57,14.69,9.64,68.25,2128.97,46.9,CAUTION,REST_RECOMMENDED
27.1,127.85,7.12,73.74,666.19,67.0,REST_RECOMMENDED,REST_RECOMMENDED
22.22,48.1,4.65,20.4,1219.69,20.13,LOW,MOVABLE
21.81,27.99,19.5,63.3,393.05,20.31,LOW,MOVABLE
28.63,40.82,29.17,69.77,103.05,75.05,REST_REQUIRED,REST_BEFORE_NEXT_VISIT
27.66,36.34,23.51,11.07,425.71,53.32,REST_RECOMMENDED,REST_RECOMMENDED
28.15,45.95,19.8,38.78,740.57,73.14,REST_REQUIRED,REST_BEFORE_NEXT_VISIT
18.42,40.53,8.61,105.43,413.76,20.81,LOW,MOVABLE
24.46,53.19,32.72,57.91,2308.67,43.0,CAUTION,REST_RECOMMENDED
26.85,19.64,27.22,79.61,2058.54,57.43,REST_RECOMMENDED,REST_RECOMMENDED
26.64,91.88,14.62,105.98,481.75,78.55,REST_REQUIRED,REST_BEFORE_NEXT_VISIT
31.12,18.88,3.33,129.57,905.35,64.72,REST_RECOMMENDED,REST_RECOMMENDED
18.96,124.33,34.7,92.3,1010.4,48.87,CAUTION,REST_RECOMMENDED
30.92,120.16,45.88,86.8,1187.41,100.0,IMMEDIATE_REST,REST_BEFORE_NEXT_VISIT
32.56,76.88,19.71,99.96,165.07,82.66,REST_REQUIRED,REST_BEFORE_NEXT_VISIT
28.05,14.99,9.71,38.26,979.27,53.0,REST_RECOMMENDED,REST_RECOMMENDED
25.26,32.08,15.22,65.44,1884.46,63.2,REST_RECOMMENDED,REST_RECOMMENDED
27.56,32.95,12.59,43.44,749.98,53.76,REST_RECOMMENDED,REST_RECOMMENDED
27.65,108.34,26.71,35.43,769.85,70.0,REST_REQUIRED,REST_BEFORE_NEXT_VISIT
26.52,80.0,10.53,106.88,1574.78,74.07,REST_REQUIRED,REST_BEFORE_NEXT_VISIT
31.17,27.87,34.91,119.03,316.88,75.77,REST_REQUIRED,REST_BEFORE_NEXT_VISIT
23.66,16.1,13.39,119.73,1444.52,37.87,CAUTION,MOVABLE
29.61,59.22,15.15,134.07,308.97,71.78,REST_REQUIRED,REST_BEFORE_NEXT_VISIT
30.28,46.27,39.98,74.81,182.57,76.75,REST_REQUIRED,REST_BEFORE_NEXT_VISIT
21.75,126.75,35.68,166.68,1108.08,60.22,REST_RECOMMENDED,REST_RECOMMENDED
29.76,96.85,13.23,48.25,914.43,90.49,IMMEDIATE_REST,REST_BEFORE_NEXT_VISIT
24.55,161.96,13.86,124.88,115.97,59.12,REST_RECOMMENDED,REST_RECOMMENDED
25.6,133.86,19.54,105.59,1303.61,75.0,REST_REQUIRED,REST_BEFORE_NEXT_VISIT
22.33,51.7,49.72,112.64,263.4,36.38,CAUTION,MOVABLE
24.09,49.98,25.52,68.53,1068.7,44.0,CAUTION,REST_RECOMMENDED
21.78,141.06,46.07,61.95,1014.1,55.86,REST_RECOMMENDED,REST_RECOMMENDED
33.19,65.87,10.58,57.53,674.85,81.12,REST_REQUIRED,REST_BEFORE_NEXT_VISIT
15.59,22.48,24.52,44.42,2175.28,14.64,LOW,MOVABLE
26.54,83.07,32.72,66.93,775.96,71.83,REST_REQUIRED,REST_BEFORE_NEXT_VISIT
25.76,136.62,29.21,60.41,1088.23,78.44,REST_REQUIRED,REST_BEFORE_NEXT_VISIT
33.97,30.1,25.88,87.96,285.06,75.06,REST_REQUIRED,REST_BEFORE_NEXT_VISIT
28.02,88.49,40.08,62.69,716.73,84.0,REST_REQUIRED,REST_BEFORE_NEXT_VISIT
18.46,80.43,41.98,111.99,513.45,44.15,CAUTION,REST_RECOMMENDED
29.82,11.43,22.92,110.21,898.9,72.58,REST_REQUIRED,REST_BEFORE_NEXT_VISIT
23.22,87.95,37.25,137.31,279.22,61.4,REST_RECOMMENDED,REST_RECOMMENDED
20.02,17.79,32.5,145.52,1896.73,23.69,LOW,MOVABLE
16.11,74.78,15.55,30.14,794.45,28.57,LOW,MOVABLE
26.67,55.86,55.6,51.95,1830.2,61.98,REST_RECOMMENDED,REST_RECOMMENDED
29.98,127.52,14.13,75.41,1676.71,90.46,IMMEDIATE_REST,REST_BEFORE_NEXT_VISIT
32.01,33.69,39.55,44.03,634.05,73.97,REST_REQUIRED,REST_BEFORE_NEXT_VISIT
22.32,66.77,10.88,114.37,856.29,43.71,CAUTION,REST_RECOMMENDED
22.03,102.83,17.97,85.96,1542.36,50.61,REST_RECOMMENDED,REST_RECOMMENDED
19.06,19.83,4.1,80.45,857.12,7.0,LOW,MOVABLE
31.7,93.81,14.26,113.98,752.73,89.17,IMMEDIATE_REST,REST_BEFORE_NEXT_VISIT
26.13,51.08,21.7,57.92,1025.0,58.53,REST_RECOMMENDED,REST_RECOMMENDED
19.72,137.15,20.54,43.27,520.14,36.06,CAUTION,MOVABLE
24.19,34.81,33.65,96.59,1464.82,59.42,REST_RECOMMENDED,REST_RECOMMENDED
19.47,43.13,12.36,65.81,1596.89,22.62,LOW,MOVABLE
28.08,9.84,17.11,70.93,1034.18,70.43,REST_REQUIRED,REST_BEFORE_NEXT_VISIT
24.22,26.22,31.12,94.35,1382.62,50.0,REST_RECOMMENDED,REST_RECOMMENDED
31.62,138.72,19.11,113.52,1855.65,93.5,IMMEDIATE_REST,REST_BEFORE_NEXT_VISIT
32.05,13.09,22.89,140.15,1620.44,73.13,REST_REQUIRED,REST_BEFORE_NEXT_VISIT
23.64,94.56,11.97,39.62,1476.73,54.57,REST_RECOMMENDED,REST_RECOMMENDED
24.33,2.72,9.24,133.24,439.71,30.56,CAUTION,MOVABLE
26.59,90.74,1.41,49.03,109.31,62.13,REST_RECOMMENDED,REST_RECOMMENDED
25.94,97.48,5.74,103.27,1007.23,77.58,REST_REQUIRED,REST_BEFORE_NEXT_VISIT
26.58,6.21,35.69,117.75,52.46,53.83,REST_RECOMMENDED,REST_RECOMMENDED
26.28,47.44,37.07,60.52,499.3,59.0,REST_RECOMMENDED,REST_RECOMMENDED
20.56,9.6,25.12,103.13,2156.49,26.49,LOW,MOVABLE
24.72,35.77,14.36,134.66,453.96,43.7,CAUTION,REST_RECOMMENDED
31.51,64.25,3.36,68.7,877.25,74.33,REST_REQUIRED,REST_BEFORE_NEXT_VISIT
21.3,41.71,37.04,22.59,1980.1,30.0,CAUTION,MOVABLE
30.04,93.85,19.36,83.57,1373.98,92.7,IMMEDIATE_REST,REST_BEFORE_NEXT_VISIT
16.89,37.03,41.83,44.03,1710.99,26.67,LOW,MOVABLE
23.72,104.12,10.83,38.75,1155.87,58.26,REST_RECOMMENDED,REST_RECOMMENDED
21.08,88.12,25.28,76.5,1593.06,45.28,CAUTION,REST_RECOMMENDED
15.76,6.69,8.4,59.3,1193.93,5.44,LOW,MOVABLE
28.43,159.79,15.26,130.81,377.61,88.48,IMMEDIATE_REST,REST_BEFORE_NEXT_VISIT
28.13,94.57,44.84,100.05,349.72,99.22,IMMEDIATE_REST,REST_BEFORE_NEXT_VISIT
31.14,56.0,22.0,108.14,798.43,78.39,REST_REQUIRED,REST_BEFORE_NEXT_VISIT
24.65,86.27,35.88,37.94,1051.65,53.06,REST_RECOMMENDED,REST_RECOMMENDED
29.69,105.48,16.96,51.85,1022.2,87.06,IMMEDIATE_REST,REST_BEFORE_NEXT_VISIT
27.97,59.82,50.56,37.38,829.13,56.0,REST_RECOMMENDED,REST_RECOMMENDED
20.64,57.77,42.65,17.6,1299.53,22.58,LOW,MOVABLE
31.26,92.74,20.35,83.23,1382.13,91.75,IMMEDIATE_REST,REST_BEFORE_NEXT_VISIT
31.44,45.89,13.8,112.66,2162.07,80.96,REST_REQUIRED,REST_BEFORE_NEXT_VISIT
18.13,109.32,11.59,53.63,725.57,32.35,CAUTION,MOVABLE
16.14,64.49,20.31,71.87,1423.51,43.03,CAUTION,REST_RECOMMENDED
